flyTime,localTime,windSpeed
0.0,5:57:48.91 PM,0.0
0.1,5:57:49.01 PM,0.0
0.2,5:57:49.11 PM,0.0
0.3,5:57:49.21 PM,0.0
0.4,5:57:49.32 PM,0.0
0.5,5:57:49.42 PM,0.0
0.6,5:57:49.52 PM,0.0
0.7,5:57:49.60 PM,0.0
0.8,5:57:49.73 PM,0.0
0.9,5:57:49.83 PM,0.0
1.0,5:57:49.90 PM,0.0
1.1,5:57:50.03 PM,0.0
1.2,5:57:50.10 PM,0.0
1.3,5:57:50.20 PM,0.0
1.4,5:57:50.30 PM,0.0
1.5,5:57:50.40 PM,0.0
1.6,5:57:50.50 PM,0.0
1.7,5:57:50.60 PM,0.0
1.8,5:57:50.70 PM,0.0
1.9,5:57:50.80 PM,0.0
2.0,5:57:50.90 PM,0.0
2.1,5:57:50.96 PM,0.0
2.2,5:57:51.06 PM,0.0
2.3,5:57:51.16 PM,0.0
2.4,5:57:51.27 PM,0.0
2.5,5:57:51.37 PM,0.0
2.6,5:57:51.47 PM,0.0
2.7,5:57:51.57 PM,0.0
2.8,5:57:51.67 PM,0.0
2.9,5:57:51.80 PM,0.0
3.0,5:57:51.88 PM,0.0
3.1,5:57:51.98 PM,0.0
3.2,5:57:52.08 PM,0.0
3.3,5:57:52.19 PM,0.0
3.4,5:57:52.30 PM,0.0
3.5,5:57:52.40 PM,0.0
3.6,5:57:52.50 PM,0.0
3.7,5:57:52.60 PM,0.0
3.8,5:57:52.71 PM,0.0
3.9,5:57:52.81 PM,0.0
4.0,5:57:52.91 PM,0.0
4.1,5:57:53.01 PM,0.0
4.2,5:57:53.12 PM,0.0
4.3,5:57:53.22 PM,0.0
4.4,5:57:53.32 PM,0.0
4.5,5:57:53.42 PM,0.0
4.6,5:57:53.53 PM,0.0
4.7,5:57:53.63 PM,0.0
4.8,5:57:53.73 PM,0.0
4.9,5:57:53.80 PM,0.0
5.0,5:57:53.94 PM,0.0
5.1,5:57:54.00 PM,0.0
5.2,5:57:54.10 PM,0.0
5.3,5:57:54.20 PM,0.0
5.4,5:57:54.30 PM,0.0
5.5,5:57:54.40 PM,0.0
5.6,5:57:54.50 PM,0.0
5.7,5:57:54.60 PM,0.0
5.8,5:57:54.66 PM,0.0
5.9,5:57:54.76 PM,0.0
6.0,5:57:54.86 PM,0.0
6.1,5:57:55.00 PM,0.0
6.2,5:57:55.07 PM,0.0
6.3,5:57:55.17 PM,0.0
6.4,5:57:55.28 PM,0.0
6.5,5:57:55.38 PM,0.0
6.6,5:57:55.48 PM,0.0
6.7,5:57:55.59 PM,0.0
6.8,5:57:55.69 PM,0.0
6.9,5:57:55.79 PM,0.0
7.0,5:57:55.90 PM,0.0
7.1,5:57:56.00 PM,0.0
7.2,5:57:56.10 PM,0.0
7.3,5:57:56.20 PM,0.0
7.4,5:57:56.31 PM,0.0
7.5,5:57:56.41 PM,0.0
7.6,5:57:56.51 PM,0.0
7.7,5:57:56.62 PM,0.0
7.8,5:57:56.72 PM,0.0
7.9,5:57:56.82 PM,0.0
8.0,5:57:56.92 PM,0.0
8.1,5:57:57.03 PM,0.0
8.2,5:57:57.13 PM,0.0
8.3,5:57:57.23 PM,0.0
8.4,5:57:57.33 PM,0.0
8.5,5:57:57.40 PM,0.0
8.6,5:57:57.50 PM,0.0
8.7,5:57:57.60 PM,0.0
8.8,5:57:57.70 PM,0.0
8.9,5:57:57.80 PM,0.0
9.0,5:57:57.90 PM,0.0
9.1,5:57:58.00 PM,0.0
9.2,5:57:58.10 PM,0.0
9.3,5:57:58.17 PM,0.0
9.4,5:57:58.30 PM,0.0
9.5,5:57:58.37 PM,0.0983488
9.6,5:57:58.47 PM,0.0983488
9.7,5:57:58.58 PM,0.0983488
9.8,5:57:58.68 PM,0.0983488
9.9,5:57:58.78 PM,0.0983488
10.0,5:57:58.89 PM,0.0983488
10.1,5:57:58.99 PM,0.0983488
10.2,5:57:59.09 PM,0.0983488
10.3,5:57:59.20 PM,0.0983488
10.4,5:57:59.30 PM,0.0983488
10.5,5:57:59.40 PM,0.0983488
10.6,5:57:59.50 PM,0.0983488
10.7,5:57:59.61 PM,0.0983488
10.8,5:57:59.71 PM,0.0983488
10.9,5:57:59.81 PM,0.0983488
11.0,5:57:59.92 PM,0.0983488
11.1,5:58:00.02 PM,0.0983488
11.2,5:58:00.12 PM,0.0983488
11.3,5:58:00.22 PM,0.0983488
11.4,5:58:00.32 PM,0.0983488
11.5,5:58:00.42 PM,0.0983488
11.6,5:58:00.53 PM,0.0983488
11.7,5:58:00.63 PM,0.0983488
11.8,5:58:00.73 PM,0.0983488
11.9,5:58:00.84 PM,0.0983488
12.0,5:58:00.94 PM,0.1966976
12.1,5:58:01.00 PM,0.1966976
12.2,5:58:01.10 PM,0.1966976
12.3,5:58:01.20 PM,0.1966976
12.4,5:58:01.30 PM,0.1966976
12.5,5:58:01.40 PM,0.1966976
12.6,5:58:01.50 PM,0.1966976
12.7,5:58:01.56 PM,0.1966976
12.8,5:58:01.70 PM,0.1966976
12.9,5:58:01.76 PM,0.1966976
13.0,5:58:01.87 PM,0.1966976
13.1,5:58:01.97 PM,0.2995168
13.2,5:58:02.07 PM,0.2995168
13.3,5:58:02.18 PM,0.2995168
13.4,5:58:02.28 PM,0.2995168
13.5,5:58:02.38 PM,0.2995168
13.6,5:58:02.49 PM,0.2995168
13.7,5:58:02.59 PM,0.2995168
13.8,5:58:02.70 PM,0.2995168
13.9,5:58:02.80 PM,0.2995168
14.0,5:58:02.91 PM,0.2995168
14.1,5:58:03.01 PM,0.2995168
14.2,5:58:03.11 PM,0.2995168
14.3,5:58:03.21 PM,0.2995168
14.4,5:58:03.31 PM,0.2995168
14.5,5:58:03.42 PM,0.2995168
14.6,5:58:03.52 PM,0.2995168
14.7,5:58:03.63 PM,0.2995168
14.8,5:58:03.73 PM,0.2995168
14.9,5:58:03.83 PM,0.2995168
15.0,5:58:03.90 PM,0.2995168
15.1,5:58:04.00 PM,0.2995168
15.2,5:58:04.10 PM,0.2995168
15.3,5:58:04.20 PM,0.2995168
15.4,5:58:04.30 PM,0.2995168
15.5,5:58:04.40 PM,0.2995168
15.6,5:58:04.50 PM,0.2995168
15.7,5:58:04.60 PM,0.2995168
15.8,5:58:04.70 PM,0.2995168
15.9,5:58:04.77 PM,0.2995168
16.0,5:58:04.90 PM,0.2995168
16.1,5:58:04.97 PM,0.2995168
16.2,5:58:05.07 PM,0.2995168
16.3,5:58:05.18 PM,0.2995168
16.4,5:58:05.28 PM,0.2995168
16.5,5:58:05.39 PM,0.2995168
16.6,5:58:05.49 PM,0.2995168
16.7,5:58:05.59 PM,0.2995168
16.8,5:58:05.69 PM,0.2995168
16.9,5:58:05.80 PM,0.3978656
17.0,5:58:05.90 PM,0.3978656
17.1,5:58:06.00 PM,0.3978656
17.2,5:58:06.11 PM,0.3978656
17.3,5:58:06.21 PM,0.3978656
17.4,5:58:06.31 PM,0.3978656
17.5,5:58:06.42 PM,0.3978656
17.6,5:58:06.52 PM,0.3978656
17.7,5:58:06.62 PM,0.3978656
17.8,5:58:06.72 PM,0.3978656
17.9,5:58:06.83 PM,0.3978656
18.0,5:58:06.93 PM,0.3978656
18.1,5:58:07.03 PM,0.3978656
18.2,5:58:07.13 PM,0.3978656
18.3,5:58:07.20 PM,0.3978656
18.4,5:58:07.30 PM,0.49621440000000006
18.5,5:58:07.40 PM,0.49621440000000006
18.6,5:58:07.50 PM,0.49621440000000006
18.7,5:58:07.60 PM,0.49621440000000006
18.8,5:58:07.70 PM,0.49621440000000006
18.9,5:58:07.80 PM,0.49621440000000006
19.0,5:58:07.90 PM,0.49621440000000006
19.1,5:58:08.00 PM,0.49621440000000006
19.2,5:58:08.10 PM,0.49621440000000006
19.3,5:58:08.16 PM,0.49621440000000006
19.4,5:58:08.26 PM,0.49621440000000006
19.5,5:58:08.37 PM,0.49621440000000006
19.6,5:58:08.47 PM,0.49621440000000006
19.7,5:58:08.57 PM,0.49621440000000006
19.8,5:58:08.68 PM,0.49621440000000006
19.9,5:58:08.78 PM,0.49621440000000006
20.0,5:58:08.88 PM,0.49621440000000006
20.1,5:58:08.98 PM,0.49621440000000006
20.2,5:58:09.09 PM,0.49621440000000006
20.3,5:58:09.19 PM,0.49621440000000006
20.4,5:58:09.29 PM,0.49621440000000006
20.5,5:58:09.39 PM,0.49621440000000006
20.6,5:58:09.50 PM,0.49621440000000006
20.7,5:58:09.60 PM,0.49621440000000006
20.8,5:58:09.70 PM,0.49621440000000006
20.9,5:58:09.81 PM,0.5990336
21.0,5:58:09.91 PM,0.5990336
21.1,5:58:10.01 PM,0.5990336
21.2,5:58:10.12 PM,0.5990336
21.3,5:58:10.22 PM,0.5990336
21.4,5:58:10.32 PM,0.5990336
21.5,5:58:10.43 PM,0.5990336
21.6,5:58:10.53 PM,0.5990336
21.7,5:58:10.63 PM,0.5990336
21.8,5:58:10.73 PM,0.5990336
21.9,5:58:10.83 PM,0.5990336
22.0,5:58:10.90 PM,0.49621440000000006
22.1,5:58:11.04 PM,0.49621440000000006
22.2,5:58:11.10 PM,0.49621440000000006
22.3,5:58:11.20 PM,0.49621440000000006
22.4,5:58:11.30 PM,0.49621440000000006
22.5,5:58:11.40 PM,0.49621440000000006
22.6,5:58:11.50 PM,0.49621440000000006
22.7,5:58:11.60 PM,0.49621440000000006
22.8,5:58:11.70 PM,0.49621440000000006
22.9,5:58:11.76 PM,0.49621440000000006
23.0,5:58:11.86 PM,0.49621440000000006
23.1,5:58:12.00 PM,0.49621440000000006
23.2,5:58:12.07 PM,0.49621440000000006
23.3,5:58:12.17 PM,0.49621440000000006
23.4,5:58:12.28 PM,0.49621440000000006
23.5,5:58:12.38 PM,0.49621440000000006
23.6,5:58:12.49 PM,0.49621440000000006
23.7,5:58:12.59 PM,0.49621440000000006
23.8,5:58:12.70 PM,0.49621440000000006
23.9,5:58:12.80 PM,0.49621440000000006
24.0,5:58:12.90 PM,0.49621440000000006
24.1,5:58:13.00 PM,0.3978656
24.2,5:58:13.10 PM,0.3978656
24.3,5:58:13.21 PM,0.3978656
24.4,5:58:13.31 PM,0.3978656
24.5,5:58:13.41 PM,0.3978656
24.6,5:58:13.52 PM,0.3978656
24.7,5:58:13.62 PM,0.3978656
24.8,5:58:13.72 PM,0.3978656
24.9,5:58:13.83 PM,0.3978656
25.0,5:58:13.93 PM,0.3978656
25.1,5:58:14.00 PM,0.3978656
25.2,5:58:14.10 PM,0.3978656
25.3,5:58:14.20 PM,0.3978656
25.4,5:58:14.30 PM,0.3978656
25.5,5:58:14.40 PM,0.3978656
25.6,5:58:14.50 PM,0.3978656
25.7,5:58:14.60 PM,0.3978656
25.8,5:58:14.67 PM,0.3978656
25.9,5:58:14.77 PM,0.3978656
26.0,5:58:14.87 PM,0.3978656
26.1,5:58:14.97 PM,0.3978656
26.2,5:58:15.07 PM,0.3978656
26.3,5:58:15.17 PM,0.3978656
26.4,5:58:15.30 PM,0.3978656
26.5,5:58:15.38 PM,0.3978656
26.6,5:58:15.48 PM,0.3978656
26.7,5:58:15.59 PM,0.3978656
26.8,5:58:15.69 PM,0.3978656
26.9,5:58:15.79 PM,0.3978656
27.0,5:58:15.89 PM,0.2995168
27.1,5:58:16.00 PM,0.2995168
27.2,5:58:16.10 PM,0.2995168
27.3,5:58:16.20 PM,0.2995168
27.4,5:58:16.31 PM,0.2995168
27.5,5:58:16.41 PM,0.2995168
27.6,5:58:16.51 PM,0.2995168
27.7,5:58:16.62 PM,0.2995168
27.8,5:58:16.73 PM,0.2995168
27.9,5:58:16.83 PM,0.2995168
28.0,5:58:16.93 PM,0.2995168
28.1,5:58:17.03 PM,0.2995168
28.2,5:58:17.13 PM,0.2995168
28.3,5:58:17.24 PM,0.2995168
28.4,5:58:17.34 PM,0.2995168
28.5,5:58:17.40 PM,0.2995168
28.6,5:58:17.50 PM,0.2995168
28.7,5:58:17.60 PM,0.2995168
28.8,5:58:17.70 PM,0.2995168
28.9,5:58:17.80 PM,0.1966976
29.0,5:58:17.90 PM,0.1966976
29.1,5:58:17.97 PM,0.1966976
29.2,5:58:18.10 PM,0.1966976
29.3,5:58:18.16 PM,0.1966976
29.4,5:58:18.30 PM,0.1966976
29.5,5:58:18.40 PM,0.1966976
29.6,5:58:18.47 PM,0.1966976
29.7,5:58:18.57 PM,0.1966976
29.8,5:58:18.67 PM,0.1966976
29.9,5:58:18.80 PM,0.1966976
30.0,5:58:18.88 PM,0.1966976
30.1,5:58:18.98 PM,0.1966976
30.2,5:58:19.09 PM,0.1966976
30.3,5:58:19.19 PM,0.1966976
30.4,5:58:19.30 PM,0.1966976
30.5,5:58:19.41 PM,0.1966976
30.6,5:58:19.51 PM,0.1966976
30.7,5:58:19.61 PM,0.1966976
30.8,5:58:19.71 PM,0.0983488
30.9,5:58:19.82 PM,0.0983488
31.0,5:58:19.92 PM,0.0983488
31.1,5:58:20.02 PM,0.1966976
31.2,5:58:20.13 PM,0.1966976
31.3,5:58:20.23 PM,0.1966976
31.4,5:58:20.33 PM,0.1966976
31.5,5:58:20.43 PM,0.1966976
31.6,5:58:20.54 PM,0.1966976
31.7,5:58:20.60 PM,0.1966976
31.8,5:58:20.70 PM,0.1966976
31.9,5:58:20.80 PM,0.1966976
32.0,5:58:20.90 PM,0.1966976
32.1,5:58:21.00 PM,0.1966976
32.2,5:58:21.10 PM,0.0983488
32.3,5:58:21.20 PM,0.0983488
32.4,5:58:21.30 PM,0.0983488
32.5,5:58:21.40 PM,0.0983488
32.6,5:58:21.46 PM,0.0983488
32.7,5:58:21.56 PM,0.0983488
32.8,5:58:21.66 PM,0.0983488
32.9,5:58:21.80 PM,0.0983488
33.0,5:58:21.87 PM,0.0983488
33.1,5:58:22.00 PM,0.0983488
33.2,5:58:22.07 PM,0.0983488
33.3,5:58:22.18 PM,0.0983488
33.4,5:58:22.28 PM,0.0983488
33.5,5:58:22.39 PM,0.1966976
33.6,5:58:22.49 PM,0.1966976
33.7,5:58:22.59 PM,0.1966976
33.8,5:58:22.69 PM,0.1966976
33.9,5:58:22.79 PM,0.1966976
34.0,5:58:22.89 PM,0.1966976
34.1,5:58:23.00 PM,0.1966976
34.2,5:58:23.10 PM,0.1966976
34.3,5:58:23.21 PM,0.1966976
34.4,5:58:23.31 PM,0.1966976
34.5,5:58:23.41 PM,0.1966976
34.6,5:58:23.51 PM,0.1966976
34.7,5:58:23.61 PM,0.1966976
34.8,5:58:23.72 PM,0.1966976
34.9,5:58:23.82 PM,0.1966976
35.0,5:58:23.92 PM,0.1966976
35.1,5:58:24.02 PM,0.1966976
35.2,5:58:24.13 PM,0.1966976
35.3,5:58:24.23 PM,0.0983488
35.4,5:58:24.33 PM,0.0983488
35.5,5:58:24.40 PM,0.0983488
35.6,5:58:24.50 PM,0.0983488
35.7,5:58:24.60 PM,0.0983488
35.8,5:58:24.70 PM,0.0983488
35.9,5:58:24.80 PM,0.0983488
36.0,5:58:24.90 PM,0.0983488
36.1,5:58:25.00 PM,0.0983488
36.2,5:58:25.10 PM,0.0983488
36.3,5:58:25.20 PM,0.0
36.4,5:58:25.26 PM,0.0
36.5,5:58:25.36 PM,0.0
36.6,5:58:25.50 PM,0.0
36.7,5:58:25.57 PM,0.0
36.8,5:58:25.67 PM,0.0
36.9,5:58:25.80 PM,0.0
37.0,5:58:25.88 PM,0.0
37.1,5:58:26.00 PM,0.0
37.2,5:58:26.08 PM,0.0
37.3,5:58:26.18 PM,0.0
37.4,5:58:26.29 PM,0.0
37.5,5:58:26.39 PM,0.0
37.6,5:58:26.49 PM,0.0
37.7,5:58:26.60 PM,0.0
37.8,5:58:26.70 PM,0.0983488
37.9,5:58:26.80 PM,0.0983488
38.0,5:58:26.91 PM,0.0983488
38.1,5:58:27.01 PM,0.0983488
38.2,5:58:27.11 PM,0.0983488
38.3,5:58:27.22 PM,0.0983488
38.4,5:58:27.32 PM,0.0
38.5,5:58:27.42 PM,0.0
38.6,5:58:27.53 PM,0.0
38.7,5:58:27.63 PM,0.0
38.8,5:58:27.73 PM,0.0
38.9,5:58:27.83 PM,0.0
39.0,5:58:27.93 PM,0.0
39.1,5:58:28.04 PM,0.0
39.2,5:58:28.10 PM,0.0
39.3,5:58:28.20 PM,0.0
39.4,5:58:28.30 PM,0.0
39.5,5:58:28.40 PM,0.0
39.6,5:58:28.50 PM,0.0
39.7,5:58:28.60 PM,0.0
39.8,5:58:28.70 PM,0.0
39.9,5:58:28.80 PM,0.0
40.0,5:58:28.90 PM,0.0
40.1,5:58:29.00 PM,0.0
40.2,5:58:29.06 PM,0.0
40.3,5:58:29.20 PM,0.0
40.4,5:58:29.30 PM,0.0
40.5,5:58:29.37 PM,0.0
40.6,5:58:29.50 PM,0.0
40.7,5:58:29.60 PM,0.0
40.8,5:58:29.68 PM,0.0
40.9,5:58:29.78 PM,0.0
41.0,5:58:29.88 PM,0.0
41.1,5:58:29.98 PM,0.0
41.2,5:58:30.08 PM,0.0
41.3,5:58:30.19 PM,0.0
41.4,5:58:30.29 PM,0.0
41.5,5:58:30.40 PM,0.0
41.6,5:58:30.50 PM,0.0
41.7,5:58:30.60 PM,0.0
41.8,5:58:30.70 PM,0.0
41.9,5:58:30.80 PM,0.0
42.0,5:58:30.91 PM,0.0
42.1,5:58:31.02 PM,0.0
42.2,5:58:31.12 PM,0.0
42.3,5:58:31.23 PM,0.0
42.4,5:58:31.33 PM,0.0
42.5,5:58:31.43 PM,0.0
42.6,5:58:31.50 PM,0.0
42.7,5:58:31.60 PM,0.0
42.8,5:58:31.70 PM,0.0
42.9,5:58:31.80 PM,0.0
43.0,5:58:31.90 PM,0.0
43.1,5:58:32.00 PM,0.0
43.2,5:58:32.10 PM,0.0
43.3,5:58:32.20 PM,0.0
43.4,5:58:32.30 PM,0.0
43.5,5:58:32.40 PM,0.0
43.6,5:58:32.50 PM,0.0
43.7,5:58:32.56 PM,0.0
43.8,5:58:32.70 PM,0.0
43.9,5:58:32.77 PM,0.0
44.0,5:58:32.87 PM,0.0
44.1,5:58:32.98 PM,0.0
44.2,5:58:33.08 PM,0.0
44.3,5:58:33.19 PM,0.0
44.4,5:58:33.29 PM,0.0
44.5,5:58:33.39 PM,0.0
44.6,5:58:33.50 PM,0.0
44.7,5:58:33.60 PM,0.0
44.8,5:58:33.70 PM,0.0
44.9,5:58:33.81 PM,0.0
45.0,5:58:33.91 PM,0.0
45.1,5:58:34.01 PM,0.0
45.2,5:58:34.11 PM,0.0
45.3,5:58:34.22 PM,0.0983488
45.4,5:58:34.33 PM,0.0983488
45.5,5:58:34.43 PM,0.0983488
45.6,5:58:34.50 PM,0.0983488
45.7,5:58:34.63 PM,0.0983488
45.8,5:58:34.70 PM,0.0983488
45.9,5:58:34.80 PM,0.0983488
46.0,5:58:34.90 PM,0.1966976
46.1,5:58:35.00 PM,0.1966976
46.2,5:58:35.10 PM,0.1966976
46.3,5:58:35.20 PM,0.1966976
46.4,5:58:35.30 PM,0.1966976
46.5,5:58:35.40 PM,0.1966976
46.6,5:58:35.50 PM,0.1966976
46.7,5:58:35.60 PM,0.1966976
46.8,5:58:35.66 PM,0.1966976
46.9,5:58:35.76 PM,0.1966976
47.0,5:58:35.90 PM,0.1966976
47.1,5:58:35.97 PM,0.1966976
47.2,5:58:36.07 PM,0.1966976
47.3,5:58:36.17 PM,0.1966976
47.4,5:58:36.28 PM,0.1966976
47.5,5:58:36.38 PM,0.1966976
47.6,5:58:36.48 PM,0.1966976
47.7,5:58:36.58 PM,0.1966976
47.8,5:58:36.69 PM,0.1966976
47.9,5:58:36.79 PM,0.1966976
48.0,5:58:36.89 PM,0.1966976
48.1,5:58:36.99 PM,0.1966976
48.2,5:58:37.10 PM,0.1966976
48.3,5:58:37.20 PM,0.1966976
48.4,5:58:37.30 PM,0.1966976
48.5,5:58:37.41 PM,0.1966976
48.6,5:58:37.51 PM,0.1966976
48.7,5:58:37.61 PM,0.1966976
48.8,5:58:37.71 PM,0.1966976
48.9,5:58:37.81 PM,0.1966976
49.0,5:58:37.92 PM,0.1966976
49.1,5:58:38.02 PM,0.1966976
49.2,5:58:38.12 PM,0.1966976
49.3,5:58:38.22 PM,0.1966976
49.4,5:58:38.33 PM,0.1966976
49.5,5:58:38.40 PM,0.1966976
49.6,5:58:38.50 PM,0.1966976
49.7,5:58:38.60 PM,0.1966976
49.8,5:58:38.70 PM,0.1966976
49.9,5:58:38.80 PM,0.1966976
50.0,5:58:38.90 PM,0.1966976
50.1,5:58:39.00 PM,0.1966976
50.2,5:58:39.10 PM,0.2995168
50.3,5:58:39.20 PM,0.2995168
50.4,5:58:39.26 PM,0.2995168
50.5,5:58:39.37 PM,0.2995168
50.6,5:58:39.47 PM,0.2995168
50.7,5:58:39.60 PM,0.2995168
50.8,5:58:39.68 PM,0.2995168
50.9,5:58:39.78 PM,0.2995168
51.0,5:58:39.88 PM,0.2995168
51.1,5:58:39.98 PM,0.2995168
51.2,5:58:40.08 PM,0.2995168
51.3,5:58:40.19 PM,0.2995168
51.4,5:58:40.29 PM,0.2995168
51.5,5:58:40.39 PM,0.2995168
51.6,5:58:40.49 PM,0.2995168
51.7,5:58:40.59 PM,0.2995168
51.8,5:58:40.70 PM,0.2995168
51.9,5:58:40.80 PM,0.2995168
52.0,5:58:40.90 PM,0.3978656
52.1,5:58:41.00 PM,0.3978656
52.2,5:58:41.11 PM,0.3978656
52.3,5:58:41.21 PM,0.3978656
52.4,5:58:41.31 PM,0.3978656
52.5,5:58:41.41 PM,0.3978656
52.6,5:58:41.51 PM,0.2995168
52.7,5:58:41.62 PM,0.2995168
52.8,5:58:41.72 PM,0.2995168
52.9,5:58:41.82 PM,0.2995168
53.0,5:58:41.92 PM,0.2995168
53.1,5:58:42.02 PM,0.3978656
53.2,5:58:42.13 PM,0.3978656
53.3,5:58:42.23 PM,0.3978656
53.4,5:58:42.33 PM,0.3978656
53.5,5:58:42.40 PM,0.3978656
53.6,5:58:42.50 PM,0.2995168
53.7,5:58:42.60 PM,0.2995168
53.8,5:58:42.70 PM,0.2995168
53.9,5:58:42.80 PM,0.2995168
54.0,5:58:42.90 PM,0.2995168
54.1,5:58:43.00 PM,0.2995168
54.2,5:58:43.10 PM,0.2995168
54.3,5:58:43.20 PM,0.2995168
54.4,5:58:43.30 PM,0.2995168
54.5,5:58:43.36 PM,0.2995168
54.6,5:58:43.46 PM,0.2995168
54.7,5:58:43.56 PM,0.2995168
54.8,5:58:43.67 PM,0.2995168
54.9,5:58:43.77 PM,0.2995168
55.0,5:58:43.87 PM,0.2995168
55.1,5:58:43.98 PM,0.1966976
55.2,5:58:44.08 PM,0.1966976
55.3,5:58:44.18 PM,0.1966976
55.4,5:58:44.29 PM,0.1966976
55.5,5:58:44.39 PM,0.1966976
55.6,5:58:44.49 PM,0.1966976
55.7,5:58:44.60 PM,0.1966976
55.8,5:58:44.70 PM,0.1966976
55.9,5:58:44.81 PM,0.1966976
56.0,5:58:44.91 PM,0.1966976
56.1,5:58:45.01 PM,0.1966976
56.2,5:58:45.12 PM,0.1966976
56.3,5:58:45.22 PM,0.1966976
56.4,5:58:45.32 PM,0.1966976
56.5,5:58:45.43 PM,0.1966976
56.6,5:58:45.53 PM,0.1966976
56.7,5:58:45.63 PM,0.1966976
56.8,5:58:45.73 PM,0.1966976
56.9,5:58:45.83 PM,0.1966976
57.0,5:58:45.90 PM,0.1966976
57.1,5:58:46.03 PM,0.1966976
57.2,5:58:46.10 PM,0.1966976
57.3,5:58:46.20 PM,0.1966976
57.4,5:58:46.30 PM,0.1966976
57.5,5:58:46.40 PM,0.1966976
57.6,5:58:46.50 PM,0.1966976
57.7,5:58:46.60 PM,0.1966976
57.8,5:58:46.70 PM,0.1966976
57.9,5:58:46.80 PM,0.1966976
58.0,5:58:46.90 PM,0.1966976
58.1,5:58:46.96 PM,0.1966976
58.2,5:58:47.07 PM,0.1966976
58.3,5:58:47.17 PM,0.1966976
58.4,5:58:47.27 PM,0.1966976
58.5,5:58:47.37 PM,0.1966976
58.6,5:58:47.47 PM,0.1966976
58.7,5:58:47.58 PM,0.1966976
58.8,5:58:47.68 PM,0.1966976
58.9,5:58:47.78 PM,0.1966976
59.0,5:58:47.89 PM,0.1966976
59.1,5:58:47.99 PM,0.1966976
59.2,5:58:48.09 PM,0.1966976
59.3,5:58:48.19 PM,0.1966976
59.4,5:58:48.30 PM,0.1966976
59.5,5:58:48.40 PM,0.1966976
59.6,5:58:48.50 PM,0.1966976
59.7,5:58:48.61 PM,0.1966976
59.8,5:58:48.71 PM,0.2995168
59.9,5:58:48.81 PM,0.2995168
60.0,5:58:48.91 PM,0.2995168
60.1,5:58:49.02 PM,0.2995168
60.2,5:58:49.12 PM,0.2995168
60.3,5:58:49.22 PM,0.2995168
60.4,5:58:49.33 PM,0.2995168
60.5,5:58:49.40 PM,0.2995168
60.6,5:58:49.53 PM,0.2995168
60.7,5:58:49.60 PM,0.2995168
60.8,5:58:49.70 PM,0.2995168
60.9,5:58:49.80 PM,0.2995168
61.0,5:58:49.90 PM,0.2995168
61.1,5:58:50.00 PM,0.2995168
61.2,5:58:50.10 PM,0.2995168
61.3,5:58:50.20 PM,0.2995168
61.4,5:58:50.30 PM,0.2995168
61.5,5:58:50.36 PM,0.2995168
61.6,5:58:50.47 PM,0.2995168
61.7,5:58:50.57 PM,0.2995168
61.8,5:58:50.67 PM,0.2995168
61.9,5:58:50.78 PM,0.2995168
62.0,5:58:50.88 PM,0.2995168
62.1,5:58:50.99 PM,0.2995168
62.2,5:58:51.09 PM,0.2995168
62.3,5:58:51.19 PM,0.2995168
62.4,5:58:51.29 PM,0.2995168
62.5,5:58:51.40 PM,0.2995168
62.6,5:58:51.50 PM,0.3978656
62.7,5:58:51.60 PM,0.3978656
62.8,5:58:51.70 PM,0.3978656
62.9,5:58:51.80 PM,0.3978656
63.0,5:58:51.91 PM,0.3978656
63.1,5:58:52.01 PM,0.3978656
63.2,5:58:52.11 PM,0.3978656
63.3,5:58:52.22 PM,0.3978656
63.4,5:58:52.32 PM,0.3978656
63.5,5:58:52.42 PM,0.3978656
63.6,5:58:52.52 PM,0.3978656
63.7,5:58:52.62 PM,0.3978656
63.8,5:58:52.73 PM,0.3978656
63.9,5:58:52.80 PM,0.3978656
64.0,5:58:52.93 PM,0.3978656
64.1,5:58:53.04 PM,0.3978656
64.2,5:58:53.10 PM,0.3978656
64.3,5:58:53.20 PM,0.3978656
64.4,5:58:53.30 PM,0.3978656
64.5,5:58:53.40 PM,0.3978656
64.6,5:58:53.50 PM,0.3978656
64.7,5:58:53.60 PM,0.3978656
64.8,5:58:53.70 PM,0.3978656
64.9,5:58:53.80 PM,0.3978656
65.0,5:58:53.90 PM,0.3978656
65.1,5:58:53.96 PM,0.3978656
65.2,5:58:54.06 PM,0.3978656
65.3,5:58:54.17 PM,0.3978656
65.4,5:58:54.27 PM,0.3978656
65.5,5:58:54.37 PM,0.3978656
65.6,5:58:54.47 PM,0.3978656
65.7,5:58:54.58 PM,0.3978656
65.8,5:58:54.68 PM,0.3978656
65.9,5:58:54.78 PM,0.2995168
66.0,5:58:54.88 PM,0.2995168
66.1,5:58:54.99 PM,0.2995168
66.2,5:58:55.09 PM,0.2995168
66.3,5:58:55.19 PM,0.2995168
66.4,5:58:55.30 PM,0.2995168
66.5,5:58:55.40 PM,0.2995168
66.6,5:58:55.50 PM,0.2995168
66.7,5:58:55.61 PM,0.2995168
66.8,5:58:55.71 PM,0.2995168
66.9,5:58:55.81 PM,0.2995168
67.0,5:58:55.91 PM,0.2995168
67.1,5:58:56.01 PM,0.2995168
67.2,5:58:56.12 PM,0.2995168
67.3,5:58:56.22 PM,0.2995168
67.4,5:58:56.32 PM,0.2995168
67.5,5:58:56.42 PM,0.2995168
67.6,5:58:56.52 PM,0.2995168
67.7,5:58:56.63 PM,0.2995168
67.8,5:58:56.73 PM,0.2995168
67.9,5:58:56.80 PM,0.2995168
68.0,5:58:56.94 PM,0.2995168
68.1,5:58:57.00 PM,0.2995168
68.2,5:58:57.10 PM,0.2995168
68.3,5:58:57.20 PM,0.2995168
68.4,5:58:57.30 PM,0.2995168
68.5,5:58:57.40 PM,0.2995168
68.6,5:58:57.50 PM,0.2995168
68.7,5:58:57.60 PM,0.2995168
68.8,5:58:57.70 PM,0.1966976
68.9,5:58:57.76 PM,0.1966976
69.0,5:58:57.86 PM,0.1966976
69.1,5:58:57.97 PM,0.1966976
69.2,5:58:58.07 PM,0.1966976
69.3,5:58:58.18 PM,0.1966976
69.4,5:58:58.28 PM,0.1966976
69.5,5:58:58.38 PM,0.1966976
69.6,5:58:58.48 PM,0.1966976
69.7,5:58:58.59 PM,0.1966976
69.8,5:58:58.69 PM,0.1966976
69.9,5:58:58.79 PM,0.1966976
70.0,5:58:58.89 PM,0.1966976
70.1,5:58:58.99 PM,0.1966976
70.2,5:58:59.10 PM,0.1966976
70.3,5:58:59.20 PM,0.1966976
70.4,5:58:59.30 PM,0.1966976
70.5,5:58:59.41 PM,0.1966976
70.6,5:58:59.51 PM,0.1966976
70.7,5:58:59.61 PM,0.1966976
70.8,5:58:59.71 PM,0.1966976
70.9,5:58:59.82 PM,0.1966976
71.0,5:58:59.92 PM,0.1966976
71.1,5:59:00.02 PM,0.1966976
71.2,5:59:00.10 PM,0.1966976
71.3,5:59:00.23 PM,0.1966976
71.4,5:59:00.33 PM,0.1966976
71.5,5:59:00.40 PM,0.1966976
71.6,5:59:00.53 PM,0.1966976
71.7,5:59:00.64 PM,0.1966976
71.8,5:59:00.70 PM,0.1966976
71.9,5:59:00.80 PM,0.1966976
72.0,5:59:00.90 PM,0.1966976
72.1,5:59:01.00 PM,0.1966976
72.2,5:59:01.10 PM,0.1966976
72.3,5:59:01.20 PM,0.1966976
72.4,5:59:01.30 PM,0.1966976
72.5,5:59:01.40 PM,0.1966976
72.6,5:59:01.50 PM,0.1966976
72.7,5:59:01.60 PM,0.1966976
72.8,5:59:01.66 PM,0.1966976
72.9,5:59:01.76 PM,0.1966976
73.0,5:59:01.86 PM,0.1966976
73.1,5:59:02.00 PM,0.1966976
73.2,5:59:02.07 PM,0.1966976
73.3,5:59:02.17 PM,0.1966976
73.4,5:59:02.28 PM,0.1966976
73.5,5:59:02.38 PM,0.1966976
73.6,5:59:02.49 PM,0.1966976
73.7,5:59:02.59 PM,0.1966976
73.8,5:59:02.69 PM,0.1966976
73.9,5:59:02.79 PM,0.1966976
74.0,5:59:02.90 PM,0.1966976
74.1,5:59:03.00 PM,0.1966976
74.2,5:59:03.11 PM,0.1966976
74.3,5:59:03.21 PM,0.1966976
74.4,5:59:03.31 PM,0.1966976
74.5,5:59:03.42 PM,0.1966976
74.6,5:59:03.52 PM,0.1966976
74.7,5:59:03.62 PM,0.1966976
74.8,5:59:03.73 PM,0.1966976
74.9,5:59:03.83 PM,0.1966976
75.0,5:59:03.93 PM,0.1966976
75.1,5:59:04.03 PM,0.1966976
75.2,5:59:04.10 PM,0.1966976
75.3,5:59:04.20 PM,0.1966976
75.4,5:59:04.30 PM,0.1966976
75.5,5:59:04.40 PM,0.1966976
75.6,5:59:04.50 PM,0.1966976
75.7,5:59:04.60 PM,0.1966976
75.8,5:59:04.70 PM,0.2995168
75.9,5:59:04.80 PM,0.2995168
76.0,5:59:04.90 PM,0.2995168
76.1,5:59:05.00 PM,0.2995168
76.2,5:59:05.10 PM,0.2995168
76.3,5:59:05.20 PM,0.2995168
76.4,5:59:05.26 PM,0.2995168
76.5,5:59:05.37 PM,0.2995168
76.6,5:59:05.47 PM,0.2995168
76.7,5:59:05.57 PM,0.2995168
76.8,5:59:05.68 PM,0.2995168
76.9,5:59:05.78 PM,0.2995168
77.0,5:59:05.88 PM,0.3978656
77.1,5:59:05.98 PM,0.3978656
77.2,5:59:06.08 PM,0.3978656
77.3,5:59:06.19 PM,0.3978656
77.4,5:59:06.29 PM,0.3978656
77.5,5:59:06.39 PM,0.3978656
77.6,5:59:06.49 PM,0.3978656
77.7,5:59:06.60 PM,0.3978656
77.8,5:59:06.70 PM,0.3978656
77.9,5:59:06.80 PM,0.3978656
78.0,5:59:06.90 PM,0.3978656
78.1,5:59:07.00 PM,0.3978656
78.2,5:59:07.11 PM,0.3978656
78.3,5:59:07.21 PM,0.3978656
78.4,5:59:07.32 PM,0.3978656
78.5,5:59:07.42 PM,0.49621440000000006
78.6,5:59:07.50 PM,0.49621440000000006
78.7,5:59:07.63 PM,0.49621440000000006
78.8,5:59:07.73 PM,0.49621440000000006
78.9,5:59:07.83 PM,0.49621440000000006
79.0,5:59:07.93 PM,0.49621440000000006
79.1,5:59:08.00 PM,0.49621440000000006
79.2,5:59:08.10 PM,0.3978656
79.3,5:59:08.20 PM,0.3978656
79.4,5:59:08.30 PM,0.3978656
79.5,5:59:08.40 PM,0.3978656
79.6,5:59:08.50 PM,0.3978656
79.7,5:59:08.60 PM,0.3978656
79.8,5:59:08.70 PM,0.3978656
79.9,5:59:08.80 PM,0.49621440000000006
80.0,5:59:08.86 PM,0.49621440000000006
80.1,5:59:09.00 PM,0.49621440000000006
80.2,5:59:09.06 PM,0.49621440000000006
80.3,5:59:09.20 PM,0.49621440000000006
80.4,5:59:09.27 PM,0.49621440000000006
80.5,5:59:09.37 PM,0.49621440000000006
80.6,5:59:09.47 PM,0.49621440000000006
80.7,5:59:09.58 PM,0.49621440000000006
80.8,5:59:09.68 PM,0.49621440000000006
80.9,5:59:09.78 PM,0.49621440000000006
81.0,5:59:09.89 PM,0.49621440000000006
81.1,5:59:09.99 PM,0.49621440000000006
81.2,5:59:10.09 PM,0.49621440000000006
81.3,5:59:10.20 PM,0.49621440000000006
81.4,5:59:10.30 PM,0.49621440000000006
81.5,5:59:10.40 PM,0.49621440000000006
81.6,5:59:10.50 PM,0.49621440000000006
81.7,5:59:10.60 PM,0.49621440000000006
81.8,5:59:10.71 PM,0.49621440000000006
81.9,5:59:10.81 PM,0.49621440000000006
82.0,5:59:10.91 PM,0.49621440000000006
82.1,5:59:11.01 PM,0.49621440000000006
82.2,5:59:11.11 PM,0.49621440000000006
82.3,5:59:11.22 PM,0.49621440000000006
82.4,5:59:11.32 PM,0.49621440000000006
82.5,5:59:11.42 PM,0.49621440000000006
82.6,5:59:11.50 PM,0.49621440000000006
82.7,5:59:11.62 PM,0.49621440000000006
82.8,5:59:11.73 PM,0.49621440000000006
82.9,5:59:11.83 PM,0.49621440000000006
83.0,5:59:11.93 PM,0.49621440000000006
83.1,5:59:12.00 PM,0.49621440000000006
83.2,5:59:12.10 PM,0.49621440000000006
83.3,5:59:12.20 PM,0.49621440000000006
83.4,5:59:12.30 PM,0.49621440000000006
83.5,5:59:12.40 PM,0.49621440000000006
83.6,5:59:12.50 PM,0.49621440000000006
83.7,5:59:12.60 PM,0.49621440000000006
83.8,5:59:12.70 PM,0.49621440000000006
83.9,5:59:12.80 PM,0.49621440000000006
84.0,5:59:12.90 PM,0.49621440000000006
84.1,5:59:13.00 PM,0.49621440000000006
84.2,5:59:13.06 PM,0.49621440000000006
84.3,5:59:13.17 PM,0.49621440000000006
84.4,5:59:13.27 PM,0.49621440000000006
84.5,5:59:13.38 PM,0.49621440000000006
84.6,5:59:13.48 PM,0.49621440000000006
84.7,5:59:13.58 PM,0.49621440000000006
84.8,5:59:13.68 PM,0.49621440000000006
84.9,5:59:13.78 PM,0.49621440000000006
85.0,5:59:13.89 PM,0.49621440000000006
85.1,5:59:13.99 PM,0.49621440000000006
85.2,5:59:14.09 PM,0.49621440000000006
85.3,5:59:14.19 PM,0.49621440000000006
85.4,5:59:14.30 PM,0.49621440000000006
85.5,5:59:14.40 PM,0.49621440000000006
85.6,5:59:14.50 PM,0.49621440000000006
85.7,5:59:14.61 PM,0.49621440000000006
85.8,5:59:14.71 PM,0.49621440000000006
85.9,5:59:14.81 PM,0.49621440000000006
86.0,5:59:14.91 PM,0.49621440000000006
86.1,5:59:15.02 PM,0.49621440000000006
86.2,5:59:15.12 PM,0.49621440000000006
86.3,5:59:15.23 PM,0.49621440000000006
86.4,5:59:15.33 PM,0.49621440000000006
86.5,5:59:15.43 PM,0.49621440000000006
86.6,5:59:15.53 PM,0.3978656
86.7,5:59:15.63 PM,0.3978656
86.8,5:59:15.74 PM,0.3978656
86.9,5:59:15.80 PM,0.3978656
87.0,5:59:15.90 PM,0.3978656
87.1,5:59:16.00 PM,0.3978656
87.2,5:59:16.10 PM,0.3978656
87.3,5:59:16.20 PM,0.3978656
87.4,5:59:16.30 PM,0.3978656
87.5,5:59:16.40 PM,0.3978656
87.6,5:59:16.50 PM,0.3978656
87.7,5:59:16.60 PM,0.3978656
87.8,5:59:16.70 PM,0.3978656
87.9,5:59:16.76 PM,0.3978656
88.0,5:59:16.87 PM,0.3978656
88.1,5:59:16.97 PM,0.3978656
88.2,5:59:17.07 PM,0.3978656
88.3,5:59:17.17 PM,0.3978656
88.4,5:59:17.28 PM,0.3978656
88.5,5:59:17.38 PM,0.3978656
88.6,5:59:17.48 PM,0.3978656
88.7,5:59:17.59 PM,0.3978656
88.8,5:59:17.69 PM,0.3978656
88.9,5:59:17.79 PM,0.3978656
89.0,5:59:17.89 PM,0.3978656
89.1,5:59:18.00 PM,0.3978656
89.2,5:59:18.10 PM,0.3978656
89.3,5:59:18.20 PM,0.3978656
89.4,5:59:18.31 PM,0.3978656
89.5,5:59:18.41 PM,0.3978656
89.6,5:59:18.51 PM,0.3978656
89.7,5:59:18.62 PM,0.3978656
89.8,5:59:18.72 PM,0.3978656
89.9,5:59:18.82 PM,0.3978656
90.0,5:59:18.93 PM,0.3978656
90.1,5:59:19.03 PM,0.49621440000000006
90.2,5:59:19.14 PM,0.49621440000000006
90.3,5:59:19.20 PM,0.49621440000000006
90.4,5:59:19.30 PM,0.49621440000000006
90.5,5:59:19.40 PM,0.49621440000000006
90.6,5:59:19.50 PM,0.49621440000000006
90.7,5:59:19.60 PM,0.49621440000000006
90.8,5:59:19.70 PM,0.49621440000000006
90.9,5:59:19.76 PM,0.49621440000000006
91.0,5:59:19.90 PM,0.49621440000000006
91.1,5:59:20.00 PM,0.49621440000000006
91.2,5:59:20.07 PM,0.49621440000000006
91.3,5:59:20.17 PM,0.49621440000000006
91.4,5:59:20.27 PM,0.49621440000000006
91.5,5:59:20.37 PM,0.49621440000000006
91.6,5:59:20.48 PM,0.49621440000000006
91.7,5:59:20.58 PM,0.49621440000000006
91.8,5:59:20.68 PM,0.49621440000000006
91.9,5:59:20.78 PM,0.49621440000000006
92.0,5:59:20.88 PM,0.49621440000000006
92.1,5:59:20.99 PM,0.49621440000000006
92.2,5:59:21.09 PM,0.49621440000000006
92.3,5:59:21.19 PM,0.49621440000000006
92.4,5:59:21.30 PM,0.49621440000000006
92.5,5:59:21.40 PM,0.5990336
92.6,5:59:21.50 PM,0.5990336
92.7,5:59:21.60 PM,0.5990336
92.8,5:59:21.71 PM,0.5990336
92.9,5:59:21.82 PM,0.5990336
93.0,5:59:21.92 PM,0.5990336
93.1,5:59:22.02 PM,0.5990336
93.2,5:59:22.12 PM,0.5990336
93.3,5:59:22.23 PM,0.5990336
93.4,5:59:22.33 PM,0.5990336
93.5,5:59:22.44 PM,0.5990336
93.6,5:59:22.50 PM,0.5990336
93.7,5:59:22.60 PM,0.5990336
93.8,5:59:22.70 PM,0.5990336
93.9,5:59:22.80 PM,0.5990336
94.0,5:59:22.90 PM,0.5990336
94.1,5:59:23.00 PM,0.5990336
94.2,5:59:23.10 PM,0.5990336
94.3,5:59:23.20 PM,0.5990336
94.4,5:59:23.30 PM,0.5990336
94.5,5:59:23.36 PM,0.5990336
94.6,5:59:23.47 PM,0.5990336
94.7,5:59:23.57 PM,0.5990336
94.8,5:59:23.68 PM,0.5990336
94.9,5:59:23.80 PM,0.5990336
95.0,5:59:23.88 PM,0.5990336
95.1,5:59:23.99 PM,0.5990336
95.2,5:59:24.09 PM,0.5990336
95.3,5:59:24.19 PM,0.6973824
95.4,5:59:24.30 PM,0.6973824
95.5,5:59:24.40 PM,0.6973824
95.6,5:59:24.50 PM,0.6973824
95.7,5:59:24.61 PM,0.6973824
95.8,5:59:24.71 PM,0.6973824
95.9,5:59:24.81 PM,0.6973824
96.0,5:59:24.92 PM,0.6973824
96.1,5:59:25.02 PM,0.6973824
96.2,5:59:25.13 PM,0.6973824
96.3,5:59:25.23 PM,0.6973824
96.4,5:59:25.33 PM,0.6973824
96.5,5:59:25.43 PM,0.6973824
96.6,5:59:25.54 PM,0.6973824
96.7,5:59:25.60 PM,0.6973824
96.8,5:59:25.70 PM,0.6973824
96.9,5:59:25.80 PM,0.6973824
97.0,5:59:25.90 PM,0.6973824
97.1,5:59:26.00 PM,0.6973824
97.2,5:59:26.10 PM,0.6973824
97.3,5:59:26.20 PM,0.6973824
97.4,5:59:26.26 PM,0.6973824
97.5,5:59:26.36 PM,0.6973824
97.6,5:59:26.46 PM,0.6973824
97.7,5:59:26.57 PM,0.6973824
97.8,5:59:26.67 PM,0.6973824
97.9,5:59:26.80 PM,0.6973824
98.0,5:59:26.87 PM,0.6973824
98.1,5:59:26.98 PM,0.6973824
98.2,5:59:27.08 PM,0.6973824
98.3,5:59:27.18 PM,0.6973824
98.4,5:59:27.29 PM,0.6973824
98.5,5:59:27.39 PM,0.6973824
98.6,5:59:27.49 PM,0.6973824
98.7,5:59:27.59 PM,0.6973824
98.8,5:59:27.70 PM,0.6973824
98.9,5:59:27.80 PM,0.6973824
99.0,5:59:27.90 PM,0.6973824
99.1,5:59:28.00 PM,0.6973824
99.2,5:59:28.11 PM,0.6973824
99.3,5:59:28.22 PM,0.6973824
99.4,5:59:28.32 PM,0.6973824
99.5,5:59:28.42 PM,0.6973824
99.6,5:59:28.52 PM,0.6973824
99.7,5:59:28.63 PM,0.6973824
99.8,5:59:28.73 PM,0.7957312
99.9,5:59:28.80 PM,0.7957312
100.0,5:59:28.93 PM,0.7957312
100.1,5:59:29.04 PM,0.7957312
100.2,5:59:29.10 PM,0.7957312
100.3,5:59:29.20 PM,0.7957312
100.4,5:59:29.30 PM,0.7957312
100.5,5:59:29.40 PM,0.7957312
100.6,5:59:29.50 PM,0.7957312
100.7,5:59:29.60 PM,0.7957312
100.8,5:59:29.70 PM,0.7957312
100.9,5:59:29.80 PM,0.7957312
101.0,5:59:29.86 PM,0.7957312
101.1,5:59:29.96 PM,0.7957312
101.2,5:59:30.07 PM,0.7957312
101.3,5:59:30.17 PM,0.7957312
101.4,5:59:30.30 PM,0.7957312
101.5,5:59:30.37 PM,0.7957312
101.6,5:59:30.48 PM,0.7957312
101.7,5:59:30.58 PM,0.8985503999999999
101.8,5:59:30.68 PM,0.8985503999999999
101.9,5:59:30.78 PM,0.8985503999999999
102.0,5:59:30.89 PM,0.8985503999999999
102.1,5:59:30.99 PM,0.8985503999999999
102.2,5:59:31.09 PM,0.8985503999999999
102.3,5:59:31.20 PM,0.8985503999999999
102.4,5:59:31.30 PM,0.8985503999999999
102.5,5:59:31.40 PM,0.8985503999999999
102.6,5:59:31.51 PM,0.8985503999999999
102.7,5:59:31.61 PM,0.8985503999999999
102.8,5:59:31.71 PM,0.8985503999999999
102.9,5:59:31.82 PM,0.8985503999999999
103.0,5:59:31.92 PM,0.8985503999999999
103.1,5:59:32.02 PM,0.8985503999999999
103.2,5:59:32.12 PM,0.8985503999999999
103.3,5:59:32.23 PM,0.8985503999999999
103.4,5:59:32.33 PM,0.8985503999999999
103.5,5:59:32.43 PM,0.8985503999999999
103.6,5:59:32.53 PM,0.8985503999999999
103.7,5:59:32.63 PM,0.8985503999999999
103.8,5:59:32.74 PM,0.8985503999999999
103.9,5:59:32.80 PM,0.8985503999999999
104.0,5:59:32.90 PM,0.8985503999999999
104.1,5:59:33.00 PM,0.8985503999999999
104.2,5:59:33.10 PM,0.8985503999999999
104.3,5:59:33.20 PM,0.8985503999999999
104.4,5:59:33.30 PM,0.8985503999999999
104.5,5:59:33.40 PM,0.8985503999999999
104.6,5:59:33.50 PM,0.8985503999999999
104.7,5:59:33.60 PM,0.8985503999999999
104.8,5:59:33.70 PM,0.8985503999999999
104.9,5:59:33.76 PM,0.8985503999999999
105.0,5:59:33.86 PM,0.8985503999999999
105.1,5:59:33.97 PM,0.8985503999999999
105.2,5:59:34.10 PM,0.8985503999999999
105.3,5:59:34.17 PM,0.8985503999999999
105.4,5:59:34.28 PM,0.8985503999999999
105.5,5:59:34.38 PM,0.8985503999999999
105.6,5:59:34.48 PM,0.8985503999999999
105.7,5:59:34.58 PM,0.8985503999999999
105.8,5:59:34.69 PM,0.8985503999999999
105.9,5:59:34.79 PM,0.8985503999999999
106.0,5:59:34.89 PM,0.8985503999999999
106.1,5:59:35.00 PM,0.8985503999999999
106.2,5:59:35.10 PM,0.8985503999999999
106.3,5:59:35.20 PM,0.8985503999999999
106.4,5:59:35.31 PM,0.7957312
106.5,5:59:35.41 PM,0.7957312
106.6,5:59:35.51 PM,0.7957312
106.7,5:59:35.62 PM,0.7957312
106.8,5:59:35.72 PM,0.7957312
106.9,5:59:35.82 PM,0.7957312
107.0,5:59:35.92 PM,0.7957312
107.1,5:59:36.03 PM,0.7957312
107.2,5:59:36.13 PM,0.7957312
107.3,5:59:36.23 PM,0.7957312
107.4,5:59:36.34 PM,0.7957312
107.5,5:59:36.40 PM,0.7957312
107.6,5:59:36.50 PM,0.7957312
107.7,5:59:36.60 PM,0.7957312
107.8,5:59:36.70 PM,0.7957312
107.9,5:59:36.80 PM,0.7957312
108.0,5:59:36.90 PM,0.7957312
108.1,5:59:37.00 PM,0.7957312
108.2,5:59:37.06 PM,0.7957312
108.3,5:59:37.20 PM,0.7957312
108.4,5:59:37.26 PM,0.7957312
108.5,5:59:37.37 PM,0.7957312
108.6,5:59:37.47 PM,0.7957312
108.7,5:59:37.57 PM,0.7957312
108.8,5:59:37.67 PM,0.7957312
108.9,5:59:37.78 PM,0.7957312
109.0,5:59:37.90 PM,0.7957312
109.1,5:59:37.98 PM,0.7957312
109.2,5:59:38.08 PM,0.7957312
109.3,5:59:38.19 PM,0.7957312
109.4,5:59:38.29 PM,0.7957312
109.5,5:59:38.39 PM,0.7957312
109.6,5:59:38.50 PM,0.7957312
109.7,5:59:38.60 PM,0.7957312
109.8,5:59:38.70 PM,0.7957312
109.9,5:59:38.80 PM,0.7957312
110.0,5:59:38.90 PM,0.7957312
110.1,5:59:39.00 PM,0.7957312
110.2,5:59:39.11 PM,0.7957312
110.3,5:59:39.22 PM,0.7957312
110.4,5:59:39.32 PM,0.7957312
110.5,5:59:39.43 PM,0.6973824
110.6,5:59:39.53 PM,0.6973824
110.7,5:59:39.63 PM,0.6973824
110.8,5:59:39.73 PM,0.6973824
110.9,5:59:39.84 PM,0.6973824
111.0,5:59:39.90 PM,0.6973824
111.1,5:59:40.00 PM,0.6973824
111.2,5:59:40.10 PM,0.6973824
111.3,5:59:40.20 PM,0.6973824
111.4,5:59:40.30 PM,0.6973824
111.5,5:59:40.40 PM,0.6973824
111.6,5:59:40.50 PM,0.6973824
111.7,5:59:40.60 PM,0.6973824
111.8,5:59:40.70 PM,0.6973824
111.9,5:59:40.76 PM,0.6973824
112.0,5:59:40.86 PM,0.6973824
112.1,5:59:40.97 PM,0.6973824
112.2,5:59:41.08 PM,0.6973824
112.3,5:59:41.18 PM,0.5990336
112.4,5:59:41.28 PM,0.5990336
112.5,5:59:41.38 PM,0.5990336
112.6,5:59:41.49 PM,0.5990336
112.7,5:59:41.59 PM,0.5990336
112.8,5:59:41.69 PM,0.5990336
112.9,5:59:41.79 PM,0.5990336
113.0,5:59:41.90 PM,0.49621440000000006
113.1,5:59:42.00 PM,0.49621440000000006
113.2,5:59:42.10 PM,0.49621440000000006
113.3,5:59:42.20 PM,0.49621440000000006
113.4,5:59:42.31 PM,0.49621440000000006
113.5,5:59:42.41 PM,0.49621440000000006
113.6,5:59:42.51 PM,0.49621440000000006
113.7,5:59:42.61 PM,0.49621440000000006
113.8,5:59:42.72 PM,0.49621440000000006
113.9,5:59:42.82 PM,0.49621440000000006
114.0,5:59:42.92 PM,0.49621440000000006
114.1,5:59:43.02 PM,0.3978656
114.2,5:59:43.13 PM,0.3978656
114.3,5:59:43.23 PM,0.3978656
114.4,5:59:43.33 PM,0.3978656
114.5,5:59:43.43 PM,0.3978656
114.6,5:59:43.50 PM,0.3978656
114.7,5:59:43.60 PM,0.3978656
114.8,5:59:43.70 PM,0.3978656
114.9,5:59:43.80 PM,0.3978656
115.0,5:59:43.90 PM,0.3978656
115.1,5:59:44.00 PM,0.3978656
115.2,5:59:44.10 PM,0.3978656
115.3,5:59:44.20 PM,0.3978656
115.4,5:59:44.30 PM,0.3978656
115.5,5:59:44.40 PM,0.3978656
115.6,5:59:44.50 PM,0.2995168
115.7,5:59:44.56 PM,0.2995168
115.8,5:59:44.70 PM,0.2995168
115.9,5:59:44.76 PM,0.2995168
116.0,5:59:44.90 PM,0.2995168
116.1,5:59:44.97 PM,0.2995168
116.2,5:59:45.07 PM,0.2995168
116.3,5:59:45.18 PM,0.2995168
116.4,5:59:45.29 PM,0.2995168
116.5,5:59:45.39 PM,0.1966976
116.6,5:59:45.49 PM,0.1966976
116.7,5:59:45.59 PM,0.1966976
116.8,5:59:45.70 PM,0.1966976
116.9,5:59:45.80 PM,0.1966976
117.0,5:59:45.90 PM,0.1966976
117.1,5:59:46.00 PM,0.1966976
117.2,5:59:46.11 PM,0.1966976
117.3,5:59:46.21 PM,0.1966976
117.4,5:59:46.32 PM,0.1966976
117.5,5:59:46.42 PM,0.1966976
117.6,5:59:46.50 PM,0.1966976
117.7,5:59:46.63 PM,0.1966976
117.8,5:59:46.73 PM,0.1966976
117.9,5:59:46.83 PM,0.1966976
118.0,5:59:46.90 PM,0.1966976
118.1,5:59:47.00 PM,0.1966976
118.2,5:59:47.10 PM,0.1966976
118.3,5:59:47.20 PM,0.1966976
118.4,5:59:47.30 PM,0.1966976
118.5,5:59:47.40 PM,0.1966976
118.6,5:59:47.50 PM,0.1966976
118.7,5:59:47.60 PM,0.1966976
118.8,5:59:47.70 PM,0.1966976
118.9,5:59:47.76 PM,0.1966976
119.0,5:59:47.86 PM,0.1966976
119.1,5:59:47.96 PM,0.1966976
119.2,5:59:48.07 PM,0.1966976
119.3,5:59:48.17 PM,0.1966976
119.4,5:59:48.27 PM,0.1966976
119.5,5:59:48.37 PM,0.1966976
119.6,5:59:48.48 PM,0.1966976
119.7,5:59:48.58 PM,0.1966976
119.8,5:59:48.68 PM,0.1966976
119.9,5:59:48.78 PM,0.1966976
120.0,5:59:48.89 PM,0.1966976
120.1,5:59:49.00 PM,0.1966976
120.2,5:59:49.10 PM,0.1966976
120.3,5:59:49.20 PM,0.1966976
120.4,5:59:49.30 PM,0.1966976
120.5,5:59:49.40 PM,0.1966976
120.6,5:59:49.51 PM,0.1966976
120.7,5:59:49.61 PM,0.2995168
120.8,5:59:49.71 PM,0.2995168
120.9,5:59:49.81 PM,0.2995168
121.0,5:59:49.91 PM,0.2995168
121.1,5:59:50.02 PM,0.2995168
121.2,5:59:50.12 PM,0.2995168
121.3,5:59:50.23 PM,0.2995168
121.4,5:59:50.33 PM,0.2995168
121.5,5:59:50.43 PM,0.2995168
121.6,5:59:50.50 PM,0.2995168
121.7,5:59:50.60 PM,0.1966976
121.8,5:59:50.70 PM,0.1966976
121.9,5:59:50.80 PM,0.1966976
122.0,5:59:50.90 PM,0.1966976
122.1,5:59:51.00 PM,0.1966976
122.2,5:59:51.10 PM,0.1966976
122.3,5:59:51.20 PM,0.1966976
122.4,5:59:51.30 PM,0.1966976
122.5,5:59:51.40 PM,0.1966976
122.6,5:59:51.50 PM,0.1966976
122.7,5:59:51.60 PM,0.1966976
122.8,5:59:51.70 PM,0.1966976
122.9,5:59:51.76 PM,0.2995168
123.0,5:59:51.86 PM,0.2995168
123.1,5:59:51.96 PM,0.2995168
123.2,5:59:52.06 PM,0.1966976
123.3,5:59:52.20 PM,0.1966976
123.4,5:59:52.27 PM,0.1966976
123.5,5:59:52.40 PM,0.1966976
123.6,5:59:52.48 PM,0.1966976
123.7,5:59:52.58 PM,0.1966976
123.8,5:59:52.69 PM,0.1966976
123.9,5:59:52.79 PM,0.1966976
124.0,5:59:52.89 PM,0.1966976
124.1,5:59:53.00 PM,0.1966976
124.2,5:59:53.10 PM,0.1966976
124.3,5:59:53.20 PM,0.1966976
124.4,5:59:53.30 PM,0.1966976
124.5,5:59:53.40 PM,0.1966976
124.6,5:59:53.51 PM,0.1966976
124.7,5:59:53.61 PM,0.1966976
124.8,5:59:53.71 PM,0.1966976
124.9,5:59:53.81 PM,0.1966976
125.0,5:59:53.92 PM,0.0983488
125.1,5:59:54.02 PM,0.0983488
125.2,5:59:54.13 PM,0.0983488
125.3,5:59:54.23 PM,0.0983488
125.4,5:59:54.33 PM,0.0983488
125.5,5:59:54.40 PM,0.0983488
125.6,5:59:54.50 PM,0.0983488
125.7,5:59:54.60 PM,0.0983488
125.8,5:59:54.70 PM,0.0983488
125.9,5:59:54.80 PM,0.0983488
126.0,5:59:54.90 PM,0.0983488
126.1,5:59:55.00 PM,0.0983488
126.2,5:59:55.10 PM,0.0983488
126.3,5:59:55.16 PM,0.0983488
126.4,5:59:55.26 PM,0.0983488
126.5,5:59:55.36 PM,0.0983488
126.6,5:59:55.47 PM,0.0983488
126.7,5:59:55.57 PM,0.0983488
126.8,5:59:55.67 PM,0.0983488
126.9,5:59:55.78 PM,0.0983488
127.0,5:59:55.88 PM,0.0983488
127.1,5:59:55.98 PM,0.0983488
127.2,5:59:56.08 PM,0.0983488
127.3,5:59:56.19 PM,0.0983488
127.4,5:59:56.29 PM,0.0983488
127.5,5:59:56.39 PM,0.0983488
127.6,5:59:56.49 PM,0.0983488
127.7,5:59:56.60 PM,0.0983488
127.8,5:59:56.70 PM,0.0983488
127.9,5:59:56.80 PM,0.0983488
128.0,5:59:56.91 PM,0.0983488
128.1,5:59:57.01 PM,0.0983488
128.2,5:59:57.11 PM,0.0983488
128.3,5:59:57.21 PM,0.0983488
128.4,5:59:57.31 PM,0.0983488
128.5,5:59:57.42 PM,0.0983488
128.6,5:59:57.52 PM,0.0983488
128.7,5:59:57.63 PM,0.0983488
128.8,5:59:57.73 PM,0.0983488
128.9,5:59:57.83 PM,0.0983488
129.0,5:59:57.93 PM,0.0983488
129.1,5:59:58.03 PM,0.0983488
129.2,5:59:58.10 PM,0.0983488
129.3,5:59:58.20 PM,0.0983488
129.4,5:59:58.30 PM,0.0983488
129.5,5:59:58.40 PM,0.0983488
129.6,5:59:58.50 PM,0.0983488
129.7,5:59:58.60 PM,0.0983488
129.8,5:59:58.70 PM,0.0983488
129.9,5:59:58.80 PM,0.0983488
130.0,5:59:58.90 PM,0.0983488
130.1,5:59:58.96 PM,0.0983488
130.2,5:59:59.10 PM,0.0983488
130.3,5:59:59.17 PM,0.0983488
130.4,5:59:59.28 PM,0.0983488
130.5,5:59:59.38 PM,0.0983488
130.6,5:59:59.48 PM,0.0983488
130.7,5:59:59.58 PM,0.0983488
130.8,5:59:59.70 PM,0.0983488
130.9,5:59:59.79 PM,0.0983488
131.0,5:59:59.89 PM,0.0983488
131.1,5:59:59.99 PM,0.0983488
131.2,6:00:00.09 PM,0.0983488
131.3,6:00:00.20 PM,0.0983488
131.4,6:00:00.30 PM,0.0983488
131.5,6:00:00.40 PM,0.0983488
131.6,6:00:00.50 PM,0.0983488
131.7,6:00:00.61 PM,0.0983488
131.8,6:00:00.71 PM,0.0983488
131.9,6:00:00.81 PM,0.0983488
132.0,6:00:00.91 PM,0.0983488
132.1,6:00:01.02 PM,0.0983488
132.2,6:00:01.12 PM,0.0983488
132.3,6:00:01.22 PM,0.0983488
132.4,6:00:01.30 PM,0.0983488
132.5,6:00:01.43 PM,0.0
132.6,6:00:01.53 PM,0.0
132.7,6:00:01.60 PM,0.0
132.8,6:00:01.70 PM,0.0
132.9,6:00:01.80 PM,0.0
133.0,6:00:01.90 PM,0.0
133.1,6:00:02.00 PM,0.0
133.2,6:00:02.10 PM,0.0
133.3,6:00:02.20 PM,0.0
133.4,6:00:02.30 PM,0.0
133.5,6:00:02.40 PM,0.0
133.6,6:00:02.46 PM,0.0
133.7,6:00:02.60 PM,0.0
133.8,6:00:02.66 PM,0.0
133.9,6:00:02.77 PM,0.0
134.0,6:00:02.87 PM,0.0983488
134.1,6:00:02.97 PM,0.0983488
134.2,6:00:03.07 PM,0.0983488
134.3,6:00:03.18 PM,0.0983488
134.4,6:00:03.28 PM,0.0983488
134.5,6:00:03.38 PM,0.0983488
134.6,6:00:03.48 PM,0.0
134.7,6:00:03.59 PM,0.0
134.8,6:00:03.69 PM,0.0
134.9,6:00:03.79 PM,0.0
135.0,6:00:03.89 PM,0.0
135.1,6:00:04.00 PM,0.0
135.2,6:00:04.10 PM,0.0983488
135.3,6:00:04.21 PM,0.0983488
135.4,6:00:04.31 PM,0.0983488
135.5,6:00:04.41 PM,0.0983488
135.6,6:00:04.52 PM,0.0983488
135.7,6:00:04.62 PM,0.0983488
135.8,6:00:04.72 PM,0.0983488
135.9,6:00:04.82 PM,0.0983488
136.0,6:00:04.93 PM,0.0983488
136.1,6:00:05.03 PM,0.0983488
136.2,6:00:05.13 PM,0.0983488
136.3,6:00:05.24 PM,0.0983488
136.4,6:00:05.30 PM,0.0983488
136.5,6:00:05.40 PM,0.0983488
136.6,6:00:05.50 PM,0.0983488
136.7,6:00:05.60 PM,0.0983488
136.8,6:00:05.70 PM,0.0983488
136.9,6:00:05.80 PM,0.0983488
137.0,6:00:05.90 PM,0.0983488
137.1,6:00:06.00 PM,0.0983488
137.2,6:00:06.10 PM,0.0983488
137.3,6:00:06.20 PM,0.0983488
137.4,6:00:06.30 PM,0.0983488
137.5,6:00:06.36 PM,0.0983488
137.6,6:00:06.47 PM,0.1966976
137.7,6:00:06.57 PM,0.1966976
137.8,6:00:06.67 PM,0.1966976
137.9,6:00:06.78 PM,0.1966976
138.0,6:00:06.88 PM,0.1966976
138.1,6:00:06.98 PM,0.1966976
138.2,6:00:07.09 PM,0.1966976
138.3,6:00:07.19 PM,0.1966976
138.4,6:00:07.29 PM,0.1966976
138.5,6:00:07.40 PM,0.1966976
138.6,6:00:07.50 PM,0.1966976
138.7,6:00:07.60 PM,0.1966976
138.8,6:00:07.70 PM,0.1966976
138.9,6:00:07.81 PM,0.1966976
139.0,6:00:07.91 PM,0.1966976
139.1,6:00:08.02 PM,0.1966976
139.2,6:00:08.12 PM,0.1966976
139.3,6:00:08.20 PM,0.1966976
139.4,6:00:08.33 PM,0.1966976
139.5,6:00:08.43 PM,0.1966976
139.6,6:00:08.53 PM,0.1966976
139.7,6:00:08.60 PM,0.1966976
139.8,6:00:08.70 PM,0.1966976
139.9,6:00:08.80 PM,0.1966976
140.0,6:00:08.90 PM,0.1966976
140.1,6:00:09.00 PM,0.1966976
140.2,6:00:09.10 PM,0.2995168
140.3,6:00:09.20 PM,0.2995168
140.4,6:00:09.30 PM,0.2995168
140.5,6:00:09.40 PM,0.2995168
140.6,6:00:09.46 PM,0.2995168
140.7,6:00:09.56 PM,0.2995168
140.8,6:00:09.67 PM,0.2995168
140.9,6:00:09.77 PM,0.2995168
141.0,6:00:09.87 PM,0.2995168
141.1,6:00:09.97 PM,0.2995168
141.2,6:00:10.08 PM,0.2995168
141.3,6:00:10.18 PM,0.2995168
141.4,6:00:10.28 PM,0.2995168
141.5,6:00:10.39 PM,0.2995168
141.6,6:00:10.49 PM,0.2995168
141.7,6:00:10.59 PM,0.2995168
141.8,6:00:10.69 PM,0.3978656
141.9,6:00:10.79 PM,0.3978656
142.0,6:00:10.90 PM,0.3978656
142.1,6:00:11.00 PM,0.3978656
142.2,6:00:11.10 PM,0.3978656
142.3,6:00:11.20 PM,0.3978656
142.4,6:00:11.31 PM,0.3978656
142.5,6:00:11.41 PM,0.3978656
142.6,6:00:11.51 PM,0.3978656
142.7,6:00:11.62 PM,0.3978656
142.8,6:00:11.72 PM,0.3978656
142.9,6:00:11.83 PM,0.3978656
143.0,6:00:11.93 PM,0.3978656
143.1,6:00:12.03 PM,0.3978656
143.2,6:00:12.13 PM,0.3978656
143.3,6:00:12.20 PM,0.3978656
143.4,6:00:12.30 PM,0.3978656
143.5,6:00:12.40 PM,0.3978656
143.6,6:00:12.50 PM,0.3978656
143.7,6:00:12.60 PM,0.3978656
143.8,6:00:12.70 PM,0.3978656
143.9,6:00:12.80 PM,0.3978656
144.0,6:00:12.90 PM,0.3978656
144.1,6:00:13.00 PM,0.3978656
144.2,6:00:13.06 PM,0.3978656
144.3,6:00:13.16 PM,0.3978656
144.4,6:00:13.27 PM,0.3978656
144.5,6:00:13.37 PM,0.3978656
144.6,6:00:13.47 PM,0.3978656
144.7,6:00:13.57 PM,0.3978656
144.8,6:00:13.67 PM,0.3978656
144.9,6:00:13.78 PM,0.3978656
145.0,6:00:13.88 PM,0.3978656
145.1,6:00:13.98 PM,0.3978656
145.2,6:00:14.09 PM,0.3978656
145.3,6:00:14.19 PM,0.3978656
145.4,6:00:14.30 PM,0.3978656
145.5,6:00:14.40 PM,0.3978656
145.6,6:00:14.50 PM,0.3978656
145.7,6:00:14.61 PM,0.3978656
145.8,6:00:14.71 PM,0.3978656
145.9,6:00:14.81 PM,0.3978656
146.0,6:00:14.91 PM,0.3978656
146.1,6:00:15.01 PM,0.3978656
146.2,6:00:15.12 PM,0.3978656
146.3,6:00:15.22 PM,0.3978656
146.4,6:00:15.32 PM,0.3978656
146.5,6:00:15.42 PM,0.3978656
146.6,6:00:15.53 PM,0.3978656
146.7,6:00:15.63 PM,0.3978656
146.8,6:00:15.70 PM,0.3978656
146.9,6:00:15.83 PM,0.49621440000000006
147.0,6:00:15.94 PM,0.49621440000000006
147.1,6:00:16.00 PM,0.49621440000000006
147.2,6:00:16.10 PM,0.49621440000000006
147.3,6:00:16.20 PM,0.49621440000000006
147.4,6:00:16.30 PM,0.49621440000000006
147.5,6:00:16.40 PM,0.49621440000000006
147.6,6:00:16.50 PM,0.49621440000000006
147.7,6:00:16.60 PM,0.49621440000000006
147.8,6:00:16.70 PM,0.49621440000000006
147.9,6:00:16.80 PM,0.49621440000000006
148.0,6:00:16.86 PM,0.49621440000000006
148.1,6:00:16.96 PM,0.49621440000000006
148.2,6:00:17.07 PM,0.49621440000000006
148.3,6:00:17.20 PM,0.49621440000000006
148.4,6:00:17.28 PM,0.49621440000000006
148.5,6:00:17.38 PM,0.49621440000000006
148.6,6:00:17.48 PM,0.49621440000000006
148.7,6:00:17.58 PM,0.49621440000000006
148.8,6:00:17.70 PM,0.49621440000000006
148.9,6:00:17.78 PM,0.49621440000000006
149.0,6:00:17.89 PM,0.49621440000000006
149.1,6:00:17.99 PM,0.49621440000000006
149.2,6:00:18.10 PM,0.49621440000000006
149.3,6:00:18.20 PM,0.49621440000000006
149.4,6:00:18.31 PM,0.49621440000000006
149.5,6:00:18.41 PM,0.49621440000000006
149.6,6:00:18.51 PM,0.49621440000000006
149.7,6:00:18.61 PM,0.49621440000000006
149.8,6:00:18.71 PM,0.49621440000000006
149.9,6:00:18.82 PM,0.49621440000000006
150.0,6:00:18.92 PM,0.49621440000000006
150.1,6:00:19.02 PM,0.49621440000000006
150.2,6:00:19.13 PM,0.49621440000000006
150.3,6:00:19.23 PM,0.49621440000000006
150.4,6:00:19.33 PM,0.49621440000000006
150.5,6:00:19.40 PM,0.49621440000000006
150.6,6:00:19.50 PM,0.49621440000000006
150.7,6:00:19.60 PM,0.5990336
150.8,6:00:19.70 PM,0.5990336
150.9,6:00:19.80 PM,0.49621440000000006
151.0,6:00:19.90 PM,0.49621440000000006
151.1,6:00:19.96 PM,0.49621440000000006
151.2,6:00:20.06 PM,0.49621440000000006
151.3,6:00:20.20 PM,0.49621440000000006
151.4,6:00:20.30 PM,0.49621440000000006
151.5,6:00:20.37 PM,0.49621440000000006
151.6,6:00:20.47 PM,0.49621440000000006
151.7,6:00:20.57 PM,0.49621440000000006
151.8,6:00:20.68 PM,0.49621440000000006
151.9,6:00:20.80 PM,0.49621440000000006
152.0,6:00:20.88 PM,0.49621440000000006
152.1,6:00:20.98 PM,0.49621440000000006
152.2,6:00:21.08 PM,0.49621440000000006
152.3,6:00:21.18 PM,0.49621440000000006
152.4,6:00:21.29 PM,0.49621440000000006
152.5,6:00:21.39 PM,0.49621440000000006
152.6,6:00:21.49 PM,0.49621440000000006
152.7,6:00:21.60 PM,0.49621440000000006
152.8,6:00:21.70 PM,0.49621440000000006
152.9,6:00:21.80 PM,0.49621440000000006
153.0,6:00:21.91 PM,0.49621440000000006
153.1,6:00:22.01 PM,0.49621440000000006
153.2,6:00:22.11 PM,0.49621440000000006
153.3,6:00:22.22 PM,0.49621440000000006
153.4,6:00:22.32 PM,0.49621440000000006
153.5,6:00:22.42 PM,0.49621440000000006
153.6,6:00:22.52 PM,0.49621440000000006
153.7,6:00:22.60 PM,0.49621440000000006
153.8,6:00:22.73 PM,0.49621440000000006
153.9,6:00:22.83 PM,0.49621440000000006
154.0,6:00:22.90 PM,0.49621440000000006
154.1,6:00:23.04 PM,0.49621440000000006
154.2,6:00:23.10 PM,0.49621440000000006
154.3,6:00:23.20 PM,0.49621440000000006
154.4,6:00:23.30 PM,0.49621440000000006
154.5,6:00:23.40 PM,0.49621440000000006
154.6,6:00:23.50 PM,0.49621440000000006
154.7,6:00:23.60 PM,0.49621440000000006
154.8,6:00:23.70 PM,0.49621440000000006
154.9,6:00:23.80 PM,0.49621440000000006
155.0,6:00:23.90 PM,0.49621440000000006
155.1,6:00:23.96 PM,0.49621440000000006
155.2,6:00:24.06 PM,0.49621440000000006
155.3,6:00:24.17 PM,0.49621440000000006
155.4,6:00:24.27 PM,0.49621440000000006
155.5,6:00:24.38 PM,0.49621440000000006
155.6,6:00:24.48 PM,0.49621440000000006
155.7,6:00:24.60 PM,0.49621440000000006
155.8,6:00:24.68 PM,0.49621440000000006
155.9,6:00:24.79 PM,0.49621440000000006
156.0,6:00:24.89 PM,0.49621440000000006
156.1,6:00:24.99 PM,0.49621440000000006
156.2,6:00:25.09 PM,0.49621440000000006
156.3,6:00:25.20 PM,0.49621440000000006
156.4,6:00:25.30 PM,0.49621440000000006
156.5,6:00:25.40 PM,0.49621440000000006
156.6,6:00:25.50 PM,0.49621440000000006
156.7,6:00:25.61 PM,0.49621440000000006
156.8,6:00:25.71 PM,0.49621440000000006
156.9,6:00:25.81 PM,0.49621440000000006
157.0,6:00:25.91 PM,0.49621440000000006
157.1,6:00:26.02 PM,0.49621440000000006
157.2,6:00:26.12 PM,0.49621440000000006
157.3,6:00:26.22 PM,0.49621440000000006
157.4,6:00:26.32 PM,0.49621440000000006
157.5,6:00:26.43 PM,0.49621440000000006
157.6,6:00:26.53 PM,0.49621440000000006
157.7,6:00:26.63 PM,0.49621440000000006
157.8,6:00:26.70 PM,0.49621440000000006
157.9,6:00:26.80 PM,0.49621440000000006
158.0,6:00:26.90 PM,0.49621440000000006
158.1,6:00:27.00 PM,0.49621440000000006
158.2,6:00:27.10 PM,0.49621440000000006
158.3,6:00:27.20 PM,0.49621440000000006
158.4,6:00:27.30 PM,0.49621440000000006
158.5,6:00:27.40 PM,0.49621440000000006
158.6,6:00:27.50 PM,0.49621440000000006
158.7,6:00:27.60 PM,0.49621440000000006
158.8,6:00:27.70 PM,0.49621440000000006
158.9,6:00:27.76 PM,0.49621440000000006
159.0,6:00:27.86 PM,0.49621440000000006
159.1,6:00:27.97 PM,0.49621440000000006
159.2,6:00:28.07 PM,0.49621440000000006
159.3,6:00:28.17 PM,0.49621440000000006
159.4,6:00:28.30 PM,0.49621440000000006
159.5,6:00:28.37 PM,0.49621440000000006
159.6,6:00:28.48 PM,0.5990336
159.7,6:00:28.58 PM,0.5990336
159.8,6:00:28.68 PM,0.5990336
159.9,6:00:28.78 PM,0.5990336
160.0,6:00:28.89 PM,0.5990336
160.1,6:00:28.99 PM,0.5990336
160.2,6:00:29.09 PM,0.5990336
160.3,6:00:29.19 PM,0.5990336
160.4,6:00:29.30 PM,0.5990336
160.5,6:00:29.40 PM,0.5990336
160.6,6:00:29.50 PM,0.5990336
160.7,6:00:29.61 PM,0.5990336
160.8,6:00:29.71 PM,0.5990336
160.9,6:00:29.81 PM,0.5990336
161.0,6:00:29.92 PM,0.5990336
161.1,6:00:30.02 PM,0.5990336
161.2,6:00:30.12 PM,0.5990336
161.3,6:00:30.23 PM,0.5990336
161.4,6:00:30.33 PM,0.5990336
161.5,6:00:30.43 PM,0.5990336
161.6,6:00:30.53 PM,0.5990336
161.7,6:00:30.60 PM,0.5990336
161.8,6:00:30.74 PM,0.5990336
161.9,6:00:30.80 PM,0.5990336
162.0,6:00:30.90 PM,0.5990336
162.1,6:00:31.00 PM,0.5990336
162.2,6:00:31.10 PM,0.5990336
162.3,6:00:31.20 PM,0.5990336
162.4,6:00:31.30 PM,0.5990336
162.5,6:00:31.40 PM,0.5990336
162.6,6:00:31.46 PM,0.5990336
162.7,6:00:31.60 PM,0.5990336
162.8,6:00:31.67 PM,0.5990336
162.9,6:00:31.77 PM,0.5990336
163.0,6:00:31.87 PM,0.5990336
163.1,6:00:31.97 PM,0.5990336
163.2,6:00:32.07 PM,0.5990336
163.3,6:00:32.18 PM,0.5990336
163.4,6:00:32.29 PM,0.5990336
163.5,6:00:32.40 PM,0.5990336
163.6,6:00:32.49 PM,0.5990336
163.7,6:00:32.59 PM,0.5990336
163.8,6:00:32.70 PM,0.5990336
163.9,6:00:32.80 PM,0.5990336
164.0,6:00:32.91 PM,0.5990336
164.1,6:00:33.01 PM,0.5990336
164.2,6:00:33.11 PM,0.5990336
164.3,6:00:33.22 PM,0.5990336
164.4,6:00:33.32 PM,0.5990336
164.5,6:00:33.43 PM,0.5990336
164.6,6:00:33.53 PM,0.5990336
164.7,6:00:33.63 PM,0.5990336
164.8,6:00:33.74 PM,0.5990336
164.9,6:00:33.80 PM,0.5990336
165.0,6:00:33.90 PM,0.5990336
165.1,6:00:34.00 PM,0.5990336
165.2,6:00:34.10 PM,0.5990336
165.3,6:00:34.20 PM,0.5990336
165.4,6:00:34.30 PM,0.5990336
165.5,6:00:34.40 PM,0.5990336
165.6,6:00:34.46 PM,0.5990336
165.7,6:00:34.56 PM,0.5990336
165.8,6:00:34.66 PM,0.5990336
165.9,6:00:34.77 PM,0.5990336
166.0,6:00:34.87 PM,0.5990336
166.1,6:00:34.97 PM,0.5990336
166.2,6:00:35.07 PM,0.5990336
166.3,6:00:35.18 PM,0.5990336
166.4,6:00:35.28 PM,0.5990336
166.5,6:00:35.38 PM,0.5990336
166.6,6:00:35.49 PM,0.5990336
166.7,6:00:35.59 PM,0.5990336
166.8,6:00:35.69 PM,0.5990336
166.9,6:00:35.80 PM,0.49621440000000006
167.0,6:00:35.90 PM,0.49621440000000006
167.1,6:00:36.00 PM,0.49621440000000006
167.2,6:00:36.10 PM,0.49621440000000006
167.3,6:00:36.21 PM,0.49621440000000006
167.4,6:00:36.32 PM,0.49621440000000006
167.5,6:00:36.42 PM,0.49621440000000006
167.6,6:00:36.52 PM,0.49621440000000006
167.7,6:00:36.62 PM,0.49621440000000006
167.8,6:00:36.73 PM,0.49621440000000006
167.9,6:00:36.80 PM,0.49621440000000006
168.0,6:00:36.93 PM,0.49621440000000006
168.1,6:00:37.03 PM,0.49621440000000006
168.2,6:00:37.14 PM,0.5990336
168.3,6:00:37.20 PM,0.5990336
168.4,6:00:37.30 PM,0.5990336
168.5,6:00:37.40 PM,0.5990336
168.6,6:00:37.50 PM,0.5990336
168.7,6:00:37.60 PM,0.5990336
168.8,6:00:37.70 PM,0.5990336
168.9,6:00:37.80 PM,0.5990336
169.0,6:00:37.90 PM,0.5990336
169.1,6:00:38.00 PM,0.5990336
169.2,6:00:38.06 PM,0.5990336
169.3,6:00:38.16 PM,0.5990336
169.4,6:00:38.30 PM,0.5990336
169.5,6:00:38.37 PM,0.5990336
169.6,6:00:38.47 PM,0.5990336
169.7,6:00:38.58 PM,0.5990336
169.8,6:00:38.68 PM,0.5990336
169.9,6:00:38.80 PM,0.5990336
170.0,6:00:38.89 PM,0.5990336
170.1,6:00:38.99 PM,0.5990336
170.2,6:00:39.09 PM,0.5990336
170.3,6:00:39.19 PM,0.5990336
170.4,6:00:39.29 PM,0.5990336
170.5,6:00:39.40 PM,0.5990336
170.6,6:00:39.50 PM,0.5990336
170.7,6:00:39.60 PM,0.5990336
170.8,6:00:39.71 PM,0.5990336
170.9,6:00:39.81 PM,0.5990336
171.0,6:00:39.91 PM,0.5990336
171.1,6:00:40.02 PM,0.49621440000000006
171.2,6:00:40.12 PM,0.49621440000000006
171.3,6:00:40.22 PM,0.49621440000000006
171.4,6:00:40.32 PM,0.49621440000000006
171.5,6:00:40.43 PM,0.49621440000000006
171.6,6:00:40.53 PM,0.49621440000000006
171.7,6:00:40.63 PM,0.49621440000000006
171.8,6:00:40.73 PM,0.49621440000000006
171.9,6:00:40.80 PM,0.49621440000000006
172.0,6:00:40.90 PM,0.49621440000000006
172.1,6:00:41.00 PM,0.49621440000000006
172.2,6:00:41.10 PM,0.49621440000000006
172.3,6:00:41.20 PM,0.49621440000000006
172.4,6:00:41.30 PM,0.49621440000000006
172.5,6:00:41.40 PM,0.49621440000000006
172.6,6:00:41.50 PM,0.49621440000000006
172.7,6:00:41.60 PM,0.49621440000000006
172.8,6:00:41.66 PM,0.49621440000000006
172.9,6:00:41.76 PM,0.49621440000000006
173.0,6:00:41.86 PM,0.49621440000000006
173.1,6:00:42.00 PM,0.49621440000000006
173.2,6:00:42.07 PM,0.49621440000000006
173.3,6:00:42.17 PM,0.49621440000000006
173.4,6:00:42.28 PM,0.49621440000000006
173.5,6:00:42.38 PM,0.49621440000000006
173.6,6:00:42.48 PM,0.49621440000000006
173.7,6:00:42.59 PM,0.5990336
173.8,6:00:42.69 PM,0.5990336
173.9,6:00:42.80 PM,0.5990336
174.0,6:00:42.89 PM,0.5990336
174.1,6:00:42.99 PM,0.5990336
174.2,6:00:43.09 PM,0.5990336
174.3,6:00:43.20 PM,0.5990336
174.4,6:00:43.30 PM,0.5990336
174.5,6:00:43.40 PM,0.5990336
174.6,6:00:43.51 PM,0.5990336
174.7,6:00:43.61 PM,0.5990336
174.8,6:00:43.71 PM,0.5990336
174.9,6:00:43.82 PM,0.5990336
175.0,6:00:43.92 PM,0.5990336
175.1,6:00:44.02 PM,0.5990336
175.2,6:00:44.12 PM,0.5990336
175.3,6:00:44.23 PM,0.5990336
175.4,6:00:44.33 PM,0.5990336
175.5,6:00:44.43 PM,0.5990336
175.6,6:00:44.53 PM,0.5990336
175.7,6:00:44.63 PM,0.5990336
175.8,6:00:44.74 PM,0.5990336
175.9,6:00:44.80 PM,0.5990336
176.0,6:00:44.90 PM,0.5990336
176.1,6:00:45.00 PM,0.5990336
176.2,6:00:45.10 PM,0.5990336
176.3,6:00:45.20 PM,0.5990336
176.4,6:00:45.30 PM,0.5990336
176.5,6:00:45.40 PM,0.5990336
176.6,6:00:45.50 PM,0.5990336
176.7,6:00:45.60 PM,0.5990336
176.8,6:00:45.70 PM,0.5990336
176.9,6:00:45.76 PM,0.5990336
177.0,6:00:45.90 PM,0.5990336
177.1,6:00:45.96 PM,0.5990336
177.2,6:00:46.07 PM,0.5990336
177.3,6:00:46.17 PM,0.5990336
177.4,6:00:46.30 PM,0.5990336
177.5,6:00:46.38 PM,0.5990336
177.6,6:00:46.48 PM,0.5990336
177.7,6:00:46.58 PM,0.5990336
177.8,6:00:46.69 PM,0.5990336
177.9,6:00:46.79 PM,0.5990336
178.0,6:00:46.89 PM,0.5990336
178.1,6:00:46.99 PM,0.5990336
178.2,6:00:47.10 PM,0.5990336
178.3,6:00:47.20 PM,0.5990336
178.4,6:00:47.30 PM,0.5990336
178.5,6:00:47.41 PM,0.5990336
178.6,6:00:47.51 PM,0.5990336
178.7,6:00:47.61 PM,0.5990336
178.8,6:00:47.72 PM,0.5990336
178.9,6:00:47.82 PM,0.5990336
179.0,6:00:47.92 PM,0.5990336
179.1,6:00:48.02 PM,0.5990336
179.2,6:00:48.13 PM,0.5990336
179.3,6:00:48.20 PM,0.5990336
179.4,6:00:48.34 PM,0.5990336
179.5,6:00:48.40 PM,0.5990336
179.6,6:00:48.50 PM,0.5990336
179.7,6:00:48.60 PM,0.5990336
179.8,6:00:48.70 PM,0.5990336
179.9,6:00:48.80 PM,0.5990336
180.0,6:00:48.90 PM,0.5990336
180.1,6:00:49.00 PM,0.5990336
180.2,6:00:49.10 PM,0.5990336
180.3,6:00:49.16 PM,0.5990336
180.4,6:00:49.27 PM,0.5990336
180.5,6:00:49.37 PM,0.6973824
180.6,6:00:49.50 PM,0.6973824
180.7,6:00:49.57 PM,0.6973824
180.8,6:00:49.68 PM,0.6973824
180.9,6:00:49.78 PM,0.6973824
181.0,6:00:49.88 PM,0.6973824
181.1,6:00:49.99 PM,0.6973824
181.2,6:00:50.09 PM,0.6973824
181.3,6:00:50.19 PM,0.6973824
181.4,6:00:50.30 PM,0.6973824
181.5,6:00:50.40 PM,0.6973824
181.6,6:00:50.50 PM,0.6973824
181.7,6:00:50.60 PM,0.6973824
181.8,6:00:50.71 PM,0.6973824
181.9,6:00:50.81 PM,0.6973824
182.0,6:00:50.91 PM,0.6973824
182.1,6:00:51.01 PM,0.6973824
182.2,6:00:51.12 PM,0.6973824
182.3,6:00:51.22 PM,0.6973824
182.4,6:00:51.32 PM,0.6973824
182.5,6:00:51.43 PM,0.6973824
182.6,6:00:51.53 PM,0.6973824
182.7,6:00:51.63 PM,0.6973824
182.8,6:00:51.70 PM,0.6973824
182.9,6:00:51.80 PM,0.6973824
183.0,6:00:51.94 PM,0.6973824
183.1,6:00:52.00 PM,0.6973824
183.2,6:00:52.10 PM,0.6973824
183.3,6:00:52.20 PM,0.6973824
183.4,6:00:52.30 PM,0.6973824
183.5,6:00:52.40 PM,0.6973824
183.6,6:00:52.50 PM,0.6973824
183.7,6:00:52.60 PM,0.6973824
183.8,6:00:52.70 PM,0.6973824
183.9,6:00:52.80 PM,0.6973824
184.0,6:00:52.90 PM,0.6973824
184.1,6:00:52.96 PM,0.6973824
184.2,6:00:53.06 PM,0.6973824
184.3,6:00:53.17 PM,0.6973824
184.4,6:00:53.27 PM,0.6973824
184.5,6:00:53.37 PM,0.6973824
184.6,6:00:53.50 PM,0.6973824
184.7,6:00:53.57 PM,0.7957312
184.8,6:00:53.68 PM,0.7957312
184.9,6:00:53.78 PM,0.7957312
185.0,6:00:53.89 PM,0.7957312
185.1,6:00:53.99 PM,0.7957312
185.2,6:00:54.09 PM,0.7957312
185.3,6:00:54.20 PM,0.7957312
185.4,6:00:54.30 PM,0.7957312
185.5,6:00:54.41 PM,0.7957312
185.6,6:00:54.51 PM,0.7957312
185.7,6:00:54.61 PM,0.7957312
185.8,6:00:54.71 PM,0.7957312
185.9,6:00:54.81 PM,0.7957312
186.0,6:00:54.91 PM,0.7957312
186.1,6:00:55.02 PM,0.7957312
186.2,6:00:55.12 PM,0.7957312
186.3,6:00:55.22 PM,0.7957312
186.4,6:00:55.33 PM,0.7957312
186.5,6:00:55.43 PM,0.7957312
186.6,6:00:55.53 PM,0.7957312
186.7,6:00:55.63 PM,0.7957312
186.8,6:00:55.70 PM,0.7957312
186.9,6:00:55.80 PM,0.7957312
187.0,6:00:55.90 PM,0.7957312
187.1,6:00:56.00 PM,0.7957312
187.2,6:00:56.10 PM,0.7957312
187.3,6:00:56.20 PM,0.7957312
187.4,6:00:56.30 PM,0.7957312
187.5,6:00:56.40 PM,0.7957312
187.6,6:00:56.50 PM,0.7957312
187.7,6:00:56.60 PM,0.8985503999999999
187.8,6:00:56.70 PM,0.8985503999999999
187.9,6:00:56.76 PM,0.8985503999999999
188.0,6:00:56.86 PM,0.8985503999999999
188.1,6:00:56.97 PM,0.7957312
188.2,6:00:57.07 PM,0.7957312
188.3,6:00:57.17 PM,0.7957312
188.4,6:00:57.27 PM,0.7957312
188.5,6:00:57.37 PM,0.7957312
188.6,6:00:57.48 PM,0.7957312
188.7,6:00:57.58 PM,0.7957312
188.8,6:00:57.69 PM,0.7957312
188.9,6:00:57.79 PM,0.7957312
189.0,6:00:57.89 PM,0.8985503999999999
189.1,6:00:58.00 PM,0.8985503999999999
189.2,6:00:58.10 PM,0.8985503999999999
189.3,6:00:58.20 PM,0.8985503999999999
189.4,6:00:58.31 PM,0.8985503999999999
189.5,6:00:58.41 PM,0.8985503999999999
189.6,6:00:58.51 PM,0.8985503999999999
189.7,6:00:58.62 PM,0.8985503999999999
189.8,6:00:58.72 PM,0.8985503999999999
189.9,6:00:58.82 PM,0.8985503999999999
190.0,6:00:58.92 PM,0.8985503999999999
190.1,6:00:59.02 PM,0.8985503999999999
190.2,6:00:59.13 PM,0.8985503999999999
190.3,6:00:59.23 PM,0.8985503999999999
190.4,6:00:59.33 PM,0.8985503999999999
190.5,6:00:59.44 PM,0.8985503999999999
190.6,6:00:59.50 PM,0.8985503999999999
190.7,6:00:59.60 PM,0.8985503999999999
190.8,6:00:59.70 PM,0.7957312
190.9,6:00:59.80 PM,0.7957312
191.0,6:00:59.90 PM,0.7957312
191.1,6:01:00.00 PM,0.7957312
191.2,6:01:00.10 PM,0.7957312
191.3,6:01:00.20 PM,0.7957312
191.4,6:01:00.30 PM,0.7957312
191.5,6:01:00.36 PM,0.7957312
191.6,6:01:00.46 PM,0.7957312
191.7,6:01:00.56 PM,0.7957312
191.8,6:01:00.70 PM,0.7957312
191.9,6:01:00.80 PM,0.7957312
192.0,6:01:00.87 PM,0.7957312
192.1,6:01:00.97 PM,0.7957312
192.2,6:01:01.07 PM,0.7957312
192.3,6:01:01.18 PM,0.7957312
192.4,6:01:01.30 PM,0.7957312
192.5,6:01:01.39 PM,0.7957312
192.6,6:01:01.49 PM,0.7957312
192.7,6:01:01.59 PM,0.7957312
192.8,6:01:01.69 PM,0.7957312
192.9,6:01:01.80 PM,0.7957312
193.0,6:01:01.90 PM,0.7957312
193.1,6:01:02.00 PM,0.7957312
193.2,6:01:02.11 PM,0.7957312
193.3,6:01:02.21 PM,0.7957312
193.4,6:01:02.31 PM,0.7957312
193.5,6:01:02.41 PM,0.6973824
193.6,6:01:02.52 PM,0.6973824
193.7,6:01:02.62 PM,0.6973824
193.8,6:01:02.72 PM,0.6973824
193.9,6:01:02.82 PM,0.6973824
194.0,6:01:02.93 PM,0.6973824
194.1,6:01:03.03 PM,0.6973824
194.2,6:01:03.13 PM,0.6973824
194.3,6:01:03.20 PM,0.6973824
194.4,6:01:03.30 PM,0.6973824
194.5,6:01:03.40 PM,0.6973824
194.6,6:01:03.50 PM,0.6973824
194.7,6:01:03.60 PM,0.6973824
194.8,6:01:03.70 PM,0.6973824
194.9,6:01:03.80 PM,0.6973824
195.0,6:01:03.90 PM,0.7957312
195.1,6:01:04.00 PM,0.7957312
195.2,6:01:04.10 PM,0.7957312
195.3,6:01:04.20 PM,0.7957312
195.4,6:01:04.26 PM,0.7957312
195.5,6:01:04.40 PM,0.7957312
195.6,6:01:04.50 PM,0.7957312
195.7,6:01:04.57 PM,0.7957312
195.8,6:01:04.70 PM,0.7957312
195.9,6:01:04.77 PM,0.7957312
196.0,6:01:04.87 PM,0.7957312
196.1,6:01:04.98 PM,0.7957312
196.2,6:01:05.08 PM,0.7957312
196.3,6:01:05.18 PM,0.7957312
196.4,6:01:05.28 PM,0.7957312
196.5,6:01:05.39 PM,0.7957312
196.6,6:01:05.49 PM,0.7957312
196.7,6:01:05.59 PM,0.7957312
196.8,6:01:05.70 PM,0.7957312
196.9,6:01:05.80 PM,0.7957312
197.0,6:01:05.90 PM,0.7957312
197.1,6:01:06.00 PM,0.7957312
197.2,6:01:06.11 PM,0.7957312
197.3,6:01:06.21 PM,0.7957312
197.4,6:01:06.32 PM,0.7957312
197.5,6:01:06.42 PM,0.7957312
197.6,6:01:06.52 PM,0.7957312
197.7,6:01:06.63 PM,0.7957312
197.8,6:01:06.73 PM,0.7957312
197.9,6:01:06.83 PM,0.7957312
198.0,6:01:06.90 PM,0.7957312
198.1,6:01:07.00 PM,0.7957312
198.2,6:01:07.10 PM,0.7957312
198.3,6:01:07.20 PM,0.7957312
198.4,6:01:07.30 PM,0.7957312
198.5,6:01:07.40 PM,0.7957312
198.6,6:01:07.50 PM,0.7957312
198.7,6:01:07.60 PM,0.7957312
198.8,6:01:07.70 PM,0.7957312
198.9,6:01:07.80 PM,0.7957312
199.0,6:01:07.90 PM,0.7957312
199.1,6:01:07.96 PM,0.7957312
199.2,6:01:08.07 PM,0.7957312
199.3,6:01:08.17 PM,0.7957312
199.4,6:01:08.28 PM,0.7957312
199.5,6:01:08.38 PM,0.6973824
199.6,6:01:08.48 PM,0.6973824
199.7,6:01:08.59 PM,0.6973824
199.8,6:01:08.69 PM,0.6973824
199.9,6:01:08.79 PM,0.6973824
200.0,6:01:08.89 PM,0.6973824
200.1,6:01:08.99 PM,0.7957312
200.2,6:01:09.10 PM,0.7957312
200.3,6:01:09.20 PM,0.7957312
200.4,6:01:09.30 PM,0.7957312
200.5,6:01:09.40 PM,0.7957312
200.6,6:01:09.50 PM,0.7957312
200.7,6:01:09.61 PM,0.7957312
200.8,6:01:09.71 PM,0.7957312
200.9,6:01:09.81 PM,0.7957312
201.0,6:01:09.92 PM,0.7957312
201.1,6:01:10.02 PM,0.7957312
201.2,6:01:10.13 PM,0.7957312
201.3,6:01:10.20 PM,0.7957312
201.4,6:01:10.34 PM,0.7957312
201.5,6:01:10.40 PM,0.7957312
201.6,6:01:10.50 PM,0.7957312
201.7,6:01:10.60 PM,0.7957312
201.8,6:01:10.70 PM,0.7957312
201.9,6:01:10.80 PM,0.7957312
202.0,6:01:10.90 PM,0.7957312
202.1,6:01:11.00 PM,0.7957312
202.2,6:01:11.06 PM,0.7957312
202.3,6:01:11.17 PM,0.7957312
202.4,6:01:11.27 PM,0.7957312
202.5,6:01:11.38 PM,0.7957312
202.6,6:01:11.48 PM,0.7957312
202.7,6:01:11.58 PM,0.7957312
202.8,6:01:11.69 PM,0.7957312
202.9,6:01:11.79 PM,0.7957312
203.0,6:01:11.89 PM,0.7957312
203.1,6:01:11.99 PM,0.7957312
203.2,6:01:12.09 PM,0.7957312
203.3,6:01:12.20 PM,0.7957312
203.4,6:01:12.30 PM,0.7957312
203.5,6:01:12.40 PM,0.7957312
203.6,6:01:12.51 PM,0.7957312
203.7,6:01:12.61 PM,0.7957312
203.8,6:01:12.71 PM,0.7957312
203.9,6:01:12.82 PM,0.7957312
204.0,6:01:12.92 PM,0.7957312
204.1,6:01:13.03 PM,0.7957312
204.2,6:01:13.13 PM,0.7957312
204.3,6:01:13.20 PM,0.7957312
204.4,6:01:13.30 PM,0.7957312
204.5,6:01:13.40 PM,0.7957312
204.6,6:01:13.50 PM,0.7957312
204.7,6:01:13.60 PM,0.6973824
204.8,6:01:13.70 PM,0.6973824
204.9,6:01:13.80 PM,0.6973824
205.0,6:01:13.86 PM,0.6973824
205.1,6:01:14.00 PM,0.6973824
205.2,6:01:14.07 PM,0.6973824
205.3,6:01:14.17 PM,0.6973824
205.4,6:01:14.30 PM,0.6973824
205.5,6:01:14.37 PM,0.6973824
205.6,6:01:14.48 PM,0.6973824
205.7,6:01:14.58 PM,0.6973824
205.8,6:01:14.68 PM,0.6973824
205.9,6:01:14.79 PM,0.6973824
206.0,6:01:14.89 PM,0.6973824
206.1,6:01:14.99 PM,0.6973824
206.2,6:01:15.09 PM,0.6973824
206.3,6:01:15.20 PM,0.6973824
206.4,6:01:15.30 PM,0.6973824
206.5,6:01:15.41 PM,0.6973824
206.6,6:01:15.51 PM,0.6973824
206.7,6:01:15.61 PM,0.6973824
206.8,6:01:15.72 PM,0.6973824
206.9,6:01:15.82 PM,0.6973824
207.0,6:01:15.92 PM,0.6973824
207.1,6:01:16.02 PM,0.6973824
207.2,6:01:16.10 PM,0.6973824
207.3,6:01:16.23 PM,0.6973824
207.4,6:01:16.30 PM,0.6973824
207.5,6:01:16.40 PM,0.6973824
207.6,6:01:16.50 PM,0.6973824
207.7,6:01:16.60 PM,0.6973824
207.8,6:01:16.70 PM,0.6973824
207.9,6:01:16.80 PM,0.6973824
208.0,6:01:16.90 PM,0.7957312
208.1,6:01:17.00 PM,0.7957312
208.2,6:01:17.06 PM,0.7957312
208.3,6:01:17.20 PM,0.7957312
208.4,6:01:17.30 PM,0.7957312
208.5,6:01:17.37 PM,0.7957312
208.6,6:01:17.47 PM,0.6973824
208.7,6:01:17.58 PM,0.6973824
208.8,6:01:17.68 PM,0.6973824
208.9,6:01:17.78 PM,0.6973824
209.0,6:01:17.88 PM,0.6973824
209.1,6:01:17.99 PM,0.6973824
209.2,6:01:18.09 PM,0.6973824
209.3,6:01:18.20 PM,0.6973824
209.4,6:01:18.30 PM,0.6973824
209.5,6:01:18.40 PM,0.6973824
209.6,6:01:18.50 PM,0.6973824
209.7,6:01:18.61 PM,0.6973824
209.8,6:01:18.71 PM,0.6973824
209.9,6:01:18.81 PM,0.6973824
210.0,6:01:18.92 PM,0.6973824
210.1,6:01:19.02 PM,0.6973824
210.2,6:01:19.12 PM,0.6973824
210.3,6:01:19.23 PM,0.6973824
210.4,6:01:19.33 PM,0.6973824
210.5,6:01:19.40 PM,0.7957312
210.6,6:01:19.54 PM,0.7957312
210.7,6:01:19.64 PM,0.7957312
210.8,6:01:19.70 PM,0.7957312
210.9,6:01:19.80 PM,0.7957312
211.0,6:01:19.90 PM,0.7957312
211.1,6:01:20.00 PM,0.7957312
211.2,6:01:20.10 PM,0.7957312
211.3,6:01:20.20 PM,0.7957312
211.4,6:01:20.30 PM,0.7957312
211.5,6:01:20.36 PM,0.7957312
211.6,6:01:20.50 PM,0.7957312
211.7,6:01:20.60 PM,0.7957312
211.8,6:01:20.70 PM,0.7957312
211.9,6:01:20.80 PM,0.7957312
212.0,6:01:20.87 PM,0.7957312
212.1,6:01:20.97 PM,0.7957312
212.2,6:01:21.07 PM,0.7957312
212.3,6:01:21.20 PM,0.7957312
212.4,6:01:21.28 PM,0.7957312
212.5,6:01:21.38 PM,0.7957312
212.6,6:01:21.49 PM,0.8985503999999999
212.7,6:01:21.59 PM,0.8985503999999999
212.8,6:01:21.70 PM,0.8985503999999999
212.9,6:01:21.80 PM,0.8985503999999999
213.0,6:01:21.90 PM,0.8985503999999999
213.1,6:01:22.00 PM,0.8985503999999999
213.2,6:01:22.10 PM,0.8985503999999999
213.3,6:01:22.21 PM,0.8985503999999999
213.4,6:01:22.31 PM,0.8985503999999999
213.5,6:01:22.41 PM,0.8985503999999999
213.6,6:01:22.52 PM,0.8985503999999999
213.7,6:01:22.62 PM,0.8985503999999999
213.8,6:01:22.72 PM,0.8985503999999999
213.9,6:01:22.83 PM,0.8985503999999999
214.0,6:01:22.93 PM,0.8985503999999999
214.1,6:01:23.03 PM,0.8985503999999999
214.2,6:01:23.14 PM,0.8985503999999999
214.3,6:01:23.20 PM,0.8985503999999999
214.4,6:01:23.30 PM,0.8985503999999999
214.5,6:01:23.40 PM,0.8985503999999999
214.6,6:01:23.50 PM,0.8985503999999999
214.7,6:01:23.60 PM,0.8985503999999999
214.8,6:01:23.70 PM,0.8985503999999999
214.9,6:01:23.80 PM,0.8985503999999999
215.0,6:01:23.90 PM,0.8985503999999999
215.1,6:01:24.00 PM,0.8985503999999999
215.2,6:01:24.06 PM,0.8985503999999999
215.3,6:01:24.16 PM,0.8985503999999999
215.4,6:01:24.26 PM,0.7957312
215.5,6:01:24.37 PM,0.7957312
215.6,6:01:24.47 PM,0.7957312
215.7,6:01:24.57 PM,0.8985503999999999
215.8,6:01:24.70 PM,0.8985503999999999
215.9,6:01:24.78 PM,0.8985503999999999
216.0,6:01:24.88 PM,0.8985503999999999
216.1,6:01:24.99 PM,0.8985503999999999
216.2,6:01:25.09 PM,0.8985503999999999
216.3,6:01:25.19 PM,0.8985503999999999
216.4,6:01:25.30 PM,0.8985503999999999
216.5,6:01:25.40 PM,0.8985503999999999
216.6,6:01:25.50 PM,0.8985503999999999
216.7,6:01:25.61 PM,0.8985503999999999
216.8,6:01:25.71 PM,0.8985503999999999
216.9,6:01:25.81 PM,0.8985503999999999
217.0,6:01:25.92 PM,0.8985503999999999
217.1,6:01:26.02 PM,0.8985503999999999
217.2,6:01:26.12 PM,0.8985503999999999
217.3,6:01:26.23 PM,0.8985503999999999
217.4,6:01:26.33 PM,0.8985503999999999
217.5,6:01:26.43 PM,0.8985503999999999
217.6,6:01:26.50 PM,0.8985503999999999
217.7,6:01:26.60 PM,0.8985503999999999
217.8,6:01:26.70 PM,0.8985503999999999
217.9,6:01:26.80 PM,0.8985503999999999
218.0,6:01:26.90 PM,0.8985503999999999
218.1,6:01:27.00 PM,0.8985503999999999
218.2,6:01:27.10 PM,0.8985503999999999
218.3,6:01:27.20 PM,0.8985503999999999
218.4,6:01:27.26 PM,0.9968992
218.5,6:01:27.40 PM,0.9968992
218.6,6:01:27.47 PM,0.9968992
218.7,6:01:27.57 PM,0.9968992
218.8,6:01:27.67 PM,0.9968992
218.9,6:01:27.77 PM,0.9968992
219.0,6:01:27.87 PM,0.9968992
219.1,6:01:27.98 PM,0.9968992
219.2,6:01:28.08 PM,0.9968992
219.3,6:01:28.18 PM,0.9968992
219.4,6:01:28.28 PM,0.9968992
219.5,6:01:28.39 PM,0.9968992
219.6,6:01:28.49 PM,0.9968992
219.7,6:01:28.59 PM,0.9968992
219.8,6:01:28.69 PM,0.9968992
219.9,6:01:28.80 PM,0.9968992
220.0,6:01:28.90 PM,0.9968992
220.1,6:01:29.00 PM,0.9968992
220.2,6:01:29.10 PM,0.9968992
220.3,6:01:29.20 PM,0.9968992
220.4,6:01:29.31 PM,0.9968992
220.5,6:01:29.42 PM,0.9968992
220.6,6:01:29.52 PM,0.9968992
220.7,6:01:29.62 PM,0.9968992
220.8,6:01:29.72 PM,0.9968992
220.9,6:01:29.80 PM,0.9968992
221.0,6:01:29.93 PM,0.9968992
221.1,6:01:30.00 PM,0.9968992
221.2,6:01:30.14 PM,1.0997184
221.3,6:01:30.20 PM,1.0997184
221.4,6:01:30.30 PM,1.0997184
221.5,6:01:30.40 PM,1.0997184
221.6,6:01:30.50 PM,1.0997184
221.7,6:01:30.60 PM,1.0997184
221.8,6:01:30.70 PM,1.0997184
221.9,6:01:30.80 PM,1.0997184
222.0,6:01:30.90 PM,1.0997184
222.1,6:01:30.96 PM,1.0997184
222.2,6:01:31.06 PM,1.1980672
222.3,6:01:31.17 PM,1.1980672
222.4,6:01:31.27 PM,1.1980672
222.5,6:01:31.38 PM,1.1980672
222.6,6:01:31.48 PM,1.1980672
222.7,6:01:31.58 PM,1.1980672
222.8,6:01:31.69 PM,1.1980672
222.9,6:01:31.79 PM,1.1980672
223.0,6:01:31.89 PM,1.1980672
223.1,6:01:32.00 PM,1.1980672
223.2,6:01:32.10 PM,1.296416
223.3,6:01:32.21 PM,1.296416
223.4,6:01:32.31 PM,1.296416
223.5,6:01:32.41 PM,1.296416
223.6,6:01:32.51 PM,1.296416
223.7,6:01:32.61 PM,1.296416
223.8,6:01:32.72 PM,1.296416
223.9,6:01:32.82 PM,1.296416
224.0,6:01:32.92 PM,1.296416
224.1,6:01:33.02 PM,1.296416
224.2,6:01:33.13 PM,1.296416
224.3,6:01:33.23 PM,1.296416
224.4,6:01:33.30 PM,1.296416
224.5,6:01:33.40 PM,1.296416
224.6,6:01:33.50 PM,1.3992352
224.7,6:01:33.60 PM,1.3992352
224.8,6:01:33.70 PM,1.3992352
224.9,6:01:33.80 PM,1.3992352
225.0,6:01:33.90 PM,1.3992352
225.1,6:01:34.00 PM,1.3992352
225.2,6:01:34.10 PM,1.3992352
225.3,6:01:34.16 PM,1.3992352
225.4,6:01:34.26 PM,1.3992352
225.5,6:01:34.37 PM,1.3992352
225.6,6:01:34.47 PM,1.3992352
225.7,6:01:34.57 PM,1.3992352
225.8,6:01:34.67 PM,1.3992352
225.9,6:01:34.78 PM,1.3992352
226.0,6:01:34.88 PM,1.3992352
226.1,6:01:34.98 PM,1.3992352
226.2,6:01:35.08 PM,1.3992352
226.3,6:01:35.18 PM,1.3992352
226.4,6:01:35.29 PM,1.3992352
226.5,6:01:35.39 PM,1.3992352
226.6,6:01:35.49 PM,1.3992352
226.7,6:01:35.60 PM,1.3992352
226.8,6:01:35.70 PM,1.3992352
226.9,6:01:35.80 PM,1.3992352
227.0,6:01:35.91 PM,1.3992352
227.1,6:01:36.01 PM,1.3992352
227.2,6:01:36.12 PM,1.3992352
227.3,6:01:36.22 PM,1.3992352
227.4,6:01:36.33 PM,1.3992352
227.5,6:01:36.43 PM,1.3992352
227.6,6:01:36.53 PM,1.3992352
227.7,6:01:36.63 PM,1.497584
227.8,6:01:36.73 PM,1.497584
227.9,6:01:36.80 PM,1.497584
228.0,6:01:36.90 PM,1.497584
228.1,6:01:37.00 PM,1.497584
228.2,6:01:37.10 PM,1.497584
228.3,6:01:37.20 PM,1.497584
228.4,6:01:37.30 PM,1.497584
228.5,6:01:37.40 PM,1.497584
228.6,6:01:37.50 PM,1.497584
228.7,6:01:37.60 PM,1.497584
228.8,6:01:37.70 PM,1.497584
228.9,6:01:37.76 PM,1.497584
229.0,6:01:37.90 PM,1.497584
229.1,6:01:37.96 PM,1.497584
229.2,6:01:38.07 PM,1.497584
229.3,6:01:38.17 PM,1.497584
229.4,6:01:38.27 PM,1.497584
229.5,6:01:38.38 PM,1.497584
229.6,6:01:38.48 PM,1.497584
229.7,6:01:38.58 PM,1.497584
229.8,6:01:38.68 PM,1.497584
229.9,6:01:38.78 PM,1.497584
230.0,6:01:38.89 PM,1.497584
230.1,6:01:38.99 PM,1.497584
230.2,6:01:39.09 PM,1.497584
230.3,6:01:39.19 PM,1.497584
230.4,6:01:39.30 PM,1.497584
230.5,6:01:39.40 PM,1.497584
230.6,6:01:39.50 PM,1.497584
230.7,6:01:39.60 PM,1.497584
230.8,6:01:39.70 PM,1.497584
230.9,6:01:39.81 PM,1.497584
231.0,6:01:39.91 PM,1.497584
231.1,6:01:40.01 PM,1.497584
231.2,6:01:40.11 PM,1.497584
231.3,6:01:40.22 PM,1.3992352
231.4,6:01:40.32 PM,1.3992352
231.5,6:01:40.42 PM,1.3992352
231.6,6:01:40.52 PM,1.3992352
231.7,6:01:40.60 PM,1.3992352
231.8,6:01:40.73 PM,1.3992352
231.9,6:01:40.80 PM,1.3992352
232.0,6:01:40.90 PM,1.3992352
232.1,6:01:41.03 PM,1.3992352
232.2,6:01:41.10 PM,1.3992352
232.3,6:01:41.20 PM,1.3992352
232.4,6:01:41.30 PM,1.3992352
232.5,6:01:41.40 PM,1.3992352
232.6,6:01:41.50 PM,1.3992352
232.7,6:01:41.60 PM,1.3992352
232.8,6:01:41.70 PM,1.3992352
232.9,6:01:41.80 PM,1.3992352
233.0,6:01:41.90 PM,1.3992352
233.1,6:01:41.96 PM,1.3992352
233.2,6:01:42.06 PM,1.3992352
233.3,6:01:42.17 PM,1.3992352
233.4,6:01:42.30 PM,1.3992352
233.5,6:01:42.37 PM,1.3992352
233.6,6:01:42.47 PM,1.3992352
233.7,6:01:42.58 PM,1.3992352
233.8,6:01:42.68 PM,1.3992352
233.9,6:01:42.79 PM,1.3992352
234.0,6:01:42.89 PM,1.3992352
234.1,6:01:42.99 PM,1.3992352
234.2,6:01:43.10 PM,1.3992352
234.3,6:01:43.20 PM,1.3992352
234.4,6:01:43.30 PM,1.3992352
234.5,6:01:43.41 PM,1.3992352
234.6,6:01:43.51 PM,1.3992352
234.7,6:01:43.61 PM,1.3992352
234.8,6:01:43.71 PM,1.3992352
234.9,6:01:43.82 PM,1.3992352
235.0,6:01:43.92 PM,1.3992352
235.1,6:01:44.02 PM,1.3992352
235.2,6:01:44.12 PM,1.3992352
235.3,6:01:44.22 PM,1.3992352
235.4,6:01:44.33 PM,1.3992352
235.5,6:01:44.43 PM,1.3992352
235.6,6:01:44.53 PM,1.3992352
235.7,6:01:44.63 PM,1.3992352
235.8,6:01:44.74 PM,1.3992352
235.9,6:01:44.80 PM,1.3992352
236.0,6:01:44.90 PM,1.3992352
236.1,6:01:45.00 PM,1.3992352
236.2,6:01:45.10 PM,1.3992352
236.3,6:01:45.20 PM,1.3992352
236.4,6:01:45.30 PM,1.3992352
236.5,6:01:45.40 PM,1.3992352
236.6,6:01:45.50 PM,1.296416
236.7,6:01:45.60 PM,1.296416
236.8,6:01:45.70 PM,1.296416
236.9,6:01:45.76 PM,1.296416
237.0,6:01:45.86 PM,1.296416
237.1,6:01:45.96 PM,1.296416
237.2,6:01:46.06 PM,1.296416
237.3,6:01:46.17 PM,1.296416
237.4,6:01:46.27 PM,1.296416
237.5,6:01:46.37 PM,1.296416
237.6,6:01:46.47 PM,1.296416
237.7,6:01:46.58 PM,1.296416
237.8,6:01:46.68 PM,1.296416
237.9,6:01:46.80 PM,1.296416
238.0,6:01:46.88 PM,1.296416
238.1,6:01:46.98 PM,1.296416
238.2,6:01:47.09 PM,1.296416
238.3,6:01:47.19 PM,1.296416
238.4,6:01:47.30 PM,1.296416
238.5,6:01:47.40 PM,1.296416
238.6,6:01:47.50 PM,1.296416
238.7,6:01:47.60 PM,1.296416
238.8,6:01:47.71 PM,1.296416
238.9,6:01:47.81 PM,1.296416
239.0,6:01:47.91 PM,1.296416
239.1,6:01:48.01 PM,1.296416
239.2,6:01:48.10 PM,1.296416
239.3,6:01:48.22 PM,1.296416
239.4,6:01:48.32 PM,1.296416
239.5,6:01:48.42 PM,1.296416
239.6,6:01:48.52 PM,1.296416
239.7,6:01:48.60 PM,1.296416
239.8,6:01:48.73 PM,1.296416
239.9,6:01:48.80 PM,1.296416
240.0,6:01:48.93 PM,1.296416
240.1,6:01:49.00 PM,1.296416
240.2,6:01:49.10 PM,1.296416
240.3,6:01:49.20 PM,1.296416
240.4,6:01:49.30 PM,1.296416
240.5,6:01:49.40 PM,1.296416
240.6,6:01:49.50 PM,1.296416
240.7,6:01:49.60 PM,1.1980672
240.8,6:01:49.70 PM,1.1980672
240.9,6:01:49.76 PM,1.1980672
241.0,6:01:49.86 PM,1.1980672
241.1,6:01:50.00 PM,1.1980672
241.2,6:01:50.06 PM,1.1980672
241.3,6:01:50.17 PM,1.1980672
241.4,6:01:50.27 PM,1.1980672
241.5,6:01:50.37 PM,1.1980672
241.6,6:01:50.47 PM,1.1980672
241.7,6:01:50.58 PM,1.1980672
241.8,6:01:50.68 PM,1.1980672
241.9,6:01:50.78 PM,1.1980672
242.0,6:01:50.88 PM,1.1980672
242.1,6:01:50.98 PM,1.1980672
242.2,6:01:51.09 PM,1.1980672
242.3,6:01:51.19 PM,1.1980672
242.4,6:01:51.29 PM,1.1980672
242.5,6:01:51.39 PM,1.1980672
242.6,6:01:51.49 PM,1.1980672
242.7,6:01:51.60 PM,1.1980672
242.8,6:01:51.70 PM,1.1980672
242.9,6:01:51.80 PM,1.1980672
243.0,6:01:51.90 PM,1.1980672
243.1,6:01:52.00 PM,1.1980672
243.2,6:01:52.11 PM,1.1980672
243.3,6:01:52.21 PM,1.1980672
243.4,6:01:52.31 PM,1.0997184
243.5,6:01:52.41 PM,1.0997184
243.6,6:01:52.51 PM,1.0997184
243.7,6:01:52.62 PM,1.0997184
243.8,6:01:52.72 PM,1.0997184
243.9,6:01:52.82 PM,1.0997184
244.0,6:01:52.92 PM,1.0997184
244.1,6:01:53.03 PM,1.0997184
244.2,6:01:53.13 PM,1.0997184
244.3,6:01:53.20 PM,1.0997184
244.4,6:01:53.30 PM,1.0997184
244.5,6:01:53.40 PM,1.0997184
244.6,6:01:53.50 PM,1.0997184
244.7,6:01:53.60 PM,1.0997184
244.8,6:01:53.70 PM,1.0997184
244.9,6:01:53.80 PM,1.0997184
245.0,6:01:53.90 PM,1.0997184
245.1,6:01:53.96 PM,1.0997184
245.2,6:01:54.06 PM,1.0997184
245.3,6:01:54.16 PM,1.0997184
245.4,6:01:54.30 PM,1.0997184
245.5,6:01:54.37 PM,1.0997184
245.6,6:01:54.50 PM,1.0997184
245.7,6:01:54.58 PM,1.0997184
245.8,6:01:54.68 PM,1.0997184
245.9,6:01:54.79 PM,1.0997184
246.0,6:01:54.89 PM,1.0997184
246.1,6:01:54.99 PM,1.0997184
246.2,6:01:55.09 PM,1.0997184
246.3,6:01:55.20 PM,1.0997184
246.4,6:01:55.30 PM,1.0997184
246.5,6:01:55.40 PM,1.0997184
246.6,6:01:55.51 PM,1.0997184
246.7,6:01:55.61 PM,1.0997184
246.8,6:01:55.71 PM,1.0997184
246.9,6:01:55.81 PM,1.0997184
247.0,6:01:55.92 PM,1.0997184
247.1,6:01:56.03 PM,1.0997184
247.2,6:01:56.13 PM,1.0997184
247.3,6:01:56.20 PM,1.0997184
247.4,6:01:56.33 PM,1.0997184
247.5,6:01:56.44 PM,1.0997184
247.6,6:01:56.50 PM,1.0997184
247.7,6:01:56.60 PM,1.0997184
247.8,6:01:56.70 PM,1.0997184
247.9,6:01:56.80 PM,1.0997184
248.0,6:01:56.90 PM,1.0997184
248.1,6:01:57.00 PM,1.0997184
248.2,6:01:57.10 PM,0.9968992
248.3,6:01:57.20 PM,0.9968992
248.4,6:01:57.27 PM,0.9968992
248.5,6:01:57.37 PM,0.9968992
248.6,6:01:57.47 PM,0.9968992
248.7,6:01:57.57 PM,0.9968992
248.8,6:01:57.68 PM,0.9968992
248.9,6:01:57.78 PM,0.9968992
249.0,6:01:57.88 PM,0.9968992
249.1,6:01:57.98 PM,0.9968992
249.2,6:01:58.08 PM,0.9968992
249.3,6:01:58.19 PM,0.9968992
249.4,6:01:58.29 PM,0.9968992
249.5,6:01:58.40 PM,0.9968992
249.6,6:01:58.50 PM,0.9968992
249.7,6:01:58.61 PM,0.9968992
249.8,6:01:58.71 PM,0.9968992
249.9,6:01:58.82 PM,0.9968992
250.0,6:01:58.92 PM,0.9968992
250.1,6:01:59.02 PM,0.9968992
250.2,6:01:59.12 PM,0.9968992
250.3,6:01:59.22 PM,0.9968992
250.4,6:01:59.33 PM,0.9968992
250.5,6:01:59.43 PM,0.9968992
250.6,6:01:59.54 PM,0.9968992
250.7,6:01:59.60 PM,0.9968992
250.8,6:01:59.70 PM,0.9968992
250.9,6:01:59.80 PM,0.9968992
251.0,6:01:59.90 PM,0.9968992
251.1,6:02:00.00 PM,0.9968992
251.2,6:02:00.10 PM,0.9968992
251.3,6:02:00.20 PM,0.9968992
251.4,6:02:00.30 PM,0.9968992
251.5,6:02:00.37 PM,0.9968992
251.6,6:02:00.47 PM,0.9968992
251.7,6:02:00.57 PM,0.9968992
251.8,6:02:00.68 PM,0.9968992
251.9,6:02:00.78 PM,0.9968992
252.0,6:02:00.88 PM,0.9968992
252.1,6:02:01.00 PM,0.9968992
252.2,6:02:01.08 PM,0.9968992
252.3,6:02:01.19 PM,0.9968992
252.4,6:02:01.30 PM,0.9968992
252.5,6:02:01.40 PM,0.9968992
252.6,6:02:01.50 PM,0.9968992
252.7,6:02:01.60 PM,0.9968992
252.8,6:02:01.71 PM,0.9968992
252.9,6:02:01.81 PM,0.9968992
253.0,6:02:01.91 PM,0.9968992
253.1,6:02:02.01 PM,0.9968992
253.2,6:02:02.11 PM,0.9968992
253.3,6:02:02.22 PM,0.9968992
253.4,6:02:02.32 PM,0.9968992
253.5,6:02:02.42 PM,0.9968992
253.6,6:02:02.53 PM,0.9968992
253.7,6:02:02.63 PM,0.9968992
253.8,6:02:02.73 PM,0.9968992
253.9,6:02:02.84 PM,0.9968992
254.0,6:02:02.94 PM,0.9968992
254.1,6:02:03.00 PM,0.9968992
254.2,6:02:03.10 PM,0.9968992
254.3,6:02:03.20 PM,0.9968992
254.4,6:02:03.30 PM,0.9968992
254.5,6:02:03.40 PM,0.9968992
254.6,6:02:03.50 PM,0.9968992
254.7,6:02:03.60 PM,0.9968992
254.8,6:02:03.70 PM,0.9968992
254.9,6:02:03.76 PM,0.9968992
255.0,6:02:03.90 PM,0.9968992
255.1,6:02:03.96 PM,0.9968992
255.2,6:02:04.07 PM,0.9968992
255.3,6:02:04.17 PM,0.9968992
255.4,6:02:04.27 PM,0.9968992
255.5,6:02:04.38 PM,0.9968992
255.6,6:02:04.48 PM,0.9968992
255.7,6:02:04.58 PM,0.9968992
255.8,6:02:04.69 PM,0.9968992
255.9,6:02:04.79 PM,0.9968992
256.0,6:02:04.89 PM,0.9968992
256.1,6:02:05.00 PM,0.8985503999999999
256.2,6:02:05.10 PM,0.8985503999999999
256.3,6:02:05.20 PM,0.8985503999999999
256.4,6:02:05.31 PM,0.8985503999999999
256.5,6:02:05.41 PM,0.8985503999999999
256.6,6:02:05.51 PM,0.8985503999999999
256.7,6:02:05.62 PM,0.8985503999999999
256.8,6:02:05.72 PM,0.8985503999999999
256.9,6:02:05.80 PM,0.8985503999999999
257.0,6:02:05.93 PM,0.9968992
257.1,6:02:06.03 PM,0.9968992
257.2,6:02:06.13 PM,0.9968992
257.3,6:02:06.20 PM,0.9968992
257.4,6:02:06.30 PM,0.9968992
257.5,6:02:06.40 PM,0.9968992
257.6,6:02:06.50 PM,0.9968992
257.7,6:02:06.60 PM,0.9968992
257.8,6:02:06.66 PM,0.9968992
257.9,6:02:06.76 PM,0.9968992
258.0,6:02:06.86 PM,0.9968992
258.1,6:02:06.96 PM,0.9968992
258.2,6:02:07.07 PM,0.9968992
258.3,6:02:07.17 PM,0.9968992
258.4,6:02:07.27 PM,0.9968992
258.5,6:02:07.38 PM,0.9968992
258.6,6:02:07.48 PM,0.9968992
258.7,6:02:07.58 PM,0.9968992
258.8,6:02:07.68 PM,0.9968992
258.9,6:02:07.78 PM,0.9968992
259.0,6:02:07.89 PM,0.9968992
259.1,6:02:07.99 PM,0.9968992
259.2,6:02:08.09 PM,0.9968992
259.3,6:02:08.20 PM,0.9968992
259.4,6:02:08.31 PM,0.9968992
259.5,6:02:08.41 PM,0.9968992
259.6,6:02:08.51 PM,0.9968992
259.7,6:02:08.61 PM,0.9968992
259.8,6:02:08.72 PM,0.9968992
259.9,6:02:08.82 PM,0.9968992
260.0,6:02:08.92 PM,0.9968992
260.1,6:02:09.02 PM,0.9968992
260.2,6:02:09.13 PM,0.9968992
260.3,6:02:09.23 PM,0.9968992
260.4,6:02:09.33 PM,0.9968992
260.5,6:02:09.44 PM,0.9968992
260.6,6:02:09.50 PM,0.9968992
260.7,6:02:09.60 PM,0.9968992
260.8,6:02:09.70 PM,0.9968992
260.9,6:02:09.80 PM,0.9968992
261.0,6:02:09.90 PM,0.9968992
261.1,6:02:10.00 PM,0.9968992
261.2,6:02:10.10 PM,0.9968992
261.3,6:02:10.20 PM,0.9968992
261.4,6:02:10.26 PM,0.9968992
261.5,6:02:10.37 PM,0.9968992
261.6,6:02:10.47 PM,0.9968992
261.7,6:02:10.57 PM,0.9968992
261.8,6:02:10.67 PM,0.9968992
261.9,6:02:10.77 PM,0.9968992
262.0,6:02:10.88 PM,0.9968992
262.1,6:02:10.98 PM,0.9968992
262.2,6:02:11.08 PM,0.9968992
262.3,6:02:11.19 PM,0.9968992
262.4,6:02:11.29 PM,0.9968992
262.5,6:02:11.39 PM,0.9968992
262.6,6:02:11.50 PM,0.9968992
262.7,6:02:11.60 PM,0.9968992
262.8,6:02:11.71 PM,0.9968992
262.9,6:02:11.81 PM,0.9968992
263.0,6:02:11.91 PM,0.9968992
263.1,6:02:12.01 PM,0.9968992
263.2,6:02:12.12 PM,0.9968992
263.3,6:02:12.20 PM,0.9968992
263.4,6:02:12.32 PM,0.9968992
263.5,6:02:12.43 PM,0.9968992
263.6,6:02:12.53 PM,0.9968992
263.7,6:02:12.60 PM,0.9968992
263.8,6:02:12.73 PM,0.9968992
263.9,6:02:12.83 PM,0.9968992
264.0,6:02:12.94 PM,0.9968992
264.1,6:02:13.00 PM,0.9968992
264.2,6:02:13.10 PM,0.9968992
264.3,6:02:13.20 PM,1.0997184
264.4,6:02:13.30 PM,1.0997184
264.5,6:02:13.40 PM,1.0997184
264.6,6:02:13.50 PM,1.0997184
264.7,6:02:13.60 PM,1.0997184
264.8,6:02:13.70 PM,1.0997184
264.9,6:02:13.76 PM,1.0997184
265.0,6:02:13.86 PM,1.0997184
265.1,6:02:13.97 PM,1.0997184
265.2,6:02:14.08 PM,1.0997184
265.3,6:02:14.18 PM,1.0997184
265.4,6:02:14.29 PM,1.0997184
265.5,6:02:14.39 PM,1.0997184
265.6,6:02:14.50 PM,1.0997184
265.7,6:02:14.60 PM,1.0997184
265.8,6:02:14.70 PM,1.0997184
265.9,6:02:14.81 PM,1.0997184
266.0,6:02:14.91 PM,1.1980672
266.1,6:02:15.01 PM,1.1980672
266.2,6:02:15.12 PM,1.1980672
266.3,6:02:15.22 PM,1.1980672
266.4,6:02:15.30 PM,1.1980672
266.5,6:02:15.42 PM,1.1980672
266.6,6:02:15.52 PM,1.1980672
266.7,6:02:15.62 PM,1.1980672
266.8,6:02:15.70 PM,1.1980672
266.9,6:02:15.80 PM,1.1980672
267.0,6:02:15.93 PM,1.1980672
267.1,6:02:16.00 PM,1.1980672
267.2,6:02:16.10 PM,1.1980672
267.3,6:02:16.20 PM,1.1980672
267.4,6:02:16.30 PM,1.1980672
267.5,6:02:16.40 PM,1.1980672
267.6,6:02:16.50 PM,1.1980672
267.7,6:02:16.60 PM,1.1980672
267.8,6:02:16.70 PM,1.1980672
267.9,6:02:16.80 PM,1.1980672
268.0,6:02:16.90 PM,1.1980672
268.1,6:02:17.00 PM,1.1980672
268.2,6:02:17.06 PM,1.1980672
268.3,6:02:17.16 PM,1.296416
268.4,6:02:17.27 PM,1.296416
268.5,6:02:17.37 PM,1.296416
268.6,6:02:17.47 PM,1.296416
268.7,6:02:17.57 PM,1.296416
268.8,6:02:17.68 PM,1.296416
268.9,6:02:17.78 PM,1.296416
269.0,6:02:17.88 PM,1.296416
269.1,6:02:17.99 PM,1.296416
269.2,6:02:18.09 PM,1.296416
269.3,6:02:18.19 PM,1.1980672
269.4,6:02:18.29 PM,1.1980672
269.5,6:02:18.40 PM,1.1980672
269.6,6:02:18.50 PM,1.1980672
269.7,6:02:18.60 PM,1.1980672
269.8,6:02:18.71 PM,1.1980672
269.9,6:02:18.81 PM,1.1980672
270.0,6:02:18.91 PM,1.1980672
270.1,6:02:19.02 PM,1.1980672
270.2,6:02:19.12 PM,1.1980672
270.3,6:02:19.23 PM,1.1980672
270.4,6:02:19.30 PM,1.1980672
270.5,6:02:19.40 PM,1.1980672
270.6,6:02:19.53 PM,1.0997184
270.7,6:02:19.60 PM,1.0997184
270.8,6:02:19.70 PM,1.0997184
270.9,6:02:19.80 PM,1.0997184
271.0,6:02:19.90 PM,1.0997184
271.1,6:02:20.00 PM,1.0997184
271.2,6:02:20.10 PM,1.0997184
271.3,6:02:20.20 PM,1.0997184
271.4,6:02:20.30 PM,1.0997184
271.5,6:02:20.40 PM,1.0997184
271.6,6:02:20.50 PM,1.0997184
271.7,6:02:20.56 PM,1.0997184
271.8,6:02:20.67 PM,1.1980672
271.9,6:02:20.77 PM,1.1980672
272.0,6:02:20.87 PM,1.1980672
272.1,6:02:20.97 PM,1.1980672
272.2,6:02:21.08 PM,1.1980672
272.3,6:02:21.18 PM,1.1980672
272.4,6:02:21.28 PM,1.1980672
272.5,6:02:21.38 PM,1.1980672
272.6,6:02:21.49 PM,1.1980672
272.7,6:02:21.59 PM,1.1980672
272.8,6:02:21.70 PM,1.1980672
272.9,6:02:21.80 PM,1.1980672
273.0,6:02:21.90 PM,1.1980672
273.1,6:02:22.01 PM,1.1980672
273.2,6:02:22.11 PM,1.0997184
273.3,6:02:22.21 PM,1.0997184
273.4,6:02:22.32 PM,1.0997184
273.5,6:02:22.42 PM,1.0997184
273.6,6:02:22.52 PM,1.0997184
273.7,6:02:22.60 PM,1.0997184
273.8,6:02:22.73 PM,1.0997184
273.9,6:02:22.83 PM,1.0997184
274.0,6:02:22.90 PM,1.0997184
274.1,6:02:23.03 PM,1.0997184
274.2,6:02:23.14 PM,1.0997184
274.3,6:02:23.20 PM,1.0997184
274.4,6:02:23.30 PM,1.0997184
274.5,6:02:23.40 PM,1.0997184
274.6,6:02:23.50 PM,1.0997184
274.7,6:02:23.60 PM,1.0997184
274.8,6:02:23.70 PM,1.0997184
274.9,6:02:23.80 PM,1.0997184
275.0,6:02:23.90 PM,1.0997184
275.1,6:02:24.00 PM,1.0997184
275.2,6:02:24.10 PM,1.0997184
275.3,6:02:24.20 PM,1.0997184
275.4,6:02:24.30 PM,1.0997184
275.5,6:02:24.36 PM,1.0997184
275.6,6:02:24.46 PM,1.0997184
275.7,6:02:24.56 PM,1.0997184
275.8,6:02:24.70 PM,1.0997184
275.9,6:02:24.77 PM,1.1980672
276.0,6:02:24.87 PM,1.1980672
276.1,6:02:24.97 PM,1.1980672
276.2,6:02:25.08 PM,1.1980672
276.3,6:02:25.18 PM,1.1980672
276.4,6:02:25.28 PM,1.1980672
276.5,6:02:25.39 PM,1.1980672
276.6,6:02:25.49 PM,1.1980672
276.7,6:02:25.59 PM,1.1980672
276.8,6:02:25.69 PM,1.1980672
276.9,6:02:25.80 PM,1.1980672
277.0,6:02:25.90 PM,1.1980672
277.1,6:02:26.01 PM,1.1980672
277.2,6:02:26.11 PM,1.1980672
277.3,6:02:26.21 PM,1.1980672
277.4,6:02:26.32 PM,1.296416
277.5,6:02:26.42 PM,1.296416
277.6,6:02:26.52 PM,1.296416
277.7,6:02:26.60 PM,1.296416
277.8,6:02:26.72 PM,1.296416
277.9,6:02:26.83 PM,1.296416
278.0,6:02:26.93 PM,1.296416
278.1,6:02:27.03 PM,1.296416
278.2,6:02:27.13 PM,1.296416
278.3,6:02:27.23 PM,1.296416
278.4,6:02:27.30 PM,1.296416
278.5,6:02:27.40 PM,1.296416
278.6,6:02:27.50 PM,1.296416
278.7,6:02:27.60 PM,1.296416
278.8,6:02:27.70 PM,1.296416
278.9,6:02:27.80 PM,1.296416
279.0,6:02:27.90 PM,1.296416
279.1,6:02:28.00 PM,1.296416
279.2,6:02:28.10 PM,1.296416
279.3,6:02:28.16 PM,1.296416
279.4,6:02:28.30 PM,1.296416
279.5,6:02:28.40 PM,1.296416
279.6,6:02:28.47 PM,1.296416
279.7,6:02:28.57 PM,1.296416
279.8,6:02:28.70 PM,1.296416
279.9,6:02:28.77 PM,1.296416
280.0,6:02:28.88 PM,1.296416
280.1,6:02:28.98 PM,1.296416
280.2,6:02:29.08 PM,1.296416
280.3,6:02:29.19 PM,1.296416
280.4,6:02:29.30 PM,1.296416
280.5,6:02:29.40 PM,1.296416
280.6,6:02:29.50 PM,1.296416
280.7,6:02:29.60 PM,1.296416
280.8,6:02:29.70 PM,1.296416
280.9,6:02:29.80 PM,1.296416
281.0,6:02:29.91 PM,1.296416
281.1,6:02:30.01 PM,1.296416
281.2,6:02:30.11 PM,1.296416
281.3,6:02:30.22 PM,1.296416
281.4,6:02:30.32 PM,1.296416
281.5,6:02:30.42 PM,1.296416
281.6,6:02:30.52 PM,1.296416
281.7,6:02:30.60 PM,1.296416
281.8,6:02:30.70 PM,1.296416
281.9,6:02:30.83 PM,1.296416
282.0,6:02:30.90 PM,1.296416
282.1,6:02:31.00 PM,1.296416
282.2,6:02:31.14 PM,1.296416
282.3,6:02:31.20 PM,1.296416
282.4,6:02:31.30 PM,1.1980672
282.5,6:02:31.40 PM,1.1980672
282.6,6:02:31.50 PM,1.1980672
282.7,6:02:31.60 PM,1.1980672
282.8,6:02:31.70 PM,1.1980672
282.9,6:02:31.80 PM,1.296416
283.0,6:02:31.90 PM,1.296416
283.1,6:02:32.00 PM,1.296416
283.2,6:02:32.10 PM,1.296416
283.3,6:02:32.16 PM,1.296416
283.4,6:02:32.27 PM,1.296416
283.5,6:02:32.37 PM,1.296416
283.6,6:02:32.47 PM,1.296416
283.7,6:02:32.58 PM,1.296416
283.8,6:02:32.68 PM,1.296416
283.9,6:02:32.79 PM,1.296416
284.0,6:02:32.90 PM,1.296416
284.1,6:02:33.00 PM,1.296416
284.2,6:02:33.10 PM,1.296416
284.3,6:02:33.20 PM,1.296416
284.4,6:02:33.31 PM,1.296416
284.5,6:02:33.41 PM,1.296416
284.6,6:02:33.52 PM,1.296416
284.7,6:02:33.62 PM,1.296416
284.8,6:02:33.72 PM,1.296416
284.9,6:02:33.82 PM,1.296416
285.0,6:02:33.90 PM,1.296416
285.1,6:02:34.03 PM,1.296416
285.2,6:02:34.10 PM,1.296416
285.3,6:02:34.20 PM,1.296416
285.4,6:02:34.30 PM,1.296416
285.5,6:02:34.40 PM,1.296416
285.6,6:02:34.50 PM,1.296416
285.7,6:02:34.60 PM,1.296416
285.8,6:02:34.70 PM,1.296416
285.9,6:02:34.80 PM,1.296416
286.0,6:02:34.90 PM,1.3992352
286.1,6:02:35.00 PM,1.3992352
286.2,6:02:35.10 PM,1.3992352
286.3,6:02:35.20 PM,1.3992352
286.4,6:02:35.26 PM,1.3992352
286.5,6:02:35.40 PM,1.3992352
286.6,6:02:35.47 PM,1.3992352
286.7,6:02:35.57 PM,1.3992352
286.8,6:02:35.67 PM,1.3992352
286.9,6:02:35.78 PM,1.3992352
287.0,6:02:35.88 PM,1.3992352
287.1,6:02:35.98 PM,1.497584
287.2,6:02:36.09 PM,1.497584
287.3,6:02:36.19 PM,1.497584
287.4,6:02:36.30 PM,1.497584
287.5,6:02:36.40 PM,1.497584
287.6,6:02:36.50 PM,1.497584
287.7,6:02:36.60 PM,1.497584
287.8,6:02:36.71 PM,1.497584
287.9,6:02:36.81 PM,1.497584
288.0,6:02:36.91 PM,1.497584
288.1,6:02:37.01 PM,1.5959328
288.2,6:02:37.12 PM,1.5959328
288.3,6:02:37.22 PM,1.5959328
288.4,6:02:37.33 PM,1.5959328
288.5,6:02:37.43 PM,1.5959328
288.6,6:02:37.53 PM,1.5959328
288.7,6:02:37.60 PM,1.5959328
288.8,6:02:37.74 PM,1.5959328
288.9,6:02:37.80 PM,1.5959328
289.0,6:02:37.90 PM,1.5959328
289.1,6:02:38.00 PM,1.5959328
289.2,6:02:38.10 PM,1.5959328
289.3,6:02:38.20 PM,1.5959328
289.4,6:02:38.30 PM,1.6987519999999998
289.5,6:02:38.40 PM,1.6987519999999998
289.6,6:02:38.50 PM,1.6987519999999998
289.7,6:02:38.56 PM,1.6987519999999998
289.8,6:02:38.70 PM,1.6987519999999998
289.9,6:02:38.76 PM,1.6987519999999998
290.0,6:02:38.86 PM,1.6987519999999998
290.1,6:02:39.00 PM,1.6987519999999998
290.2,6:02:39.07 PM,1.6987519999999998
290.3,6:02:39.17 PM,1.6987519999999998
290.4,6:02:39.27 PM,1.6987519999999998
290.5,6:02:39.38 PM,1.6987519999999998
290.6,6:02:39.48 PM,1.6987519999999998
290.7,6:02:39.58 PM,1.6987519999999998
290.8,6:02:39.69 PM,1.6987519999999998
290.9,6:02:39.79 PM,1.6987519999999998
291.0,6:02:39.89 PM,1.6987519999999998
291.1,6:02:39.99 PM,1.6987519999999998
291.2,6:02:40.10 PM,1.6987519999999998
291.3,6:02:40.20 PM,1.6987519999999998
291.4,6:02:40.31 PM,1.6987519999999998
291.5,6:02:40.41 PM,1.6987519999999998
291.6,6:02:40.51 PM,1.6987519999999998
291.7,6:02:40.62 PM,1.6987519999999998
291.8,6:02:40.72 PM,1.6987519999999998
291.9,6:02:40.83 PM,1.6987519999999998
292.0,6:02:40.93 PM,1.6987519999999998
292.1,6:02:41.03 PM,1.6987519999999998
292.2,6:02:41.10 PM,1.6987519999999998
292.3,6:02:41.20 PM,1.6987519999999998
292.4,6:02:41.30 PM,1.6987519999999998
292.5,6:02:41.40 PM,1.6987519999999998
292.6,6:02:41.50 PM,1.6987519999999998
292.7,6:02:41.60 PM,1.6987519999999998
292.8,6:02:41.70 PM,1.6987519999999998
292.9,6:02:41.80 PM,1.6987519999999998
293.0,6:02:41.90 PM,1.6987519999999998
293.1,6:02:42.00 PM,1.6987519999999998
293.2,6:02:42.06 PM,1.6987519999999998
293.3,6:02:42.17 PM,1.6987519999999998
293.4,6:02:42.27 PM,1.6987519999999998
293.5,6:02:42.37 PM,1.6987519999999998
293.6,6:02:42.47 PM,1.6987519999999998
293.7,6:02:42.57 PM,1.6987519999999998
293.8,6:02:42.68 PM,1.6987519999999998
293.9,6:02:42.78 PM,1.6987519999999998
294.0,6:02:42.88 PM,1.6987519999999998
294.1,6:02:42.98 PM,1.6987519999999998
294.2,6:02:43.09 PM,1.6987519999999998
294.3,6:02:43.19 PM,1.6987519999999998
294.4,6:02:43.30 PM,1.6987519999999998
294.5,6:02:43.40 PM,1.6987519999999998
294.6,6:02:43.50 PM,1.6987519999999998
294.7,6:02:43.61 PM,1.6987519999999998
294.8,6:02:43.71 PM,1.6987519999999998
294.9,6:02:43.81 PM,1.6987519999999998
295.0,6:02:43.91 PM,1.6987519999999998
295.1,6:02:44.01 PM,1.6987519999999998
295.2,6:02:44.12 PM,1.6987519999999998
295.3,6:02:44.22 PM,1.6987519999999998
295.4,6:02:44.33 PM,1.6987519999999998
295.5,6:02:44.43 PM,1.5959328
295.6,6:02:44.53 PM,1.5959328
295.7,6:02:44.64 PM,1.5959328
295.8,6:02:44.70 PM,1.5959328
295.9,6:02:44.80 PM,1.5959328
296.0,6:02:44.90 PM,1.5959328
296.1,6:02:45.00 PM,1.5959328
296.2,6:02:45.10 PM,1.5959328
296.3,6:02:45.20 PM,1.5959328
296.4,6:02:45.30 PM,1.5959328
296.5,6:02:45.36 PM,1.5959328
296.6,6:02:45.46 PM,1.5959328
296.7,6:02:45.56 PM,1.5959328
296.8,6:02:45.70 PM,1.5959328
296.9,6:02:45.77 PM,1.5959328
297.0,6:02:45.90 PM,1.5959328
297.1,6:02:45.98 PM,1.5959328
297.2,6:02:46.08 PM,1.5959328
297.3,6:02:46.19 PM,1.5959328
297.4,6:02:46.29 PM,1.5959328
297.5,6:02:46.40 PM,1.5959328
297.6,6:02:46.50 PM,1.5959328
297.7,6:02:46.60 PM,1.5959328
297.8,6:02:46.70 PM,1.5959328
297.9,6:02:46.81 PM,1.5959328
298.0,6:02:46.91 PM,1.497584
298.1,6:02:47.01 PM,1.497584
298.2,6:02:47.11 PM,1.497584
298.3,6:02:47.22 PM,1.497584
298.4,6:02:47.32 PM,1.497584
298.5,6:02:47.42 PM,1.497584
298.6,6:02:47.50 PM,1.497584
298.7,6:02:47.62 PM,1.5959328
298.8,6:02:47.70 PM,1.5959328
298.9,6:02:47.80 PM,1.5959328
299.0,6:02:47.93 PM,1.5959328
299.1,6:02:48.03 PM,1.5959328
299.2,6:02:48.10 PM,1.5959328
299.3,6:02:48.20 PM,1.5959328
299.4,6:02:48.30 PM,1.5959328
299.5,6:02:48.40 PM,1.5959328
299.6,6:02:48.50 PM,1.5959328
299.7,6:02:48.60 PM,1.5959328
299.8,6:02:48.70 PM,1.5959328
299.9,6:02:48.80 PM,1.5959328
300.0,6:02:48.90 PM,1.5959328
300.1,6:02:48.96 PM,1.5959328
300.2,6:02:49.06 PM,1.5959328
300.3,6:02:49.17 PM,1.5959328
300.4,6:02:49.27 PM,1.5959328
300.5,6:02:49.38 PM,1.5959328
300.6,6:02:49.48 PM,1.5959328
300.7,6:02:49.58 PM,1.5959328
300.8,6:02:49.68 PM,1.5959328
300.9,6:02:49.78 PM,1.5959328
301.0,6:02:49.89 PM,1.5959328
301.1,6:02:49.99 PM,1.5959328
301.2,6:02:50.09 PM,1.5959328
301.3,6:02:50.20 PM,1.5959328
301.4,6:02:50.30 PM,1.5959328
301.5,6:02:50.41 PM,1.5959328
301.6,6:02:50.51 PM,1.5959328
301.7,6:02:50.61 PM,1.5959328
301.8,6:02:50.71 PM,1.5959328
301.9,6:02:50.82 PM,1.5959328
302.0,6:02:50.90 PM,1.5959328
302.1,6:02:51.02 PM,1.5959328
302.2,6:02:51.12 PM,1.5959328
302.3,6:02:51.23 PM,1.5959328
302.4,6:02:51.33 PM,1.5959328
302.5,6:02:51.43 PM,1.5959328
302.6,6:02:51.50 PM,1.5959328
302.7,6:02:51.60 PM,1.5959328
302.8,6:02:51.70 PM,1.5959328
302.9,6:02:51.80 PM,1.5959328
303.0,6:02:51.90 PM,1.5959328
303.1,6:02:52.00 PM,1.5959328
303.2,6:02:52.10 PM,1.5959328
303.3,6:02:52.20 PM,1.5959328
303.4,6:02:52.26 PM,1.5959328
303.5,6:02:52.40 PM,1.5959328
303.6,6:02:52.47 PM,1.5959328
303.7,6:02:52.60 PM,1.5959328
303.8,6:02:52.68 PM,1.5959328
303.9,6:02:52.79 PM,1.5959328
304.0,6:02:52.89 PM,1.497584
304.1,6:02:52.99 PM,1.497584
304.2,6:02:53.10 PM,1.497584
304.3,6:02:53.20 PM,1.497584
304.4,6:02:53.31 PM,1.497584
304.5,6:02:53.41 PM,1.497584
304.6,6:02:53.51 PM,1.497584
304.7,6:02:53.61 PM,1.497584
304.8,6:02:53.71 PM,1.497584
304.9,6:02:53.82 PM,1.497584
305.0,6:02:53.92 PM,1.497584
305.1,6:02:54.02 PM,1.497584
305.2,6:02:54.12 PM,1.497584
305.3,6:02:54.23 PM,1.497584
305.4,6:02:54.33 PM,1.497584
305.5,6:02:54.40 PM,1.497584
305.6,6:02:54.50 PM,1.497584
305.7,6:02:54.60 PM,1.497584
305.8,6:02:54.70 PM,1.497584
305.9,6:02:54.80 PM,1.497584
306.0,6:02:54.90 PM,1.497584
306.1,6:02:55.00 PM,1.497584
306.2,6:02:55.10 PM,1.497584
306.3,6:02:55.20 PM,1.497584
306.4,6:02:55.27 PM,1.497584
306.5,6:02:55.37 PM,1.497584
306.6,6:02:55.47 PM,1.497584
306.7,6:02:55.58 PM,1.497584
306.8,6:02:55.68 PM,1.497584
306.9,6:02:55.78 PM,1.497584
307.0,6:02:55.89 PM,1.3992352
307.1,6:02:55.99 PM,1.3992352
307.2,6:02:56.09 PM,1.3992352
307.3,6:02:56.20 PM,1.3992352
307.4,6:02:56.30 PM,1.3992352
307.5,6:02:56.41 PM,1.3992352
307.6,6:02:56.51 PM,1.3992352
307.7,6:02:56.61 PM,1.3992352
307.8,6:02:56.71 PM,1.3992352
307.9,6:02:56.82 PM,1.3992352
308.0,6:02:56.92 PM,1.3992352
308.1,6:02:57.02 PM,1.3992352
308.2,6:02:57.12 PM,1.3992352
308.3,6:02:57.23 PM,1.3992352
308.4,6:02:57.33 PM,1.296416
308.5,6:02:57.43 PM,1.296416
308.6,6:02:57.54 PM,1.296416
308.7,6:02:57.60 PM,1.296416
308.8,6:02:57.70 PM,1.296416
308.9,6:02:57.80 PM,1.296416
309.0,6:02:57.90 PM,1.296416
309.1,6:02:58.00 PM,1.296416
309.2,6:02:58.10 PM,1.296416
309.3,6:02:58.20 PM,1.296416
309.4,6:02:58.30 PM,1.296416
309.5,6:02:58.36 PM,1.296416
309.6,6:02:58.47 PM,1.296416
309.7,6:02:58.57 PM,1.296416
309.8,6:02:58.67 PM,1.296416
309.9,6:02:58.78 PM,1.296416
310.0,6:02:58.88 PM,1.296416
310.1,6:02:58.98 PM,1.296416
310.2,6:02:59.09 PM,1.296416
310.3,6:02:59.20 PM,1.296416
310.4,6:02:59.29 PM,1.296416
310.5,6:02:59.39 PM,1.296416
310.6,6:02:59.50 PM,1.296416
310.7,6:02:59.60 PM,1.296416
310.8,6:02:59.70 PM,1.296416
310.9,6:02:59.81 PM,1.296416
311.0,6:02:59.91 PM,1.296416
311.1,6:03:00.01 PM,1.296416
311.2,6:03:00.11 PM,1.296416
311.3,6:03:00.22 PM,1.296416
311.4,6:03:00.32 PM,1.296416
311.5,6:03:00.43 PM,1.296416
311.6,6:03:00.53 PM,1.296416
311.7,6:03:00.60 PM,1.296416
311.8,6:03:00.73 PM,1.296416
311.9,6:03:00.80 PM,1.296416
312.0,6:03:00.90 PM,1.296416
312.1,6:03:01.00 PM,1.296416
312.2,6:03:01.10 PM,1.296416
312.3,6:03:01.20 PM,1.296416
312.4,6:03:01.30 PM,1.296416
312.5,6:03:01.40 PM,1.296416
312.6,6:03:01.50 PM,1.296416
312.7,6:03:01.56 PM,1.3992352
312.8,6:03:01.67 PM,1.3992352
312.9,6:03:01.77 PM,1.3992352
313.0,6:03:01.87 PM,1.3992352
313.1,6:03:02.00 PM,1.3992352
313.2,6:03:02.07 PM,1.3992352
313.3,6:03:02.18 PM,1.3992352
313.4,6:03:02.30 PM,1.296416
313.5,6:03:02.39 PM,1.296416
313.6,6:03:02.49 PM,1.296416
313.7,6:03:02.59 PM,1.296416
313.8,6:03:02.70 PM,1.296416
313.9,6:03:02.80 PM,1.296416
314.0,6:03:02.90 PM,1.296416
314.1,6:03:03.01 PM,1.296416
314.2,6:03:03.11 PM,1.296416
314.3,6:03:03.22 PM,1.296416
314.4,6:03:03.32 PM,1.296416
314.5,6:03:03.42 PM,1.1980672
314.6,6:03:03.53 PM,1.1980672
314.7,6:03:03.63 PM,1.1980672
314.8,6:03:03.70 PM,1.1980672
314.9,6:03:03.80 PM,1.1980672
315.0,6:03:03.90 PM,1.1980672
315.1,6:03:04.00 PM,1.1980672
315.2,6:03:04.10 PM,1.1980672
315.3,6:03:04.20 PM,1.1980672
315.4,6:03:04.30 PM,1.1980672
315.5,6:03:04.40 PM,1.1980672
315.6,6:03:04.50 PM,1.1980672
315.7,6:03:04.56 PM,1.1980672
315.8,6:03:04.70 PM,1.1980672
315.9,6:03:04.76 PM,1.1980672
316.0,6:03:04.87 PM,1.1980672
316.1,6:03:04.97 PM,1.1980672
316.2,6:03:05.07 PM,1.1980672
316.3,6:03:05.20 PM,1.1980672
316.4,6:03:05.28 PM,1.1980672
316.5,6:03:05.38 PM,1.1980672
316.6,6:03:05.48 PM,1.1980672
316.7,6:03:05.59 PM,1.0997184
316.8,6:03:05.69 PM,1.0997184
316.9,6:03:05.79 PM,1.0997184
317.0,6:03:05.89 PM,1.0997184
317.1,6:03:05.99 PM,1.0997184
317.2,6:03:06.10 PM,1.0997184
317.3,6:03:06.20 PM,1.0997184
317.4,6:03:06.30 PM,1.0997184
317.5,6:03:06.41 PM,1.0997184
317.6,6:03:06.51 PM,1.0997184
317.7,6:03:06.61 PM,1.0997184
317.8,6:03:06.72 PM,1.0997184
317.9,6:03:06.82 PM,1.0997184
318.0,6:03:06.93 PM,1.0997184
318.1,6:03:07.03 PM,1.0997184
318.2,6:03:07.13 PM,1.0997184
318.3,6:03:07.20 PM,1.0997184
318.4,6:03:07.30 PM,1.0997184
318.5,6:03:07.40 PM,1.0997184
318.6,6:03:07.50 PM,1.0997184
318.7,6:03:07.60 PM,1.0997184
318.8,6:03:07.70 PM,1.0997184
318.9,6:03:07.80 PM,1.0997184
319.0,6:03:07.90 PM,1.0997184
319.1,6:03:08.00 PM,0.9968992
319.2,6:03:08.10 PM,0.9968992
319.3,6:03:08.20 PM,0.9968992
319.4,6:03:08.26 PM,0.9968992
319.5,6:03:08.40 PM,0.9968992
319.6,6:03:08.46 PM,0.9968992
319.7,6:03:08.57 PM,0.9968992
319.8,6:03:08.70 PM,0.9968992
319.9,6:03:08.77 PM,0.9968992
320.0,6:03:08.87 PM,0.9968992
320.1,6:03:08.97 PM,1.0997184
320.2,6:03:09.08 PM,1.0997184
320.3,6:03:09.18 PM,1.0997184
320.4,6:03:09.28 PM,1.0997184
320.5,6:03:09.38 PM,0.9968992
320.6,6:03:09.49 PM,0.9968992
320.7,6:03:09.59 PM,0.9968992
320.8,6:03:09.69 PM,0.9968992
320.9,6:03:09.79 PM,0.9968992
321.0,6:03:09.90 PM,0.9968992
321.1,6:03:10.00 PM,0.9968992
321.2,6:03:10.10 PM,0.9968992
321.3,6:03:10.21 PM,0.9968992
321.4,6:03:10.31 PM,0.9968992
321.5,6:03:10.42 PM,0.9968992
321.6,6:03:10.52 PM,0.9968992
321.7,6:03:10.62 PM,0.9968992
321.8,6:03:10.72 PM,0.9968992
321.9,6:03:10.83 PM,0.9968992
322.0,6:03:10.93 PM,0.9968992
322.1,6:03:11.00 PM,0.9968992
322.2,6:03:11.13 PM,0.9968992
322.3,6:03:11.23 PM,0.9968992
322.4,6:03:11.30 PM,0.9968992
322.5,6:03:11.40 PM,0.9968992
322.6,6:03:11.50 PM,0.9968992
322.7,6:03:11.60 PM,0.9968992
322.8,6:03:11.70 PM,0.9968992
322.9,6:03:11.80 PM,0.9968992
323.0,6:03:11.90 PM,0.9968992
323.1,6:03:12.00 PM,0.9968992
323.2,6:03:12.06 PM,0.9968992
323.3,6:03:12.17 PM,0.9968992
323.4,6:03:12.27 PM,0.9968992
323.5,6:03:12.37 PM,0.9968992
323.6,6:03:12.48 PM,0.9968992
323.7,6:03:12.58 PM,0.9968992
323.8,6:03:12.68 PM,0.9968992
323.9,6:03:12.79 PM,0.9968992
324.0,6:03:12.89 PM,0.9968992
324.1,6:03:12.99 PM,0.9968992
324.2,6:03:13.10 PM,0.9968992
324.3,6:03:13.20 PM,0.9968992
324.4,6:03:13.31 PM,0.9968992
324.5,6:03:13.41 PM,0.9968992
324.6,6:03:13.51 PM,0.9968992
324.7,6:03:13.61 PM,0.9968992
324.8,6:03:13.72 PM,0.9968992
324.9,6:03:13.80 PM,0.9968992
325.0,6:03:13.92 PM,0.9968992
325.1,6:03:14.02 PM,0.9968992
325.2,6:03:14.13 PM,0.9968992
325.3,6:03:14.20 PM,0.9968992
325.4,6:03:14.33 PM,0.9968992
325.5,6:03:14.44 PM,1.0997184
325.6,6:03:14.50 PM,1.0997184
325.7,6:03:14.60 PM,1.0997184
325.8,6:03:14.70 PM,1.0997184
325.9,6:03:14.80 PM,1.0997184
326.0,6:03:14.90 PM,1.0997184
326.1,6:03:15.00 PM,1.0997184
326.2,6:03:15.10 PM,1.0997184
326.3,6:03:15.20 PM,1.0997184
326.4,6:03:15.26 PM,1.0997184
326.5,6:03:15.36 PM,1.0997184
326.6,6:03:15.46 PM,1.0997184
326.7,6:03:15.57 PM,1.0997184
326.8,6:03:15.70 PM,1.0997184
326.9,6:03:15.77 PM,1.0997184
327.0,6:03:15.87 PM,1.0997184
327.1,6:03:15.97 PM,1.0997184
327.2,6:03:16.08 PM,1.0997184
327.3,6:03:16.18 PM,0.9968992
327.4,6:03:16.28 PM,0.9968992
327.5,6:03:16.39 PM,0.9968992
327.6,6:03:16.49 PM,0.9968992
327.7,6:03:16.59 PM,0.9968992
327.8,6:03:16.70 PM,0.9968992
327.9,6:03:16.80 PM,0.9968992
328.0,6:03:16.90 PM,0.9968992
328.1,6:03:17.00 PM,0.9968992
328.2,6:03:17.10 PM,0.9968992
328.3,6:03:17.21 PM,0.9968992
328.4,6:03:17.31 PM,0.9968992
328.5,6:03:17.42 PM,0.9968992
328.6,6:03:17.52 PM,0.9968992
328.7,6:03:17.62 PM,0.9968992
328.8,6:03:17.72 PM,0.9968992
328.9,6:03:17.80 PM,0.9968992
329.0,6:03:17.93 PM,0.9968992
329.1,6:03:18.03 PM,1.0997184
329.2,6:03:18.10 PM,1.0997184
329.3,6:03:18.24 PM,1.0997184
329.4,6:03:18.30 PM,1.0997184
329.5,6:03:18.40 PM,1.0997184
329.6,6:03:18.50 PM,1.0997184
329.7,6:03:18.60 PM,1.0997184
329.8,6:03:18.70 PM,1.0997184
329.9,6:03:18.80 PM,1.0997184
330.0,6:03:18.90 PM,1.0997184
330.1,6:03:19.00 PM,1.1980672
330.2,6:03:19.06 PM,1.1980672
330.3,6:03:19.16 PM,1.1980672
330.4,6:03:19.27 PM,1.1980672
330.5,6:03:19.37 PM,1.1980672
330.6,6:03:19.47 PM,1.1980672
330.7,6:03:19.58 PM,1.1980672
330.8,6:03:19.68 PM,1.1980672
330.9,6:03:19.79 PM,1.1980672
331.0,6:03:19.89 PM,1.1980672
331.1,6:03:19.99 PM,1.1980672
331.2,6:03:20.09 PM,1.1980672
331.3,6:03:20.20 PM,1.1980672
331.4,6:03:20.30 PM,1.1980672
331.5,6:03:20.40 PM,1.1980672
331.6,6:03:20.51 PM,1.1980672
331.7,6:03:20.61 PM,1.1980672
331.8,6:03:20.71 PM,1.1980672
331.9,6:03:20.81 PM,1.1980672
332.0,6:03:20.92 PM,1.1980672
332.1,6:03:21.02 PM,1.1980672
332.2,6:03:21.13 PM,1.1980672
332.3,6:03:21.23 PM,1.1980672
332.4,6:03:21.33 PM,1.1980672
332.5,6:03:21.44 PM,1.1980672
332.6,6:03:21.50 PM,1.1980672
332.7,6:03:21.60 PM,1.1980672
332.8,6:03:21.70 PM,1.1980672
332.9,6:03:21.80 PM,1.1980672
333.0,6:03:21.90 PM,1.1980672
333.1,6:03:22.00 PM,1.1980672
333.2,6:03:22.10 PM,1.1980672
333.3,6:03:22.16 PM,1.1980672
333.4,6:03:22.30 PM,1.1980672
333.5,6:03:22.37 PM,1.1980672
333.6,6:03:22.47 PM,1.1980672
333.7,6:03:22.57 PM,1.1980672
333.8,6:03:22.67 PM,1.1980672
333.9,6:03:22.80 PM,1.1980672
334.0,6:03:22.88 PM,1.1980672
334.1,6:03:22.98 PM,1.1980672
334.2,6:03:23.10 PM,1.1980672
334.3,6:03:23.19 PM,1.1980672
334.4,6:03:23.29 PM,1.1980672
334.5,6:03:23.39 PM,1.1980672
334.6,6:03:23.50 PM,1.1980672
334.7,6:03:23.60 PM,1.1980672
334.8,6:03:23.70 PM,1.1980672
334.9,6:03:23.80 PM,1.1980672
335.0,6:03:23.91 PM,1.1980672
335.1,6:03:24.01 PM,1.1980672
335.2,6:03:24.11 PM,1.1980672
335.3,6:03:24.22 PM,1.1980672
335.4,6:03:24.32 PM,1.1980672
335.5,6:03:24.42 PM,1.1980672
335.6,6:03:24.53 PM,1.1980672
335.7,6:03:24.63 PM,1.1980672
335.8,6:03:24.73 PM,1.1980672
335.9,6:03:24.80 PM,1.1980672
336.0,6:03:24.90 PM,1.1980672
336.1,6:03:25.00 PM,1.1980672
336.2,6:03:25.10 PM,1.1980672
336.3,6:03:25.20 PM,1.1980672
336.4,6:03:25.30 PM,1.1980672
336.5,6:03:25.40 PM,1.1980672
336.6,6:03:25.50 PM,1.1980672
336.7,6:03:25.60 PM,1.1980672
336.8,6:03:25.70 PM,1.1980672
336.9,6:03:25.76 PM,1.1980672
337.0,6:03:25.86 PM,1.1980672
337.1,6:03:25.97 PM,1.1980672
337.2,6:03:26.07 PM,1.1980672
337.3,6:03:26.17 PM,1.0997184
337.4,6:03:26.28 PM,1.0997184
337.5,6:03:26.38 PM,1.0997184
337.6,6:03:26.48 PM,1.0997184
337.7,6:03:26.58 PM,1.0997184
337.8,6:03:26.69 PM,1.0997184
337.9,6:03:26.79 PM,1.0997184
338.0,6:03:26.90 PM,1.0997184
338.1,6:03:27.00 PM,1.0997184
338.2,6:03:27.11 PM,1.0997184
338.3,6:03:27.21 PM,1.0997184
338.4,6:03:27.31 PM,1.0997184
338.5,6:03:27.42 PM,1.0997184
338.6,6:03:27.52 PM,1.0997184
338.7,6:03:27.62 PM,1.0997184
338.8,6:03:27.72 PM,1.0997184
338.9,6:03:27.80 PM,1.0997184
339.0,6:03:27.92 PM,1.0997184
339.1,6:03:28.03 PM,1.0997184
339.2,6:03:28.13 PM,1.0997184
339.3,6:03:28.23 PM,1.0997184
339.4,6:03:28.33 PM,1.0997184
339.5,6:03:28.44 PM,1.0997184
339.6,6:03:28.50 PM,1.0997184
339.7,6:03:28.60 PM,1.0997184
339.8,6:03:28.70 PM,1.0997184
339.9,6:03:28.80 PM,1.0997184
340.0,6:03:28.90 PM,1.0997184
340.1,6:03:29.00 PM,0.9968992
340.2,6:03:29.10 PM,0.9968992
340.3,6:03:29.16 PM,0.9968992
340.4,6:03:29.26 PM,0.9968992
340.5,6:03:29.37 PM,0.9968992
340.6,6:03:29.50 PM,0.9968992
340.7,6:03:29.57 PM,0.9968992
340.8,6:03:29.67 PM,0.9968992
340.9,6:03:29.77 PM,0.9968992
341.0,6:03:29.90 PM,0.9968992
341.1,6:03:29.98 PM,0.9968992
341.2,6:03:30.08 PM,0.9968992
341.3,6:03:30.18 PM,0.9968992
341.4,6:03:30.30 PM,0.9968992
341.5,6:03:30.39 PM,0.9968992
341.6,6:03:30.49 PM,0.9968992
341.7,6:03:30.59 PM,0.9968992
341.8,6:03:30.70 PM,0.9968992
341.9,6:03:30.80 PM,0.9968992
342.0,6:03:30.90 PM,0.9968992
342.1,6:03:31.00 PM,0.9968992
342.2,6:03:31.11 PM,0.9968992
342.3,6:03:31.21 PM,0.9968992
342.4,6:03:31.32 PM,0.9968992
342.5,6:03:31.40 PM,0.9968992
342.6,6:03:31.50 PM,0.9968992
342.7,6:03:31.62 PM,0.9968992
342.8,6:03:31.72 PM,0.8985503999999999
342.9,6:03:31.82 PM,0.8985503999999999
343.0,6:03:31.93 PM,0.8985503999999999
343.1,6:03:32.03 PM,0.8985503999999999
343.2,6:03:32.13 PM,0.8985503999999999
343.3,6:03:32.23 PM,0.8985503999999999
343.4,6:03:32.30 PM,0.8985503999999999
343.5,6:03:32.40 PM,0.8985503999999999
343.6,6:03:32.50 PM,0.8985503999999999
343.7,6:03:32.60 PM,0.8985503999999999
343.8,6:03:32.70 PM,0.8985503999999999
343.9,6:03:32.80 PM,0.8985503999999999
344.0,6:03:32.90 PM,0.8985503999999999
344.1,6:03:33.00 PM,0.8985503999999999
344.2,6:03:33.10 PM,0.8985503999999999
344.3,6:03:33.20 PM,0.8985503999999999
344.4,6:03:33.27 PM,0.8985503999999999
344.5,6:03:33.37 PM,0.8985503999999999
344.6,6:03:33.50 PM,0.7957312
344.7,6:03:33.57 PM,0.7957312
344.8,6:03:33.68 PM,0.7957312
344.9,6:03:33.78 PM,0.7957312
345.0,6:03:33.88 PM,0.7957312
345.1,6:03:33.98 PM,0.7957312
345.2,6:03:34.08 PM,0.7957312
345.3,6:03:34.19 PM,0.7957312
345.4,6:03:34.29 PM,0.7957312
345.5,6:03:34.40 PM,0.7957312
345.6,6:03:34.50 PM,0.7957312
345.7,6:03:34.61 PM,0.7957312
345.8,6:03:34.70 PM,0.7957312
345.9,6:03:34.81 PM,0.7957312
346.0,6:03:34.91 PM,0.6973824
346.1,6:03:35.01 PM,0.6973824
346.2,6:03:35.11 PM,0.6973824
346.3,6:03:35.21 PM,0.6973824
346.4,6:03:35.32 PM,0.6973824
346.5,6:03:35.42 PM,0.6973824
346.6,6:03:35.52 PM,0.6973824
346.7,6:03:35.63 PM,0.6973824
346.8,6:03:35.70 PM,0.6973824
346.9,6:03:35.80 PM,0.6973824
347.0,6:03:35.93 PM,0.6973824
347.1,6:03:36.00 PM,0.6973824
347.2,6:03:36.10 PM,0.6973824
347.3,6:03:36.20 PM,0.6973824
347.4,6:03:36.30 PM,0.6973824
347.5,6:03:36.40 PM,0.6973824
347.6,6:03:36.50 PM,0.6973824
347.7,6:03:36.60 PM,0.5990336
347.8,6:03:36.70 PM,0.5990336
347.9,6:03:36.80 PM,0.5990336
348.0,6:03:36.90 PM,0.5990336
348.1,6:03:37.00 PM,0.5990336
348.2,6:03:37.06 PM,0.5990336
348.3,6:03:37.20 PM,0.5990336
348.4,6:03:37.26 PM,0.5990336
348.5,6:03:37.36 PM,0.5990336
348.6,6:03:37.47 PM,0.5990336
348.7,6:03:37.57 PM,0.5990336
348.8,6:03:37.67 PM,0.5990336
348.9,6:03:37.77 PM,0.5990336
349.0,6:03:37.88 PM,0.5990336
349.1,6:03:37.98 PM,0.49621440000000006
349.2,6:03:38.08 PM,0.49621440000000006
349.3,6:03:38.19 PM,0.49621440000000006
349.4,6:03:38.29 PM,0.49621440000000006
349.5,6:03:38.39 PM,0.49621440000000006
349.6,6:03:38.50 PM,0.49621440000000006
349.7,6:03:38.60 PM,0.49621440000000006
349.8,6:03:38.70 PM,0.49621440000000006
349.9,6:03:38.80 PM,0.49621440000000006
350.0,6:03:38.90 PM,0.49621440000000006
350.1,6:03:39.00 PM,0.49621440000000006
350.2,6:03:39.11 PM,0.49621440000000006
350.3,6:03:39.21 PM,0.49621440000000006
350.4,6:03:39.31 PM,0.49621440000000006
350.5,6:03:39.41 PM,0.49621440000000006
350.6,6:03:39.52 PM,0.49621440000000006
350.7,6:03:39.62 PM,0.49621440000000006
350.8,6:03:39.72 PM,0.49621440000000006
350.9,6:03:39.82 PM,0.49621440000000006
351.0,6:03:39.93 PM,0.49621440000000006
351.1,6:03:40.03 PM,0.49621440000000006
351.2,6:03:40.10 PM,0.49621440000000006
351.3,6:03:40.20 PM,0.49621440000000006
351.4,6:03:40.30 PM,0.49621440000000006
351.5,6:03:40.40 PM,0.49621440000000006
351.6,6:03:40.50 PM,0.3978656
351.7,6:03:40.60 PM,0.3978656
351.8,6:03:40.70 PM,0.3978656
351.9,6:03:40.80 PM,0.3978656
352.0,6:03:40.90 PM,0.3978656
352.1,6:03:41.00 PM,0.3978656
352.2,6:03:41.10 PM,0.3978656
352.3,6:03:41.16 PM,0.3978656
352.4,6:03:41.26 PM,0.3978656
352.5,6:03:41.36 PM,0.3978656
352.6,6:03:41.47 PM,0.3978656
352.7,6:03:41.57 PM,0.3978656
352.8,6:03:41.67 PM,0.3978656
352.9,6:03:41.78 PM,0.3978656
353.0,6:03:41.88 PM,0.3978656
353.1,6:03:41.98 PM,0.3978656
353.2,6:03:42.08 PM,0.3978656
353.3,6:03:42.19 PM,0.3978656
353.4,6:03:42.29 PM,0.3978656
353.5,6:03:42.39 PM,0.3978656
353.6,6:03:42.49 PM,0.3978656
353.7,6:03:42.59 PM,0.3978656
353.8,6:03:42.70 PM,0.3978656
353.9,6:03:42.80 PM,0.3978656
354.0,6:03:42.90 PM,0.3978656
354.1,6:03:43.00 PM,0.3978656
354.2,6:03:43.10 PM,0.3978656
354.3,6:03:43.21 PM,0.3978656
354.4,6:03:43.31 PM,0.3978656
354.5,6:03:43.41 PM,0.3978656
354.6,6:03:43.52 PM,0.3978656
354.7,6:03:43.62 PM,0.3978656
354.8,6:03:43.72 PM,0.3978656
354.9,6:03:43.82 PM,0.3978656
355.0,6:03:43.93 PM,0.3978656
355.1,6:03:44.03 PM,0.3978656
355.2,6:03:44.10 PM,0.3978656
355.3,6:03:44.20 PM,0.3978656
355.4,6:03:44.30 PM,0.3978656
355.5,6:03:44.40 PM,0.3978656
355.6,6:03:44.50 PM,0.3978656
355.7,6:03:44.60 PM,0.3978656
355.8,6:03:44.70 PM,0.3978656
355.9,6:03:44.80 PM,0.3978656
356.0,6:03:44.90 PM,0.3978656
356.1,6:03:44.96 PM,0.3978656
356.2,6:03:45.06 PM,0.3978656
356.3,6:03:45.16 PM,0.3978656
356.4,6:03:45.27 PM,0.3978656
356.5,6:03:45.37 PM,0.3978656
356.6,6:03:45.47 PM,0.3978656
356.7,6:03:45.58 PM,0.3978656
356.8,6:03:45.68 PM,0.3978656
356.9,6:03:45.79 PM,0.3978656
357.0,6:03:45.89 PM,0.3978656
357.1,6:03:45.99 PM,0.3978656
357.2,6:03:46.09 PM,0.3978656
357.3,6:03:46.20 PM,0.3978656
357.4,6:03:46.30 PM,0.3978656
357.5,6:03:46.40 PM,0.3978656
357.6,6:03:46.51 PM,0.3978656
357.7,6:03:46.61 PM,0.3978656
357.8,6:03:46.71 PM,0.3978656
357.9,6:03:46.81 PM,0.3978656
358.0,6:03:46.92 PM,0.3978656
358.1,6:03:47.02 PM,0.3978656
358.2,6:03:47.12 PM,0.3978656
358.3,6:03:47.22 PM,0.3978656
358.4,6:03:47.30 PM,0.3978656
358.5,6:03:47.43 PM,0.3978656
358.6,6:03:47.53 PM,0.3978656
358.7,6:03:47.64 PM,0.3978656
358.8,6:03:47.70 PM,0.3978656
358.9,6:03:47.80 PM,0.3978656
359.0,6:03:47.90 PM,0.3978656
359.1,6:03:48.00 PM,0.3978656
359.2,6:03:48.10 PM,0.3978656
359.3,6:03:48.20 PM,0.3978656
359.4,6:03:48.30 PM,0.3978656
359.5,6:03:48.40 PM,0.3978656
359.6,6:03:48.46 PM,0.3978656
359.7,6:03:48.56 PM,0.3978656
359.8,6:03:48.70 PM,0.3978656
359.9,6:03:48.77 PM,0.3978656
360.0,6:03:48.87 PM,0.3978656
360.1,6:03:48.98 PM,0.3978656
360.2,6:03:49.08 PM,0.3978656
360.3,6:03:49.18 PM,0.3978656
360.4,6:03:49.29 PM,0.3978656
360.5,6:03:49.39 PM,0.3978656
360.6,6:03:49.49 PM,0.3978656
360.7,6:03:49.61 PM,0.3978656
360.8,6:03:49.71 PM,0.3978656
360.9,6:03:49.81 PM,0.3978656
361.0,6:03:49.91 PM,0.3978656
361.1,6:03:50.01 PM,0.3978656
361.2,6:03:50.12 PM,0.3978656
361.3,6:03:50.22 PM,0.3978656
361.4,6:03:50.33 PM,0.3978656
361.5,6:03:50.40 PM,0.3978656
361.6,6:03:50.50 PM,0.3978656
361.7,6:03:50.60 PM,0.3978656
361.8,6:03:50.70 PM,0.3978656
361.9,6:03:50.80 PM,0.3978656
362.0,6:03:50.90 PM,0.3978656
362.1,6:03:51.00 PM,0.3978656
362.2,6:03:51.10 PM,0.3978656
362.3,6:03:51.20 PM,0.3978656
362.4,6:03:51.30 PM,0.3978656
362.5,6:03:51.40 PM,0.3978656
362.6,6:03:51.50 PM,0.3978656
362.7,6:03:51.60 PM,0.3978656
362.8,6:03:51.70 PM,0.3978656
362.9,6:03:51.76 PM,0.3978656
363.0,6:03:51.87 PM,0.3978656
363.1,6:03:51.97 PM,0.3978656
363.2,6:03:52.07 PM,0.3978656
363.3,6:03:52.18 PM,0.3978656
363.4,6:03:52.28 PM,0.3978656
363.5,6:03:52.39 PM,0.3978656
363.6,6:03:52.49 PM,0.3978656
363.7,6:03:52.59 PM,0.3978656
363.8,6:03:52.69 PM,0.3978656
363.9,6:03:52.80 PM,0.3978656
364.0,6:03:52.90 PM,0.3978656
364.1,6:03:53.00 PM,0.3978656
364.2,6:03:53.10 PM,0.3978656
364.3,6:03:53.20 PM,0.3978656
364.4,6:03:53.31 PM,0.3978656
364.5,6:03:53.41 PM,0.3978656
364.6,6:03:53.51 PM,0.3978656
364.7,6:03:53.62 PM,0.3978656
364.8,6:03:53.72 PM,0.3978656
364.9,6:03:53.80 PM,0.3978656
365.0,6:03:53.92 PM,0.3978656
365.1,6:03:54.03 PM,0.3978656
365.2,6:03:54.13 PM,0.3978656
365.3,6:03:54.20 PM,0.3978656
365.4,6:03:54.30 PM,0.3978656
365.5,6:03:54.40 PM,0.3978656
365.6,6:03:54.50 PM,0.3978656
365.7,6:03:54.60 PM,0.3978656
365.8,6:03:54.70 PM,0.3978656
365.9,6:03:54.80 PM,0.2995168
366.0,6:03:54.90 PM,0.2995168
366.1,6:03:55.00 PM,0.2995168
366.2,6:03:55.10 PM,0.2995168
366.3,6:03:55.16 PM,0.2995168
366.4,6:03:55.27 PM,0.2995168
366.5,6:03:55.37 PM,0.2995168
366.6,6:03:55.47 PM,0.2995168
366.7,6:03:55.60 PM,0.2995168
366.8,6:03:55.68 PM,0.2995168
366.9,6:03:55.78 PM,0.2995168
367.0,6:03:55.88 PM,0.2995168
367.1,6:03:55.99 PM,0.2995168
367.2,6:03:56.09 PM,0.2995168
367.3,6:03:56.19 PM,0.2995168
367.4,6:03:56.29 PM,0.2995168
367.5,6:03:56.40 PM,0.2995168
367.6,6:03:56.50 PM,0.2995168
367.7,6:03:56.60 PM,0.2995168
367.8,6:03:56.71 PM,0.2995168
367.9,6:03:56.81 PM,0.2995168
368.0,6:03:56.91 PM,0.2995168
368.1,6:03:57.01 PM,0.2995168
368.2,6:03:57.12 PM,0.2995168
368.3,6:03:57.22 PM,0.2995168
368.4,6:03:57.32 PM,0.2995168
368.5,6:03:57.40 PM,0.2995168
368.6,6:03:57.53 PM,0.2995168
368.7,6:03:57.63 PM,0.2995168
368.8,6:03:57.73 PM,0.2995168
368.9,6:03:57.80 PM,0.2995168
369.0,6:03:57.94 PM,0.2995168
369.1,6:03:58.00 PM,0.2995168
369.2,6:03:58.10 PM,0.2995168
369.3,6:03:58.20 PM,0.2995168
369.4,6:03:58.30 PM,0.2995168
369.5,6:03:58.40 PM,0.2995168
369.6,6:03:58.50 PM,0.2995168
369.7,6:03:58.60 PM,0.2995168
369.8,6:03:58.70 PM,0.2995168
369.9,6:03:58.76 PM,0.2995168
370.0,6:03:58.90 PM,0.2995168
370.1,6:03:58.97 PM,0.2995168
370.2,6:03:59.07 PM,0.2995168
370.3,6:03:59.17 PM,0.2995168
370.4,6:03:59.27 PM,0.2995168
370.5,6:03:59.38 PM,0.2995168
370.6,6:03:59.48 PM,0.2995168
370.7,6:03:59.58 PM,0.2995168
370.8,6:03:59.68 PM,0.2995168
370.9,6:03:59.78 PM,0.2995168
371.0,6:03:59.89 PM,0.2995168
371.1,6:03:59.99 PM,0.2995168
371.2,6:04:00.09 PM,0.2995168
371.3,6:04:00.19 PM,0.2995168
371.4,6:04:00.30 PM,0.2995168
371.5,6:04:00.40 PM,0.2995168
371.6,6:04:00.50 PM,0.2995168
371.7,6:04:00.60 PM,0.2995168
371.8,6:04:00.71 PM,0.1966976
371.9,6:04:00.82 PM,0.1966976
372.0,6:04:00.92 PM,0.1966976
372.1,6:04:01.02 PM,0.1966976
372.2,6:04:01.12 PM,0.1966976
372.3,6:04:01.23 PM,0.1966976
372.4,6:04:01.33 PM,0.1966976
372.5,6:04:01.40 PM,0.1966976
372.6,6:04:01.54 PM,0.1966976
372.7,6:04:01.60 PM,0.1966976
372.8,6:04:01.70 PM,0.1966976
372.9,6:04:01.80 PM,0.1966976
373.0,6:04:01.90 PM,0.1966976
373.1,6:04:02.00 PM,0.1966976
373.2,6:04:02.10 PM,0.1966976
373.3,6:04:02.20 PM,0.1966976
373.4,6:04:02.30 PM,0.1966976
373.5,6:04:02.40 PM,0.1966976
373.6,6:04:02.46 PM,0.1966976
373.7,6:04:02.56 PM,0.1966976
373.8,6:04:02.66 PM,0.1966976
373.9,6:04:02.77 PM,0.1966976
374.0,6:04:02.87 PM,0.1966976
374.1,6:04:02.98 PM,0.1966976
374.2,6:04:03.08 PM,0.1966976
374.3,6:04:03.18 PM,0.1966976
374.4,6:04:03.29 PM,0.1966976
374.5,6:04:03.39 PM,0.1966976
374.6,6:04:03.49 PM,0.1966976
374.7,6:04:03.59 PM,0.1966976
374.8,6:04:03.70 PM,0.1966976
374.9,6:04:03.80 PM,0.1966976
375.0,6:04:03.90 PM,0.1966976
375.1,6:04:04.01 PM,0.1966976
375.2,6:04:04.11 PM,0.1966976
375.3,6:04:04.21 PM,0.1966976
375.4,6:04:04.31 PM,0.1966976
375.5,6:04:04.41 PM,0.1966976
375.6,6:04:04.52 PM,0.1966976
375.7,6:04:04.62 PM,0.1966976
375.8,6:04:04.72 PM,0.2995168
375.9,6:04:04.80 PM,0.2995168
376.0,6:04:04.93 PM,0.2995168
376.1,6:04:05.03 PM,0.1966976
376.2,6:04:05.10 PM,0.1966976
376.3,6:04:05.24 PM,0.1966976
376.4,6:04:05.34 PM,0.1966976
376.5,6:04:05.40 PM,0.1966976
376.6,6:04:05.50 PM,0.1966976
376.7,6:04:05.60 PM,0.1966976
376.8,6:04:05.70 PM,0.1966976
376.9,6:04:05.80 PM,0.1966976
377.0,6:04:05.90 PM,0.1966976
377.1,6:04:06.00 PM,0.1966976
377.2,6:04:06.10 PM,0.2995168
377.3,6:04:06.20 PM,0.2995168
377.4,6:04:06.30 PM,0.2995168
377.5,6:04:06.36 PM,0.2995168
377.6,6:04:06.46 PM,0.2995168
377.7,6:04:06.56 PM,0.2995168
377.8,6:04:06.67 PM,0.2995168
377.9,6:04:06.80 PM,0.2995168
378.0,6:04:06.87 PM,0.2995168
378.1,6:04:06.97 PM,0.2995168
378.2,6:04:07.07 PM,0.2995168
378.3,6:04:07.18 PM,0.2995168
378.4,6:04:07.28 PM,0.2995168
378.5,6:04:07.39 PM,0.2995168
378.6,6:04:07.49 PM,0.2995168
378.7,6:04:07.60 PM,0.2995168
378.8,6:04:07.70 PM,0.2995168
378.9,6:04:07.80 PM,0.2995168
379.0,6:04:07.90 PM,0.2995168
379.1,6:04:08.00 PM,0.2995168
379.2,6:04:08.11 PM,0.2995168
379.3,6:04:08.21 PM,0.2995168
379.4,6:04:08.32 PM,0.2995168
379.5,6:04:08.42 PM,0.2995168
379.6,6:04:08.52 PM,0.2995168
379.7,6:04:08.62 PM,0.2995168
379.8,6:04:08.73 PM,0.2995168
379.9,6:04:08.83 PM,0.2995168
380.0,6:04:08.93 PM,0.2995168
380.1,6:04:09.03 PM,0.2995168
380.2,6:04:09.14 PM,0.2995168
380.3,6:04:09.20 PM,0.2995168
380.4,6:04:09.30 PM,0.2995168
380.5,6:04:09.40 PM,0.2995168
380.6,6:04:09.50 PM,0.2995168
380.7,6:04:09.60 PM,0.2995168
380.8,6:04:09.70 PM,0.2995168
380.9,6:04:09.76 PM,0.2995168
381.0,6:04:09.90 PM,0.2995168
381.1,6:04:09.97 PM,0.2995168
381.2,6:04:10.07 PM,0.2995168
381.3,6:04:10.17 PM,0.2995168
381.4,6:04:10.30 PM,0.2995168
381.5,6:04:10.37 PM,0.2995168
381.6,6:04:10.47 PM,0.2995168
381.7,6:04:10.58 PM,0.2995168
381.8,6:04:10.68 PM,0.2995168
381.9,6:04:10.78 PM,0.1966976
382.0,6:04:10.88 PM,0.1966976
382.1,6:04:10.99 PM,0.1966976
382.2,6:04:11.09 PM,0.2995168
382.3,6:04:11.19 PM,0.2995168
382.4,6:04:11.29 PM,0.2995168
382.5,6:04:11.40 PM,0.2995168
382.6,6:04:11.50 PM,0.2995168
382.7,6:04:11.60 PM,0.2995168
382.8,6:04:11.71 PM,0.2995168
382.9,6:04:11.80 PM,0.2995168
383.0,6:04:11.92 PM,0.2995168
383.1,6:04:12.02 PM,0.2995168
383.2,6:04:12.12 PM,0.2995168
383.3,6:04:12.23 PM,0.2995168
383.4,6:04:12.33 PM,0.2995168
383.5,6:04:12.43 PM,0.2995168
383.6,6:04:12.53 PM,0.2995168
383.7,6:04:12.60 PM,0.2995168
383.8,6:04:12.70 PM,0.2995168
383.9,6:04:12.80 PM,0.2995168
384.0,6:04:12.90 PM,0.2995168
384.1,6:04:13.00 PM,0.2995168
384.2,6:04:13.10 PM,0.2995168
384.3,6:04:13.20 PM,0.2995168
384.4,6:04:13.30 PM,0.2995168
384.5,6:04:13.40 PM,0.2995168
384.6,6:04:13.46 PM,0.2995168
384.7,6:04:13.56 PM,0.2995168
384.8,6:04:13.70 PM,0.2995168
384.9,6:04:13.76 PM,0.2995168
385.0,6:04:13.86 PM,0.2995168
385.1,6:04:13.97 PM,0.2995168
385.2,6:04:14.07 PM,0.2995168
385.3,6:04:14.17 PM,0.2995168
385.4,6:04:14.27 PM,0.2995168
385.5,6:04:14.38 PM,0.2995168
385.6,6:04:14.48 PM,0.2995168
385.7,6:04:14.58 PM,0.2995168
385.8,6:04:14.69 PM,0.2995168
385.9,6:04:14.79 PM,0.2995168
386.0,6:04:14.89 PM,0.2995168
386.1,6:04:14.99 PM,0.2995168
386.2,6:04:15.09 PM,0.2995168
386.3,6:04:15.20 PM,0.2995168
386.4,6:04:15.30 PM,0.2995168
386.5,6:04:15.40 PM,0.2995168
386.6,6:04:15.51 PM,0.2995168
386.7,6:04:15.61 PM,0.2995168
386.8,6:04:15.71 PM,0.2995168
386.9,6:04:15.81 PM,0.2995168
387.0,6:04:15.92 PM,0.2995168
387.1,6:04:16.02 PM,0.2995168
387.2,6:04:16.12 PM,0.2995168
387.3,6:04:16.23 PM,0.2995168
387.4,6:04:16.30 PM,0.2995168
387.5,6:04:16.43 PM,0.2995168
387.6,6:04:16.54 PM,0.2995168
387.7,6:04:16.60 PM,0.3978656
387.8,6:04:16.70 PM,0.3978656
387.9,6:04:16.80 PM,0.3978656
388.0,6:04:16.90 PM,0.3978656
388.1,6:04:17.00 PM,0.3978656
388.2,6:04:17.10 PM,0.3978656
388.3,6:04:17.20 PM,0.3978656
388.4,6:04:17.30 PM,0.3978656
388.5,6:04:17.40 PM,0.3978656
388.6,6:04:17.50 PM,0.3978656
388.7,6:04:17.56 PM,0.3978656
388.8,6:04:17.66 PM,0.3978656
388.9,6:04:17.77 PM,0.3978656
389.0,6:04:17.87 PM,0.3978656
389.1,6:04:17.97 PM,0.3978656
389.2,6:04:18.07 PM,0.3978656
389.3,6:04:18.18 PM,0.3978656
389.4,6:04:18.28 PM,0.3978656
389.5,6:04:18.38 PM,0.3978656
389.6,6:04:18.48 PM,0.3978656
389.7,6:04:18.58 PM,0.3978656
389.8,6:04:18.69 PM,0.3978656
389.9,6:04:18.79 PM,0.49621440000000006
390.0,6:04:18.89 PM,0.49621440000000006
390.1,6:04:18.99 PM,0.49621440000000006
390.2,6:04:19.10 PM,0.49621440000000006
390.3,6:04:19.20 PM,0.49621440000000006
390.4,6:04:19.31 PM,0.49621440000000006
390.5,6:04:19.41 PM,0.49621440000000006
390.6,6:04:19.51 PM,0.49621440000000006
390.7,6:04:19.61 PM,0.49621440000000006
390.8,6:04:19.71 PM,0.49621440000000006
390.9,6:04:19.82 PM,0.49621440000000006
391.0,6:04:19.92 PM,0.49621440000000006
391.1,6:04:20.02 PM,0.49621440000000006
391.2,6:04:20.10 PM,0.49621440000000006
391.3,6:04:20.20 PM,0.49621440000000006
391.4,6:04:20.30 PM,0.49621440000000006
391.5,6:04:20.40 PM,0.49621440000000006
391.6,6:04:20.50 PM,0.49621440000000006
391.7,6:04:20.60 PM,0.49621440000000006
391.8,6:04:20.70 PM,0.49621440000000006
391.9,6:04:20.80 PM,0.49621440000000006
392.0,6:04:20.90 PM,0.49621440000000006
392.1,6:04:21.00 PM,0.49621440000000006
392.2,6:04:21.10 PM,0.49621440000000006
392.3,6:04:21.20 PM,0.49621440000000006
392.4,6:04:21.30 PM,0.49621440000000006
392.5,6:04:21.36 PM,0.49621440000000006
392.6,6:04:21.50 PM,0.49621440000000006
392.7,6:04:21.56 PM,0.49621440000000006
392.8,6:04:21.67 PM,0.49621440000000006
392.9,6:04:21.77 PM,0.49621440000000006
393.0,6:04:21.87 PM,0.49621440000000006
393.1,6:04:21.97 PM,0.49621440000000006
393.2,6:04:22.07 PM,0.49621440000000006
393.3,6:04:22.18 PM,0.49621440000000006
393.4,6:04:22.28 PM,0.5990336
393.5,6:04:22.38 PM,0.5990336
393.6,6:04:22.48 PM,0.5990336
393.7,6:04:22.59 PM,0.5990336
393.8,6:04:22.69 PM,0.5990336
393.9,6:04:22.80 PM,0.5990336
394.0,6:04:22.89 PM,0.5990336
394.1,6:04:22.99 PM,0.5990336
394.2,6:04:23.10 PM,0.5990336
394.3,6:04:23.20 PM,0.5990336
394.4,6:04:23.31 PM,0.5990336
394.5,6:04:23.41 PM,0.5990336
394.6,6:04:23.51 PM,0.5990336
394.7,6:04:23.61 PM,0.5990336
394.8,6:04:23.71 PM,0.5990336
394.9,6:04:23.80 PM,0.5990336
395.0,6:04:23.92 PM,0.5990336
395.1,6:04:24.02 PM,0.5990336
395.2,6:04:24.12 PM,0.5990336
395.3,6:04:24.23 PM,0.5990336
395.4,6:04:24.33 PM,0.5990336
395.5,6:04:24.43 PM,0.5990336
395.6,6:04:24.54 PM,0.5990336
395.7,6:04:24.60 PM,0.5990336
395.8,6:04:24.70 PM,0.5990336
395.9,6:04:24.80 PM,0.5990336
396.0,6:04:24.90 PM,0.5990336
396.1,6:04:25.00 PM,0.5990336
396.2,6:04:25.10 PM,0.5990336
396.3,6:04:25.20 PM,0.5990336
396.4,6:04:25.26 PM,0.5990336
396.5,6:04:25.37 PM,0.5990336
396.6,6:04:25.47 PM,0.5990336
396.7,6:04:25.57 PM,0.5990336
396.8,6:04:25.68 PM,0.5990336
396.9,6:04:25.80 PM,0.5990336
397.0,6:04:25.88 PM,0.6973824
397.1,6:04:25.98 PM,0.6973824
397.2,6:04:26.08 PM,0.6973824
397.3,6:04:26.19 PM,0.6973824
397.4,6:04:26.29 PM,0.6973824
397.5,6:04:26.39 PM,0.6973824
397.6,6:04:26.50 PM,0.6973824
397.7,6:04:26.60 PM,0.6973824
397.8,6:04:26.71 PM,0.6973824
397.9,6:04:26.82 PM,0.6973824
398.0,6:04:26.92 PM,0.6973824
398.1,6:04:27.02 PM,0.6973824
398.2,6:04:27.12 PM,0.6973824
398.3,6:04:27.20 PM,0.6973824
398.4,6:04:27.33 PM,0.6973824
398.5,6:04:27.43 PM,0.6973824
398.6,6:04:27.50 PM,0.6973824
398.7,6:04:27.60 PM,0.6973824
398.8,6:04:27.70 PM,0.6973824
398.9,6:04:27.80 PM,0.6973824
399.0,6:04:27.90 PM,0.6973824
399.1,6:04:28.00 PM,0.6973824
399.2,6:04:28.10 PM,0.7957312
399.3,6:04:28.20 PM,0.7957312
399.4,6:04:28.26 PM,0.7957312
399.5,6:04:28.36 PM,0.7957312
399.6,6:04:28.47 PM,0.7957312
399.7,6:04:28.57 PM,0.7957312
399.8,6:04:28.67 PM,0.7957312
399.9,6:04:28.78 PM,0.7957312
400.0,6:04:28.88 PM,0.7957312
400.1,6:04:28.98 PM,0.7957312
400.2,6:04:29.08 PM,0.7957312
400.3,6:04:29.19 PM,0.7957312
400.4,6:04:29.29 PM,0.7957312
400.5,6:04:29.40 PM,0.7957312
400.6,6:04:29.50 PM,0.7957312
400.7,6:04:29.60 PM,0.7957312
400.8,6:04:29.71 PM,0.7957312
400.9,6:04:29.82 PM,0.7957312
401.0,6:04:29.92 PM,0.7957312
401.1,6:04:30.02 PM,0.7957312
401.2,6:04:30.12 PM,0.7957312
401.3,6:04:30.23 PM,0.8985503999999999
401.4,6:04:30.33 PM,0.8985503999999999
401.5,6:04:30.43 PM,0.8985503999999999
401.6,6:04:30.53 PM,0.8985503999999999
401.7,6:04:30.60 PM,0.8985503999999999
401.8,6:04:30.70 PM,0.8985503999999999
401.9,6:04:30.80 PM,0.8985503999999999
402.0,6:04:30.90 PM,0.9968992
402.1,6:04:31.00 PM,0.9968992
402.2,6:04:31.10 PM,0.9968992
402.3,6:04:31.20 PM,0.9968992
402.4,6:04:31.30 PM,0.9968992
402.5,6:04:31.40 PM,0.9968992
402.6,6:04:31.46 PM,0.9968992
402.7,6:04:31.60 PM,1.0997184
402.8,6:04:31.66 PM,1.0997184
402.9,6:04:31.77 PM,1.0997184
403.0,6:04:31.90 PM,1.0997184
403.1,6:04:31.97 PM,1.0997184
403.2,6:04:32.10 PM,1.0997184
403.3,6:04:32.18 PM,1.0997184
403.4,6:04:32.28 PM,1.0997184
403.5,6:04:32.39 PM,1.1980672
403.6,6:04:32.49 PM,1.1980672
403.7,6:04:32.60 PM,1.1980672
403.8,6:04:32.70 PM,1.1980672
403.9,6:04:32.80 PM,1.1980672
404.0,6:04:32.90 PM,1.1980672
404.1,6:04:33.01 PM,1.1980672
404.2,6:04:33.11 PM,1.1980672
404.3,6:04:33.21 PM,1.1980672
404.4,6:04:33.31 PM,1.1980672
404.5,6:04:33.41 PM,1.1980672
404.6,6:04:33.52 PM,1.1980672
404.7,6:04:33.62 PM,1.1980672
404.8,6:04:33.72 PM,1.1980672
404.9,6:04:33.82 PM,1.296416
405.0,6:04:33.90 PM,1.296416
405.1,6:04:34.00 PM,1.296416
405.2,6:04:34.13 PM,1.296416
405.3,6:04:34.20 PM,1.296416
405.4,6:04:34.30 PM,1.296416
405.5,6:04:34.40 PM,1.296416
405.6,6:04:34.50 PM,1.296416
405.7,6:04:34.60 PM,1.296416
405.8,6:04:34.70 PM,1.296416
405.9,6:04:34.80 PM,1.296416
406.0,6:04:34.90 PM,1.296416
406.1,6:04:35.00 PM,1.296416
406.2,6:04:35.10 PM,1.296416
406.3,6:04:35.16 PM,1.296416
406.4,6:04:35.30 PM,1.296416
406.5,6:04:35.37 PM,1.296416
406.6,6:04:35.47 PM,1.296416
406.7,6:04:35.57 PM,1.296416
406.8,6:04:35.67 PM,1.296416
406.9,6:04:35.78 PM,1.296416
407.0,6:04:35.88 PM,1.296416
407.1,6:04:35.98 PM,1.296416
407.2,6:04:36.08 PM,1.296416
407.3,6:04:36.19 PM,1.296416
407.4,6:04:36.30 PM,1.296416
407.5,6:04:36.40 PM,1.296416
407.6,6:04:36.50 PM,1.296416
407.7,6:04:36.61 PM,1.296416
407.8,6:04:36.71 PM,1.296416
407.9,6:04:36.81 PM,1.296416
408.0,6:04:36.92 PM,1.296416
408.1,6:04:37.02 PM,1.296416
408.2,6:04:37.10 PM,1.3992352
408.3,6:04:37.23 PM,1.3992352
408.4,6:04:37.30 PM,1.3992352
408.5,6:04:37.40 PM,1.3992352
408.6,6:04:37.50 PM,1.3992352
408.7,6:04:37.60 PM,1.3992352
408.8,6:04:37.70 PM,1.3992352
408.9,6:04:37.80 PM,1.3992352
409.0,6:04:37.90 PM,1.3992352
409.1,6:04:38.00 PM,1.3992352
409.2,6:04:38.10 PM,1.3992352
409.3,6:04:38.20 PM,1.3992352
409.4,6:04:38.26 PM,1.3992352
409.5,6:04:38.36 PM,1.3992352
409.6,6:04:38.46 PM,1.3992352
409.7,6:04:38.57 PM,1.3992352
409.8,6:04:38.67 PM,1.3992352
409.9,6:04:38.77 PM,1.3992352
410.0,6:04:38.90 PM,1.3992352
410.1,6:04:38.97 PM,1.497584
410.2,6:04:39.08 PM,1.497584
410.3,6:04:39.18 PM,1.497584
410.4,6:04:39.28 PM,1.497584
410.5,6:04:39.38 PM,1.497584
410.6,6:04:39.48 PM,1.497584
410.7,6:04:39.59 PM,1.497584
410.8,6:04:39.69 PM,1.497584
410.9,6:04:39.79 PM,1.497584
411.0,6:04:39.90 PM,1.497584
411.1,6:04:39.99 PM,1.497584
411.2,6:04:40.10 PM,1.497584
411.3,6:04:40.20 PM,1.5959328
411.4,6:04:40.31 PM,1.5959328
411.5,6:04:40.41 PM,1.5959328
411.6,6:04:40.51 PM,1.5959328
411.7,6:04:40.62 PM,1.5959328
411.8,6:04:40.72 PM,1.5959328
411.9,6:04:40.82 PM,1.5959328
412.0,6:04:40.92 PM,1.5959328
412.1,6:04:41.03 PM,1.5959328
412.2,6:04:41.10 PM,1.5959328
412.3,6:04:41.23 PM,1.5959328
412.4,6:04:41.34 PM,1.5959328
412.5,6:04:41.40 PM,1.5959328
412.6,6:04:41.50 PM,1.5959328
412.7,6:04:41.60 PM,1.5959328
412.8,6:04:41.70 PM,1.5959328
412.9,6:04:41.80 PM,1.5959328
413.0,6:04:41.90 PM,1.5959328
413.1,6:04:42.00 PM,1.5959328
413.2,6:04:42.10 PM,1.5959328
413.3,6:04:42.20 PM,1.5959328
413.4,6:04:42.30 PM,1.5959328
413.5,6:04:42.40 PM,1.5959328
413.6,6:04:42.46 PM,1.5959328
413.7,6:04:42.56 PM,1.5959328
413.8,6:04:42.66 PM,1.5959328
413.9,6:04:42.77 PM,1.6987519999999998
414.0,6:04:42.87 PM,1.6987519999999998
414.1,6:04:42.97 PM,1.6987519999999998
414.2,6:04:43.07 PM,1.6987519999999998
414.3,6:04:43.17 PM,1.6987519999999998
414.4,6:04:43.30 PM,1.6987519999999998
414.5,6:04:43.38 PM,1.6987519999999998
414.6,6:04:43.48 PM,1.6987519999999998
414.7,6:04:43.58 PM,1.6987519999999998
414.8,6:04:43.69 PM,1.6987519999999998
414.9,6:04:43.79 PM,1.6987519999999998
415.0,6:04:43.89 PM,1.6987519999999998
415.1,6:04:43.99 PM,1.6987519999999998
415.2,6:04:44.10 PM,1.6987519999999998
415.3,6:04:44.20 PM,1.6987519999999998
415.4,6:04:44.31 PM,1.6987519999999998
415.5,6:04:44.41 PM,1.6987519999999998
415.6,6:04:44.51 PM,1.6987519999999998
415.7,6:04:44.61 PM,1.6987519999999998
415.8,6:04:44.72 PM,1.6987519999999998
415.9,6:04:44.82 PM,1.7971007999999997
416.0,6:04:44.92 PM,1.7971007999999997
416.1,6:04:45.02 PM,1.7971007999999997
416.2,6:04:45.13 PM,1.7971007999999997
416.3,6:04:45.23 PM,1.7971007999999997
416.4,6:04:45.33 PM,1.7971007999999997
416.5,6:04:45.44 PM,1.7971007999999997
416.6,6:04:45.50 PM,1.7971007999999997
416.7,6:04:45.60 PM,1.89992
416.8,6:04:45.70 PM,1.89992
416.9,6:04:45.80 PM,1.89992
417.0,6:04:45.90 PM,1.89992
417.1,6:04:46.00 PM,1.89992
417.2,6:04:46.10 PM,1.89992
417.3,6:04:46.20 PM,1.89992
417.4,6:04:46.26 PM,1.89992
417.5,6:04:46.37 PM,1.89992
417.6,6:04:46.47 PM,1.9982688
417.7,6:04:46.57 PM,1.9982688
417.8,6:04:46.68 PM,1.9982688
417.9,6:04:46.78 PM,1.9982688
418.0,6:04:46.88 PM,1.9982688
418.1,6:04:46.98 PM,1.9982688
418.2,6:04:47.09 PM,1.9982688
418.3,6:04:47.19 PM,1.9982688
418.4,6:04:47.29 PM,1.9982688
418.5,6:04:47.39 PM,1.9982688
418.6,6:04:47.49 PM,1.9982688
418.7,6:04:47.60 PM,1.9982688
418.8,6:04:47.70 PM,1.9982688
418.9,6:04:47.80 PM,1.9982688
419.0,6:04:47.91 PM,1.9982688
419.1,6:04:48.01 PM,1.9982688
419.2,6:04:48.12 PM,1.9982688
419.3,6:04:48.22 PM,1.9982688
419.4,6:04:48.32 PM,1.9982688
419.5,6:04:48.43 PM,1.9982688
419.6,6:04:48.53 PM,1.9982688
419.7,6:04:48.60 PM,1.9982688
419.8,6:04:48.74 PM,1.9982688
419.9,6:04:48.80 PM,1.9982688
420.0,6:04:48.90 PM,1.9982688
420.1,6:04:49.00 PM,1.9982688
420.2,6:04:49.10 PM,1.9982688
420.3,6:04:49.20 PM,1.9982688
420.4,6:04:49.30 PM,1.9982688
420.5,6:04:49.40 PM,1.9982688
420.6,6:04:49.50 PM,1.9982688
420.7,6:04:49.56 PM,1.9982688
420.8,6:04:49.70 PM,1.9982688
420.9,6:04:49.76 PM,1.9982688
421.0,6:04:49.87 PM,1.9982688
421.1,6:04:49.97 PM,1.9982688
421.2,6:04:50.08 PM,2.0966176
421.3,6:04:50.18 PM,2.0966176
421.4,6:04:50.29 PM,2.0966176
421.5,6:04:50.39 PM,2.0966176
421.6,6:04:50.49 PM,2.0966176
421.7,6:04:50.59 PM,2.0966176
421.8,6:04:50.69 PM,2.0966176
421.9,6:04:50.80 PM,2.0966176
422.0,6:04:50.90 PM,2.0966176
422.1,6:04:51.00 PM,2.0966176
422.2,6:04:51.11 PM,2.0966176
422.3,6:04:51.22 PM,2.0966176
422.4,6:04:51.32 PM,2.0966176
422.5,6:04:51.42 PM,2.0966176
422.6,6:04:51.53 PM,2.0966176
422.7,6:04:51.63 PM,2.0966176
422.8,6:04:51.73 PM,2.0966176
422.9,6:04:51.84 PM,2.0966176
423.0,6:04:51.90 PM,2.1994368
423.1,6:04:52.00 PM,2.1994368
423.2,6:04:52.10 PM,2.1994368
423.3,6:04:52.20 PM,2.1994368
423.4,6:04:52.30 PM,2.1994368
423.5,6:04:52.40 PM,2.1994368
423.6,6:04:52.50 PM,2.1994368
423.7,6:04:52.60 PM,2.1994368
423.8,6:04:52.70 PM,2.1994368
423.9,6:04:52.76 PM,2.1994368
424.0,6:04:52.87 PM,2.1994368
424.1,6:04:52.97 PM,2.1994368
424.2,6:04:53.07 PM,2.1994368
424.3,6:04:53.17 PM,2.1994368
424.4,6:04:53.27 PM,2.1994368
424.5,6:04:53.38 PM,2.1994368
424.6,6:04:53.48 PM,2.1994368
424.7,6:04:53.58 PM,2.1994368
424.8,6:04:53.69 PM,2.1994368
424.9,6:04:53.79 PM,2.1994368
425.0,6:04:53.89 PM,2.1994368
425.1,6:04:53.99 PM,2.1994368
425.2,6:04:54.09 PM,2.1994368
425.3,6:04:54.20 PM,2.1994368
425.4,6:04:54.30 PM,2.1994368
425.5,6:04:54.40 PM,2.1994368
425.6,6:04:54.51 PM,2.1994368
425.7,6:04:54.61 PM,2.1994368
425.8,6:04:54.72 PM,2.1994368
425.9,6:04:54.82 PM,2.1994368
426.0,6:04:54.92 PM,2.1994368
426.1,6:04:55.02 PM,2.1994368
426.2,6:04:55.13 PM,2.2977855999999997
426.3,6:04:55.20 PM,2.2977855999999997
426.4,6:04:55.33 PM,2.2977855999999997
426.5,6:04:55.43 PM,2.2977855999999997
426.6,6:04:55.50 PM,2.2977855999999997
426.7,6:04:55.60 PM,2.2977855999999997
426.8,6:04:55.70 PM,2.2977855999999997
426.9,6:04:55.80 PM,2.2977855999999997
427.0,6:04:55.90 PM,2.2977855999999997
427.1,6:04:56.00 PM,2.2977855999999997
427.2,6:04:56.10 PM,2.2977855999999997
427.3,6:04:56.20 PM,2.2977855999999997
427.4,6:04:56.30 PM,2.2977855999999997
427.5,6:04:56.36 PM,2.2977855999999997
427.6,6:04:56.47 PM,2.2977855999999997
427.7,6:04:56.57 PM,2.2977855999999997
427.8,6:04:56.70 PM,2.2977855999999997
427.9,6:04:56.77 PM,2.2977855999999997
428.0,6:04:56.88 PM,2.2977855999999997
428.1,6:04:56.98 PM,2.3961344
428.2,6:04:57.08 PM,2.3961344
428.3,6:04:57.18 PM,2.3961344
428.4,6:04:57.29 PM,2.3961344
428.5,6:04:57.39 PM,2.3961344
428.6,6:04:57.49 PM,2.3961344
428.7,6:04:57.59 PM,2.3961344
428.8,6:04:57.70 PM,2.3961344
428.9,6:04:57.80 PM,2.4989536
429.0,6:04:57.90 PM,2.4989536
429.1,6:04:58.00 PM,2.4989536
429.2,6:04:58.10 PM,2.4989536
429.3,6:04:58.21 PM,2.4989536
429.4,6:04:58.31 PM,2.4989536
429.5,6:04:58.41 PM,2.4989536
429.6,6:04:58.50 PM,2.4989536
429.7,6:04:58.62 PM,2.4989536
429.8,6:04:58.73 PM,2.4989536
429.9,6:04:58.83 PM,2.5973024
430.0,6:04:58.90 PM,2.5973024
430.1,6:04:59.03 PM,2.5973024
430.2,6:04:59.10 PM,2.5973024
430.3,6:04:59.20 PM,2.5973024
430.4,6:04:59.30 PM,2.5973024
430.5,6:04:59.40 PM,2.5973024
430.6,6:04:59.50 PM,2.5973024
430.7,6:04:59.60 PM,2.5973024
430.8,6:04:59.66 PM,2.5973024
430.9,6:04:59.76 PM,2.5973024
431.0,6:04:59.87 PM,2.5973024
431.1,6:04:59.97 PM,2.5973024
431.2,6:05:00.07 PM,2.5973024
431.3,6:05:00.17 PM,2.5973024
431.4,6:05:00.28 PM,2.5973024
431.5,6:05:00.38 PM,2.6956512
431.6,6:05:00.49 PM,2.6956512
431.7,6:05:00.59 PM,2.6956512
431.8,6:05:00.69 PM,2.6956512
431.9,6:05:00.80 PM,2.6956512
432.0,6:05:00.90 PM,2.6956512
432.1,6:05:01.00 PM,2.6956512
432.2,6:05:01.10 PM,2.6956512
432.3,6:05:01.21 PM,2.7984704
432.4,6:05:01.31 PM,2.7984704
432.5,6:05:01.41 PM,2.7984704
432.6,6:05:01.51 PM,2.7984704
432.7,6:05:01.62 PM,2.7984704
432.8,6:05:01.72 PM,2.7984704
432.9,6:05:01.82 PM,2.7984704
433.0,6:05:01.92 PM,2.7984704
433.1,6:05:02.02 PM,2.7984704
433.2,6:05:02.10 PM,2.7984704
433.3,6:05:02.23 PM,2.7984704
433.4,6:05:02.33 PM,2.7984704
433.5,6:05:02.44 PM,2.7984704
433.6,6:05:02.50 PM,2.8968192
433.7,6:05:02.60 PM,2.8968192
433.8,6:05:02.70 PM,2.8968192
433.9,6:05:02.80 PM,2.8968192
434.0,6:05:02.90 PM,2.8968192
434.1,6:05:03.00 PM,2.8968192
434.2,6:05:03.10 PM,2.8968192
434.3,6:05:03.20 PM,2.8968192
434.4,6:05:03.26 PM,2.8968192
434.5,6:05:03.37 PM,2.8968192
434.6,6:05:03.47 PM,2.8968192
434.7,6:05:03.57 PM,2.8968192
434.8,6:05:03.68 PM,2.8968192
434.9,6:05:03.78 PM,2.8968192
435.0,6:05:03.88 PM,2.8968192
435.1,6:05:03.98 PM,2.8968192
435.2,6:05:04.09 PM,2.8968192
435.3,6:05:04.19 PM,2.8968192
435.4,6:05:04.29 PM,2.8968192
435.5,6:05:04.39 PM,2.8968192
435.6,6:05:04.50 PM,2.8968192
435.7,6:05:04.60 PM,2.8968192
435.8,6:05:04.71 PM,2.8968192
435.9,6:05:04.81 PM,2.8968192
436.0,6:05:04.91 PM,2.8968192
436.1,6:05:05.00 PM,2.8968192
436.2,6:05:05.12 PM,2.8968192
436.3,6:05:05.23 PM,2.8968192
436.4,6:05:05.33 PM,2.8968192
436.5,6:05:05.40 PM,2.8968192
436.6,6:05:05.50 PM,2.8968192
436.7,6:05:05.60 PM,2.8968192
436.8,6:05:05.70 PM,2.8968192
436.9,6:05:05.80 PM,2.9996384
437.0,6:05:05.90 PM,2.9996384
437.1,6:05:06.00 PM,2.9996384
437.2,6:05:06.06 PM,2.9996384
437.3,6:05:06.17 PM,2.9996384
437.4,6:05:06.27 PM,2.9996384
437.5,6:05:06.38 PM,2.9996384
437.6,6:05:06.48 PM,2.9996384
437.7,6:05:06.58 PM,2.9996384
437.8,6:05:06.69 PM,2.9996384
437.9,6:05:06.79 PM,2.9996384
438.0,6:05:06.90 PM,2.9996384
438.1,6:05:07.00 PM,2.9996384
438.2,6:05:07.11 PM,2.9996384
438.3,6:05:07.21 PM,2.9996384
438.4,6:05:07.31 PM,2.9996384
438.5,6:05:07.42 PM,2.9996384
438.6,6:05:07.50 PM,2.9996384
438.7,6:05:07.63 PM,2.9996384
438.8,6:05:07.70 PM,2.9996384
438.9,6:05:07.80 PM,2.9996384
439.0,6:05:07.94 PM,2.8968192
439.1,6:05:08.00 PM,2.8968192
439.2,6:05:08.10 PM,2.8968192
439.3,6:05:08.20 PM,2.8968192
439.4,6:05:08.30 PM,2.8968192
439.5,6:05:08.40 PM,2.8968192
439.6,6:05:08.50 PM,2.8968192
439.7,6:05:08.60 PM,2.8968192
439.8,6:05:08.70 PM,2.8968192
439.9,6:05:08.80 PM,2.8968192
440.0,6:05:08.90 PM,2.8968192
440.1,6:05:08.96 PM,2.8968192
440.2,6:05:09.06 PM,2.8968192
440.3,6:05:09.16 PM,2.8968192
440.4,6:05:09.27 PM,2.8968192
440.5,6:05:09.37 PM,2.8968192
440.6,6:05:09.47 PM,2.8968192
440.7,6:05:09.57 PM,2.8968192
440.8,6:05:09.68 PM,2.8968192
440.9,6:05:09.78 PM,2.8968192
441.0,6:05:09.88 PM,2.8968192
441.1,6:05:09.99 PM,2.8968192
441.2,6:05:10.09 PM,2.8968192
441.3,6:05:10.19 PM,2.8968192
441.4,6:05:10.29 PM,2.8968192
441.5,6:05:10.40 PM,2.8968192
441.6,6:05:10.50 PM,2.8968192
441.7,6:05:10.60 PM,2.8968192
441.8,6:05:10.71 PM,2.8968192
441.9,6:05:10.81 PM,2.8968192
442.0,6:05:10.92 PM,2.8968192
442.1,6:05:11.02 PM,2.8968192
442.2,6:05:11.12 PM,2.8968192
442.3,6:05:11.23 PM,2.9996384
442.4,6:05:11.33 PM,2.9996384
442.5,6:05:11.43 PM,2.9996384
442.6,6:05:11.50 PM,2.9996384
442.7,6:05:11.60 PM,2.9996384
442.8,6:05:11.70 PM,2.9996384
442.9,6:05:11.80 PM,2.9996384
443.0,6:05:11.90 PM,2.9996384
443.1,6:05:12.00 PM,2.9996384
443.2,6:05:12.10 PM,2.9996384
443.3,6:05:12.20 PM,2.9996384
443.4,6:05:12.30 PM,2.9996384
443.5,6:05:12.36 PM,2.9996384
443.6,6:05:12.46 PM,2.9996384
443.7,6:05:12.56 PM,2.9996384
443.8,6:05:12.67 PM,2.9996384
443.9,6:05:12.77 PM,2.9996384
444.0,6:05:12.87 PM,2.9996384
444.1,6:05:12.97 PM,2.9996384
444.2,6:05:13.08 PM,2.9996384
444.3,6:05:13.18 PM,2.9996384
444.4,6:05:13.28 PM,2.9996384
444.5,6:05:13.39 PM,2.8968192
444.6,6:05:13.49 PM,2.8968192
444.7,6:05:13.59 PM,2.8968192
444.8,6:05:13.69 PM,2.8968192
444.9,6:05:13.80 PM,2.8968192
445.0,6:05:13.90 PM,2.8968192
445.1,6:05:14.00 PM,2.8968192
445.2,6:05:14.11 PM,2.8968192
445.3,6:05:14.21 PM,2.8968192
445.4,6:05:14.32 PM,2.8968192
445.5,6:05:14.40 PM,2.8968192
445.6,6:05:14.50 PM,2.8968192
445.7,6:05:14.60 PM,2.8968192
445.8,6:05:14.70 PM,2.8968192
445.9,6:05:14.80 PM,2.8968192
446.0,6:05:14.90 PM,2.8968192
446.1,6:05:15.00 PM,2.8968192
446.2,6:05:15.10 PM,2.9996384
446.3,6:05:15.20 PM,2.9996384
446.4,6:05:15.30 PM,2.9996384
446.5,6:05:15.36 PM,2.9996384
446.6,6:05:15.46 PM,2.9996384
446.7,6:05:15.56 PM,2.9996384
446.8,6:05:15.67 PM,2.9996384
446.9,6:05:15.77 PM,2.9996384
447.0,6:05:15.87 PM,2.9996384
447.1,6:05:16.00 PM,2.9996384
447.2,6:05:16.08 PM,2.9996384
447.3,6:05:16.18 PM,2.9996384
447.4,6:05:16.29 PM,2.9996384
447.5,6:05:16.39 PM,2.9996384
447.6,6:05:16.50 PM,2.9996384
447.7,6:05:16.60 PM,2.9996384
447.8,6:05:16.71 PM,2.9996384
447.9,6:05:16.80 PM,2.9996384
448.0,6:05:16.91 PM,2.9996384
448.1,6:05:17.01 PM,2.9996384
448.2,6:05:17.12 PM,2.9996384
448.3,6:05:17.22 PM,2.9996384
448.4,6:05:17.32 PM,2.9996384
448.5,6:05:17.42 PM,2.9996384
448.6,6:05:17.53 PM,2.9996384
448.7,6:05:17.60 PM,2.9996384
448.8,6:05:17.73 PM,2.9996384
448.9,6:05:17.80 PM,2.9996384
449.0,6:05:17.90 PM,2.9996384
449.1,6:05:18.04 PM,2.9996384
449.2,6:05:18.10 PM,2.9996384
449.3,6:05:18.20 PM,2.9996384
449.4,6:05:18.30 PM,2.9996384
449.5,6:05:18.40 PM,2.9996384
449.6,6:05:18.50 PM,2.9996384
449.7,6:05:18.60 PM,2.9996384
449.8,6:05:18.66 PM,2.9996384
449.9,6:05:18.80 PM,2.8968192
450.0,6:05:18.86 PM,2.8968192
450.1,6:05:18.96 PM,2.8968192
450.2,6:05:19.07 PM,2.8968192
450.3,6:05:19.18 PM,2.8968192
450.4,6:05:19.28 PM,2.8968192
450.5,6:05:19.38 PM,2.8968192
450.6,6:05:19.48 PM,2.8968192
450.7,6:05:19.58 PM,2.8968192
450.8,6:05:19.69 PM,2.8968192
450.9,6:05:19.79 PM,2.8968192
451.0,6:05:19.90 PM,2.8968192
451.1,6:05:20.00 PM,2.8968192
451.2,6:05:20.10 PM,2.8968192
451.3,6:05:20.21 PM,2.8968192
451.4,6:05:20.31 PM,2.8968192
451.5,6:05:20.41 PM,2.8968192
451.6,6:05:20.51 PM,2.8968192
451.7,6:05:20.60 PM,2.8968192
451.8,6:05:20.72 PM,2.8968192
451.9,6:05:20.82 PM,2.8968192
452.0,6:05:20.92 PM,2.8968192
452.1,6:05:21.03 PM,2.8968192
452.2,6:05:21.10 PM,2.8968192
452.3,6:05:21.24 PM,2.8968192
452.4,6:05:21.30 PM,2.8968192
452.5,6:05:21.40 PM,2.8968192
452.6,6:05:21.50 PM,2.8968192
452.7,6:05:21.60 PM,2.8968192
452.8,6:05:21.70 PM,2.8968192
452.9,6:05:21.80 PM,2.8968192
453.0,6:05:21.90 PM,2.8968192
453.1,6:05:21.96 PM,2.8968192
453.2,6:05:22.06 PM,2.8968192
453.3,6:05:22.17 PM,2.8968192
453.4,6:05:22.28 PM,2.8968192
453.5,6:05:22.38 PM,2.8968192
453.6,6:05:22.48 PM,2.8968192
453.7,6:05:22.58 PM,2.8968192
453.8,6:05:22.69 PM,2.8968192
453.9,6:05:22.79 PM,2.8968192
454.0,6:05:22.89 PM,2.8968192
454.1,6:05:22.99 PM,2.8968192
454.2,6:05:23.10 PM,2.8968192
454.3,6:05:23.20 PM,2.8968192
454.4,6:05:23.30 PM,2.8968192
454.5,6:05:23.41 PM,2.8968192
454.6,6:05:23.50 PM,2.8968192
454.7,6:05:23.61 PM,2.8968192
454.8,6:05:23.72 PM,2.8968192
454.9,6:05:23.82 PM,2.8968192
455.0,6:05:23.92 PM,2.8968192
455.1,6:05:24.02 PM,2.8968192
455.2,6:05:24.10 PM,2.8968192
455.3,6:05:24.23 PM,2.8968192
455.4,6:05:24.33 PM,2.8968192
455.5,6:05:24.40 PM,2.8968192
455.6,6:05:24.50 PM,2.8968192
455.7,6:05:24.60 PM,2.8968192
455.8,6:05:24.70 PM,2.8968192
455.9,6:05:24.80 PM,2.8968192
456.0,6:05:24.90 PM,2.8968192
456.1,6:05:25.00 PM,2.8968192
456.2,6:05:25.10 PM,2.8968192
456.3,6:05:25.16 PM,2.8968192
456.4,6:05:25.27 PM,2.8968192
456.5,6:05:25.37 PM,2.8968192
456.6,6:05:25.47 PM,2.8968192
456.7,6:05:25.57 PM,2.8968192
456.8,6:05:25.68 PM,2.8968192
456.9,6:05:25.78 PM,2.8968192
457.0,6:05:25.88 PM,2.8968192
457.1,6:05:25.98 PM,2.8968192
457.2,6:05:26.09 PM,2.8968192
457.3,6:05:26.19 PM,2.8968192
457.4,6:05:26.30 PM,2.8968192
457.5,6:05:26.40 PM,2.8968192
457.6,6:05:26.50 PM,2.8968192
457.7,6:05:26.61 PM,2.8968192
457.8,6:05:26.71 PM,2.8968192
457.9,6:05:26.81 PM,2.8968192
458.0,6:05:26.91 PM,2.8968192
458.1,6:05:27.01 PM,2.8968192
458.2,6:05:27.12 PM,2.8968192
458.3,6:05:27.22 PM,2.8968192
458.4,6:05:27.30 PM,2.8968192
458.5,6:05:27.40 PM,2.8968192
458.6,6:05:27.53 PM,2.8968192
458.7,6:05:27.63 PM,2.8968192
458.8,6:05:27.70 PM,2.8968192
458.9,6:05:27.83 PM,2.8968192
459.0,6:05:27.94 PM,2.8968192
459.1,6:05:28.00 PM,2.8968192
459.2,6:05:28.10 PM,2.8968192
459.3,6:05:28.20 PM,2.8968192
459.4,6:05:28.30 PM,2.8968192
459.5,6:05:28.40 PM,2.8968192
459.6,6:05:28.50 PM,2.8968192
459.7,6:05:28.60 PM,2.8968192
459.8,6:05:28.70 PM,2.8968192
459.9,6:05:28.77 PM,2.8968192
460.0,6:05:28.87 PM,2.8968192
460.1,6:05:28.97 PM,2.8968192
460.2,6:05:29.07 PM,2.8968192
460.3,6:05:29.18 PM,2.8968192
460.4,6:05:29.28 PM,2.8968192
460.5,6:05:29.38 PM,2.8968192
460.6,6:05:29.48 PM,2.8968192
460.7,6:05:29.59 PM,2.8968192
460.8,6:05:29.69 PM,2.8968192
460.9,6:05:29.80 PM,2.8968192
461.0,6:05:29.90 PM,2.8968192
461.1,6:05:30.00 PM,2.8968192
461.2,6:05:30.11 PM,2.7984704
461.3,6:05:30.21 PM,2.7984704
461.4,6:05:30.31 PM,2.7984704
461.5,6:05:30.41 PM,2.7984704
461.6,6:05:30.51 PM,2.7984704
461.7,6:05:30.62 PM,2.7984704
461.8,6:05:30.70 PM,2.7984704
461.9,6:05:30.82 PM,2.7984704
462.0,6:05:30.90 PM,2.7984704
462.1,6:05:31.03 PM,2.7984704
462.2,6:05:31.14 PM,2.7984704
462.3,6:05:31.20 PM,2.7984704
462.4,6:05:31.30 PM,2.7984704
462.5,6:05:31.40 PM,2.7984704
462.6,6:05:31.50 PM,2.7984704
462.7,6:05:31.60 PM,2.7984704
462.8,6:05:31.70 PM,2.7984704
462.9,6:05:31.80 PM,2.7984704
463.0,6:05:31.90 PM,2.7984704
463.1,6:05:32.00 PM,2.7984704
463.2,6:05:32.06 PM,2.7984704
463.3,6:05:32.16 PM,2.7984704
463.4,6:05:32.27 PM,2.7984704
463.5,6:05:32.37 PM,2.7984704
463.6,6:05:32.47 PM,2.7984704
463.7,6:05:32.58 PM,2.7984704
463.8,6:05:32.68 PM,2.7984704
463.9,6:05:32.78 PM,2.7984704
464.0,6:05:32.88 PM,2.7984704
464.1,6:05:32.99 PM,2.7984704
464.2,6:05:33.09 PM,2.7984704
464.3,6:05:33.20 PM,2.7984704
464.4,6:05:33.30 PM,2.7984704
464.5,6:05:33.40 PM,2.7984704
464.6,6:05:33.50 PM,2.7984704
464.7,6:05:33.61 PM,2.7984704
464.8,6:05:33.71 PM,2.7984704
464.9,6:05:33.81 PM,2.7984704
465.0,6:05:33.92 PM,2.7984704
465.1,6:05:34.02 PM,2.7984704
465.2,6:05:34.10 PM,2.7984704
465.3,6:05:34.23 PM,2.7984704
465.4,6:05:34.33 PM,2.7984704
465.5,6:05:34.40 PM,2.7984704
465.6,6:05:34.50 PM,2.7984704
465.7,6:05:34.60 PM,2.7984704
465.8,6:05:34.70 PM,2.7984704
465.9,6:05:34.80 PM,2.7984704
466.0,6:05:34.90 PM,2.7984704
466.1,6:05:35.00 PM,2.8968192
466.2,6:05:35.10 PM,2.8968192
466.3,6:05:35.20 PM,2.8968192
466.4,6:05:35.30 PM,2.8968192
466.5,6:05:35.36 PM,2.8968192
466.6,6:05:35.46 PM,2.8968192
466.7,6:05:35.56 PM,2.8968192
466.8,6:05:35.67 PM,2.8968192
466.9,6:05:35.77 PM,2.8968192
467.0,6:05:35.88 PM,2.8968192
467.1,6:05:35.98 PM,2.8968192
467.2,6:05:36.08 PM,2.8968192
467.3,6:05:36.19 PM,2.8968192
467.4,6:05:36.29 PM,2.8968192
467.5,6:05:36.39 PM,2.8968192
467.6,6:05:36.49 PM,2.8968192
467.7,6:05:36.59 PM,2.8968192
467.8,6:05:36.70 PM,2.8968192
467.9,6:05:36.80 PM,2.8968192
468.0,6:05:36.91 PM,2.8968192
468.1,6:05:37.01 PM,2.8968192
468.2,6:05:37.11 PM,2.8968192
468.3,6:05:37.22 PM,2.8968192
468.4,6:05:37.32 PM,2.8968192
468.5,6:05:37.42 PM,2.8968192
468.6,6:05:37.52 PM,2.8968192
468.7,6:05:37.63 PM,2.8968192
468.8,6:05:37.70 PM,2.8968192
468.9,6:05:37.80 PM,2.8968192
469.0,6:05:37.90 PM,2.8968192
469.1,6:05:38.00 PM,2.8968192
469.2,6:05:38.10 PM,2.8968192
469.3,6:05:38.20 PM,2.8968192
469.4,6:05:38.30 PM,2.8968192
469.5,6:05:38.40 PM,2.8968192
469.6,6:05:38.50 PM,2.9996384
469.7,6:05:38.56 PM,2.9996384
469.8,6:05:38.66 PM,2.9996384
469.9,6:05:38.76 PM,2.9996384
470.0,6:05:38.87 PM,2.9996384
470.1,6:05:38.97 PM,2.9996384
470.2,6:05:39.07 PM,2.9996384
470.3,6:05:39.18 PM,2.9996384
470.4,6:05:39.28 PM,2.9996384
470.5,6:05:39.38 PM,2.9996384
470.6,6:05:39.48 PM,2.9996384
470.7,6:05:39.58 PM,2.9996384
470.8,6:05:39.69 PM,2.9996384
470.9,6:05:39.79 PM,2.9996384
471.0,6:05:39.89 PM,2.9996384
471.1,6:05:39.99 PM,2.9996384
471.2,6:05:40.09 PM,2.9996384
471.3,6:05:40.19 PM,2.9996384
471.4,6:05:40.30 PM,2.9996384
471.5,6:05:40.40 PM,2.9996384
471.6,6:05:40.50 PM,2.9996384
471.7,6:05:40.60 PM,2.9996384
471.8,6:05:40.71 PM,2.8968192
471.9,6:05:40.81 PM,2.8968192
472.0,6:05:40.91 PM,2.8968192
472.1,6:05:41.01 PM,2.8968192
472.2,6:05:41.12 PM,2.8968192
472.3,6:05:41.22 PM,2.8968192
472.4,6:05:41.32 PM,2.8968192
472.5,6:05:41.43 PM,2.8968192
472.6,6:05:41.53 PM,2.8968192
472.7,6:05:41.60 PM,2.7984704
472.8,6:05:41.70 PM,2.7984704
472.9,6:05:41.80 PM,2.7984704
473.0,6:05:41.90 PM,2.7984704
473.1,6:05:42.00 PM,2.7984704
473.2,6:05:42.10 PM,2.7984704
473.3,6:05:42.20 PM,2.7984704
473.4,6:05:42.30 PM,2.7984704
473.5,6:05:42.40 PM,2.7984704
473.6,6:05:42.50 PM,2.7984704
473.7,6:05:42.60 PM,2.7984704
473.8,6:05:42.66 PM,2.7984704
473.9,6:05:42.76 PM,2.6956512
474.0,6:05:42.86 PM,2.6956512
474.1,6:05:42.97 PM,2.6956512
474.2,6:05:43.07 PM,2.6956512
474.3,6:05:43.17 PM,2.6956512
474.4,6:05:43.27 PM,2.6956512
474.5,6:05:43.37 PM,2.6956512
474.6,6:05:43.48 PM,2.6956512
474.7,6:05:43.60 PM,2.5973024
474.8,6:05:43.69 PM,2.5973024
474.9,6:05:43.79 PM,2.5973024
475.0,6:05:43.89 PM,2.5973024
475.1,6:05:43.99 PM,2.5973024
475.2,6:05:44.10 PM,2.5973024
475.3,6:05:44.20 PM,2.5973024
475.4,6:05:44.30 PM,2.4989536
475.5,6:05:44.41 PM,2.4989536
475.6,6:05:44.51 PM,2.4989536
475.7,6:05:44.61 PM,2.4989536
475.8,6:05:44.71 PM,2.4989536
475.9,6:05:44.82 PM,2.4989536
476.0,6:05:44.92 PM,2.4989536
476.1,6:05:45.02 PM,2.4989536
476.2,6:05:45.13 PM,2.4989536
476.3,6:05:45.23 PM,2.4989536
476.4,6:05:45.33 PM,2.3961344
476.5,6:05:45.43 PM,2.3961344
476.6,6:05:45.50 PM,2.3961344
476.7,6:05:45.60 PM,2.3961344
476.8,6:05:45.70 PM,2.3961344
476.9,6:05:45.80 PM,2.3961344
477.0,6:05:45.90 PM,2.3961344
477.1,6:05:46.00 PM,2.3961344
477.2,6:05:46.10 PM,2.3961344
477.3,6:05:46.20 PM,2.3961344
477.4,6:05:46.30 PM,2.3961344
477.5,6:05:46.36 PM,2.3961344
477.6,6:05:46.47 PM,2.3961344
477.7,6:05:46.60 PM,2.3961344
477.8,6:05:46.67 PM,2.2977855999999997
477.9,6:05:46.78 PM,2.2977855999999997
478.0,6:05:46.88 PM,2.2977855999999997
478.1,6:05:46.98 PM,2.2977855999999997
478.2,6:05:47.08 PM,2.2977855999999997
478.3,6:05:47.18 PM,2.2977855999999997
478.4,6:05:47.29 PM,2.2977855999999997
478.5,6:05:47.39 PM,2.1994368
478.6,6:05:47.49 PM,2.1994368
478.7,6:05:47.60 PM,2.1994368
478.8,6:05:47.70 PM,2.1994368
478.9,6:05:47.80 PM,2.1994368
479.0,6:05:47.91 PM,2.1994368
479.1,6:05:48.01 PM,2.0966176
479.2,6:05:48.11 PM,2.0966176
479.3,6:05:48.21 PM,2.0966176
479.4,6:05:48.31 PM,2.0966176
479.5,6:05:48.42 PM,2.0966176
479.6,6:05:48.52 PM,2.0966176
479.7,6:05:48.62 PM,2.0966176
479.8,6:05:48.72 PM,2.0966176
479.9,6:05:48.80 PM,2.0966176
480.0,6:05:48.92 PM,2.0966176
480.1,6:05:49.03 PM,2.0966176
480.2,6:05:49.13 PM,2.0966176
480.3,6:05:49.23 PM,2.0966176
480.4,6:05:49.30 PM,2.0966176
480.5,6:05:49.40 PM,2.0966176
480.6,6:05:49.50 PM,2.0966176
480.7,6:05:49.60 PM,1.9982688
480.8,6:05:49.70 PM,1.9982688
480.9,6:05:49.80 PM,1.9982688
481.0,6:05:49.90 PM,1.9982688
481.1,6:05:50.00 PM,1.9982688
481.2,6:05:50.10 PM,1.9982688
481.3,6:05:50.20 PM,1.9982688
481.4,6:05:50.30 PM,1.9982688
481.5,6:05:50.36 PM,1.9982688
481.6,6:05:50.47 PM,1.9982688
481.7,6:05:50.57 PM,1.9982688
481.8,6:05:50.68 PM,1.9982688
481.9,6:05:50.80 PM,1.9982688
482.0,6:05:50.88 PM,1.9982688
482.1,6:05:50.99 PM,1.9982688
482.2,6:05:51.10 PM,1.89992
482.3,6:05:51.20 PM,1.89992
482.4,6:05:51.30 PM,1.89992
482.5,6:05:51.41 PM,1.89992
482.6,6:05:51.51 PM,1.89992
482.7,6:05:51.61 PM,1.89992
482.8,6:05:51.71 PM,1.89992
482.9,6:05:51.81 PM,1.89992
483.0,6:05:51.92 PM,1.89992
483.1,6:05:52.02 PM,1.89992
483.2,6:05:52.13 PM,1.89992
483.3,6:05:52.22 PM,1.89992
483.4,6:05:52.30 PM,1.89992
483.5,6:05:52.43 PM,1.89992
483.6,6:05:52.53 PM,1.89992
483.7,6:05:52.60 PM,1.89992
483.8,6:05:52.70 PM,1.89992
483.9,6:05:52.80 PM,1.89992
484.0,6:05:52.90 PM,1.89992
484.1,6:05:53.00 PM,1.89992
484.2,6:05:53.06 PM,1.89992
484.3,6:05:53.17 PM,1.89992
484.4,6:05:53.27 PM,1.89992
484.5,6:05:53.37 PM,1.89992
484.6,6:05:53.47 PM,1.89992
484.7,6:05:53.58 PM,1.89992
484.8,6:05:53.68 PM,1.89992
484.9,6:05:53.78 PM,1.89992
485.0,6:05:53.89 PM,1.89992
485.1,6:05:53.99 PM,1.89992
485.2,6:05:54.09 PM,1.7971007999999997
485.3,6:05:54.19 PM,1.7971007999999997
485.4,6:05:54.30 PM,1.7971007999999997
485.5,6:05:54.40 PM,1.7971007999999997
485.6,6:05:54.50 PM,1.7971007999999997
485.7,6:05:54.61 PM,1.7971007999999997
485.8,6:05:54.71 PM,1.89992
485.9,6:05:54.82 PM,1.89992
486.0,6:05:54.90 PM,1.89992
486.1,6:05:55.02 PM,1.89992
486.2,6:05:55.13 PM,1.89992
486.3,6:05:55.23 PM,1.89992
486.4,6:05:55.33 PM,1.89992
486.5,6:05:55.40 PM,1.89992
486.6,6:05:55.50 PM,1.89992
486.7,6:05:55.63 PM,1.89992
486.8,6:05:55.70 PM,1.89992
486.9,6:05:55.80 PM,1.89992
487.0,6:05:55.90 PM,1.89992
487.1,6:05:56.00 PM,1.89992
487.2,6:05:56.10 PM,1.89992
487.3,6:05:56.20 PM,1.89992
487.4,6:05:56.30 PM,1.89992
487.5,6:05:56.40 PM,1.89992
487.6,6:05:56.50 PM,1.89992
487.7,6:05:56.60 PM,1.89992
487.8,6:05:56.70 PM,1.89992
487.9,6:05:56.76 PM,1.89992
488.0,6:05:56.87 PM,1.89992
488.1,6:05:56.97 PM,1.89992
488.2,6:05:57.07 PM,1.89992
488.3,6:05:57.18 PM,1.89992
488.4,6:05:57.28 PM,1.89992
488.5,6:05:57.38 PM,1.89992
488.6,6:05:57.49 PM,1.89992
488.7,6:05:57.59 PM,1.89992
488.8,6:05:57.69 PM,1.89992
488.9,6:05:57.79 PM,1.89992
489.0,6:05:57.90 PM,1.89992
489.1,6:05:58.00 PM,1.89992
489.2,6:05:58.10 PM,1.89992
489.3,6:05:58.21 PM,1.89992
489.4,6:05:58.31 PM,1.89992
489.5,6:05:58.40 PM,1.89992
489.6,6:05:58.50 PM,1.89992
489.7,6:05:58.62 PM,1.89992
489.8,6:05:58.72 PM,1.89992
489.9,6:05:58.82 PM,1.89992
490.0,6:05:58.90 PM,1.89992
490.1,6:05:59.02 PM,1.89992
490.2,6:05:59.13 PM,1.89992
490.3,6:05:59.20 PM,1.89992
490.4,6:05:59.33 PM,1.89992
490.5,6:05:59.40 PM,1.7971007999999997
490.6,6:05:59.50 PM,1.7971007999999997
490.7,6:05:59.60 PM,1.7971007999999997
490.8,6:05:59.70 PM,1.7971007999999997
490.9,6:05:59.80 PM,1.7971007999999997
491.0,6:05:59.90 PM,1.7971007999999997
491.1,6:06:00.00 PM,1.7971007999999997
491.2,6:06:00.10 PM,1.7971007999999997
491.3,6:06:00.16 PM,1.7971007999999997
491.4,6:06:00.27 PM,1.7971007999999997
491.5,6:06:00.37 PM,1.7971007999999997
491.6,6:06:00.47 PM,1.7971007999999997
491.7,6:06:00.57 PM,1.7971007999999997
491.8,6:06:00.68 PM,1.7971007999999997
491.9,6:06:00.79 PM,1.7971007999999997
492.0,6:06:00.89 PM,1.7971007999999997
492.1,6:06:00.99 PM,1.7971007999999997
492.2,6:06:01.09 PM,1.7971007999999997
492.3,6:06:01.20 PM,1.7971007999999997
492.4,6:06:01.30 PM,1.7971007999999997
492.5,6:06:01.41 PM,1.7971007999999997
492.6,6:06:01.51 PM,1.7971007999999997
492.7,6:06:01.61 PM,1.7971007999999997
492.8,6:06:01.70 PM,1.7971007999999997
492.9,6:06:01.80 PM,1.7971007999999997
493.0,6:06:01.90 PM,1.7971007999999997
493.1,6:06:02.03 PM,1.6987519999999998
493.2,6:06:02.13 PM,1.6987519999999998
493.3,6:06:02.24 PM,1.6987519999999998
493.4,6:06:02.30 PM,1.6987519999999998
493.5,6:06:02.40 PM,1.6987519999999998
493.6,6:06:02.50 PM,1.6987519999999998
493.7,6:06:02.60 PM,1.6987519999999998
493.8,6:06:02.70 PM,1.6987519999999998
493.9,6:06:02.80 PM,1.6987519999999998
494.0,6:06:02.90 PM,1.6987519999999998
494.1,6:06:03.00 PM,1.6987519999999998
494.2,6:06:03.10 PM,1.6987519999999998
494.3,6:06:03.16 PM,1.6987519999999998
494.4,6:06:03.26 PM,1.6987519999999998
494.5,6:06:03.37 PM,1.6987519999999998
494.6,6:06:03.47 PM,1.6987519999999998
494.7,6:06:03.57 PM,1.6987519999999998
494.8,6:06:03.68 PM,1.6987519999999998
494.9,6:06:03.78 PM,1.6987519999999998
495.0,6:06:03.88 PM,1.6987519999999998
495.1,6:06:03.99 PM,1.7971007999999997
495.2,6:06:04.09 PM,1.7971007999999997
495.3,6:06:04.19 PM,1.7971007999999997
495.4,6:06:04.29 PM,1.7971007999999997
495.5,6:06:04.40 PM,1.7971007999999997
495.6,6:06:04.50 PM,1.7971007999999997
495.7,6:06:04.60 PM,1.7971007999999997
495.8,6:06:04.71 PM,1.7971007999999997
495.9,6:06:04.81 PM,1.7971007999999997
496.0,6:06:04.91 PM,1.7971007999999997
496.1,6:06:05.01 PM,1.7971007999999997
496.2,6:06:05.12 PM,1.6987519999999998
496.3,6:06:05.22 PM,1.6987519999999998
496.4,6:06:05.30 PM,1.6987519999999998
496.5,6:06:05.43 PM,1.6987519999999998
496.6,6:06:05.53 PM,1.6987519999999998
496.7,6:06:05.60 PM,1.6987519999999998
496.8,6:06:05.73 PM,1.6987519999999998
496.9,6:06:05.80 PM,1.6987519999999998
497.0,6:06:05.90 PM,1.6987519999999998
497.1,6:06:06.00 PM,1.6987519999999998
497.2,6:06:06.10 PM,1.6987519999999998
497.3,6:06:06.20 PM,1.6987519999999998
497.4,6:06:06.30 PM,1.6987519999999998
497.5,6:06:06.40 PM,1.6987519999999998
497.6,6:06:06.50 PM,1.6987519999999998
497.7,6:06:06.56 PM,1.6987519999999998
497.8,6:06:06.67 PM,1.6987519999999998
497.9,6:06:06.77 PM,1.6987519999999998
498.0,6:06:06.87 PM,1.6987519999999998
498.1,6:06:06.97 PM,1.6987519999999998
498.2,6:06:07.07 PM,1.6987519999999998
498.3,6:06:07.18 PM,1.6987519999999998
498.4,6:06:07.28 PM,1.5959328
498.5,6:06:07.39 PM,1.5959328
498.6,6:06:07.49 PM,1.6987519999999998
498.7,6:06:07.59 PM,1.6987519999999998
498.8,6:06:07.69 PM,1.6987519999999998
498.9,6:06:07.79 PM,1.6987519999999998
499.0,6:06:07.90 PM,1.6987519999999998
499.1,6:06:08.00 PM,1.6987519999999998
499.2,6:06:08.10 PM,1.6987519999999998
499.3,6:06:08.21 PM,1.6987519999999998
499.4,6:06:08.30 PM,1.5959328
499.5,6:06:08.42 PM,1.5959328
499.6,6:06:08.52 PM,1.5959328
499.7,6:06:08.62 PM,1.5959328
499.8,6:06:08.72 PM,1.5959328
499.9,6:06:08.80 PM,1.5959328
500.0,6:06:08.93 PM,1.5959328
500.1,6:06:09.03 PM,1.5959328
500.2,6:06:09.10 PM,1.5959328
500.3,6:06:09.20 PM,1.5959328
500.4,6:06:09.30 PM,1.5959328
500.5,6:06:09.40 PM,1.5959328
500.6,6:06:09.50 PM,1.5959328
500.7,6:06:09.60 PM,1.6987519999999998
500.8,6:06:09.70 PM,1.6987519999999998
500.9,6:06:09.80 PM,1.5959328
501.0,6:06:09.90 PM,1.5959328
501.1,6:06:10.00 PM,1.5959328
501.2,6:06:10.06 PM,1.5959328
501.3,6:06:10.16 PM,1.5959328
501.4,6:06:10.27 PM,1.5959328
501.5,6:06:10.37 PM,1.5959328
501.6,6:06:10.47 PM,1.5959328
501.7,6:06:10.57 PM,1.5959328
501.8,6:06:10.68 PM,1.5959328
501.9,6:06:10.79 PM,1.5959328
502.0,6:06:10.89 PM,1.5959328
502.1,6:06:10.99 PM,1.5959328
502.2,6:06:11.09 PM,1.5959328
502.3,6:06:11.20 PM,1.5959328
502.4,6:06:11.30 PM,1.5959328
502.5,6:06:11.41 PM,1.5959328
502.6,6:06:11.51 PM,1.5959328
502.7,6:06:11.61 PM,1.5959328
502.8,6:06:11.72 PM,1.5959328
502.9,6:06:11.83 PM,1.5959328
503.0,6:06:11.93 PM,1.5959328
503.1,6:06:12.03 PM,1.5959328
503.2,6:06:12.13 PM,1.5959328
503.3,6:06:12.20 PM,1.5959328
503.4,6:06:12.30 PM,1.6987519999999998
503.5,6:06:12.40 PM,1.6987519999999998
503.6,6:06:12.50 PM,1.6987519999999998
503.7,6:06:12.60 PM,1.6987519999999998
503.8,6:06:12.70 PM,1.6987519999999998
503.9,6:06:12.76 PM,1.6987519999999998
504.0,6:06:12.86 PM,1.5959328
504.1,6:06:13.00 PM,1.5959328
504.2,6:06:13.07 PM,1.5959328
504.3,6:06:13.20 PM,1.5959328
504.4,6:06:13.27 PM,1.5959328
504.5,6:06:13.38 PM,1.5959328
504.6,6:06:13.48 PM,1.5959328
504.7,6:06:13.58 PM,1.5959328
504.8,6:06:13.69 PM,1.5959328
504.9,6:06:13.80 PM,1.5959328
505.0,6:06:13.89 PM,1.5959328
505.1,6:06:13.99 PM,1.5959328
505.2,6:06:14.10 PM,1.5959328
505.3,6:06:14.20 PM,1.5959328
505.4,6:06:14.30 PM,1.5959328
505.5,6:06:14.41 PM,1.5959328
505.6,6:06:14.51 PM,1.5959328
505.7,6:06:14.61 PM,1.5959328
505.8,6:06:14.72 PM,1.5959328
505.9,6:06:14.82 PM,1.5959328
506.0,6:06:14.92 PM,1.5959328
506.1,6:06:15.02 PM,1.5959328
506.2,6:06:15.12 PM,1.5959328
506.3,6:06:15.23 PM,1.5959328
506.4,6:06:15.33 PM,1.5959328
506.5,6:06:15.43 PM,1.5959328
506.6,6:06:15.53 PM,1.5959328
506.7,6:06:15.60 PM,1.5959328
506.8,6:06:15.70 PM,1.5959328
506.9,6:06:15.80 PM,1.5959328
507.0,6:06:15.90 PM,1.5959328
507.1,6:06:16.00 PM,1.5959328
507.2,6:06:16.10 PM,1.5959328
507.3,6:06:16.20 PM,1.5959328
507.4,6:06:16.30 PM,1.5959328
507.5,6:06:16.40 PM,1.5959328
507.6,6:06:16.50 PM,1.5959328
507.7,6:06:16.60 PM,1.5959328
507.8,6:06:16.70 PM,1.5959328
507.9,6:06:16.76 PM,1.5959328
508.0,6:06:16.86 PM,1.5959328
508.1,6:06:16.97 PM,1.5959328
508.2,6:06:17.07 PM,1.5959328
508.3,6:06:17.20 PM,1.5959328
508.4,6:06:17.28 PM,1.5959328
508.5,6:06:17.38 PM,1.5959328
508.6,6:06:17.48 PM,1.5959328
508.7,6:06:17.59 PM,1.5959328
508.8,6:06:17.69 PM,1.497584
508.9,6:06:17.79 PM,1.497584
509.0,6:06:17.90 PM,1.497584
509.1,6:06:18.00 PM,1.497584
509.2,6:06:18.10 PM,1.497584
509.3,6:06:18.21 PM,1.497584
509.4,6:06:18.31 PM,1.497584
509.5,6:06:18.41 PM,1.497584
509.6,6:06:18.51 PM,1.497584
509.7,6:06:18.62 PM,1.497584
509.8,6:06:18.72 PM,1.497584
509.9,6:06:18.82 PM,1.497584
510.0,6:06:18.93 PM,1.497584
510.1,6:06:19.03 PM,1.497584
510.2,6:06:19.13 PM,1.497584
510.3,6:06:19.24 PM,1.497584
510.4,6:06:19.30 PM,1.497584
510.5,6:06:19.40 PM,1.497584
510.6,6:06:19.50 PM,1.497584
510.7,6:06:19.60 PM,1.497584
510.8,6:06:19.70 PM,1.497584
510.9,6:06:19.80 PM,1.497584
511.0,6:06:19.90 PM,1.497584
511.1,6:06:20.00 PM,1.497584
511.2,6:06:20.10 PM,1.497584
511.3,6:06:20.20 PM,1.497584
511.4,6:06:20.30 PM,1.497584
511.5,6:06:20.36 PM,1.497584
511.6,6:06:20.46 PM,1.497584
511.7,6:06:20.60 PM,1.497584
511.8,6:06:20.70 PM,1.497584
511.9,6:06:20.77 PM,1.5959328
512.0,6:06:20.87 PM,1.5959328
512.1,6:06:20.97 PM,1.5959328
512.2,6:06:21.07 PM,1.5959328
512.3,6:06:21.18 PM,1.5959328
512.4,6:06:21.28 PM,1.5959328
512.5,6:06:21.39 PM,1.5959328
512.6,6:06:21.49 PM,1.5959328
512.7,6:06:21.59 PM,1.5959328
512.8,6:06:21.69 PM,1.5959328
512.9,6:06:21.80 PM,1.5959328
513.0,6:06:21.90 PM,1.5959328
513.1,6:06:22.00 PM,1.5959328
513.2,6:06:22.11 PM,1.5959328
513.3,6:06:22.21 PM,1.5959328
513.4,6:06:22.31 PM,1.5959328
513.5,6:06:22.42 PM,1.5959328
513.6,6:06:22.52 PM,1.5959328
513.7,6:06:22.62 PM,1.5959328
513.8,6:06:22.70 PM,1.5959328
513.9,6:06:22.82 PM,1.5959328
514.0,6:06:22.92 PM,1.5959328
514.1,6:06:23.03 PM,1.5959328
514.2,6:06:23.13 PM,1.5959328
514.3,6:06:23.20 PM,1.5959328
514.4,6:06:23.30 PM,1.5959328
514.5,6:06:23.40 PM,1.5959328
514.6,6:06:23.50 PM,1.5959328
514.7,6:06:23.60 PM,1.5959328
514.8,6:06:23.70 PM,1.5959328
514.9,6:06:23.80 PM,1.6987519999999998
515.0,6:06:23.90 PM,1.6987519999999998
515.1,6:06:24.00 PM,1.5959328
515.2,6:06:24.10 PM,1.5959328
515.3,6:06:24.16 PM,1.5959328
515.4,6:06:24.26 PM,1.5959328
515.5,6:06:24.37 PM,1.5959328
515.6,6:06:24.47 PM,1.5959328
515.7,6:06:24.57 PM,1.5959328
515.8,6:06:24.67 PM,1.5959328
515.9,6:06:24.77 PM,1.5959328
516.0,6:06:24.88 PM,1.5959328
516.1,6:06:24.98 PM,1.5959328
516.2,6:06:25.08 PM,1.5959328
516.3,6:06:25.18 PM,1.5959328
516.4,6:06:25.29 PM,1.5959328
516.5,6:06:25.39 PM,1.5959328
516.6,6:06:25.49 PM,1.5959328
516.7,6:06:25.59 PM,1.5959328
516.8,6:06:25.70 PM,1.5959328
516.9,6:06:25.80 PM,1.5959328
517.0,6:06:25.90 PM,1.5959328
517.1,6:06:26.01 PM,1.5959328
517.2,6:06:26.11 PM,1.5959328
517.3,6:06:26.21 PM,1.6987519999999998
517.4,6:06:26.32 PM,1.6987519999999998
517.5,6:06:26.42 PM,1.6987519999999998
517.6,6:06:26.50 PM,1.6987519999999998
517.7,6:06:26.60 PM,1.6987519999999998
517.8,6:06:26.70 PM,1.6987519999999998
517.9,6:06:26.83 PM,1.6987519999999998
518.0,6:06:26.90 PM,1.6987519999999998
518.1,6:06:27.00 PM,1.6987519999999998
518.2,6:06:27.10 PM,1.6987519999999998
518.3,6:06:27.20 PM,1.6987519999999998
518.4,6:06:27.30 PM,1.6987519999999998
518.5,6:06:27.40 PM,1.6987519999999998
518.6,6:06:27.50 PM,1.6987519999999998
518.7,6:06:27.60 PM,1.6987519999999998
518.8,6:06:27.66 PM,1.6987519999999998
518.9,6:06:27.76 PM,1.6987519999999998
519.0,6:06:27.86 PM,1.6987519999999998
519.1,6:06:27.97 PM,1.6987519999999998
519.2,6:06:28.10 PM,1.6987519999999998
519.3,6:06:28.18 PM,1.5959328
519.4,6:06:28.28 PM,1.5959328
519.5,6:06:28.38 PM,1.5959328
519.6,6:06:28.48 PM,1.5959328
519.7,6:06:28.59 PM,1.5959328
519.8,6:06:28.69 PM,1.5959328
519.9,6:06:28.79 PM,1.5959328
520.0,6:06:28.90 PM,1.5959328
520.1,6:06:29.00 PM,1.5959328
520.2,6:06:29.10 PM,1.5959328
520.3,6:06:29.21 PM,1.5959328
520.4,6:06:29.31 PM,1.5959328
520.5,6:06:29.41 PM,1.5959328
520.6,6:06:29.52 PM,1.5959328
520.7,6:06:29.62 PM,1.5959328
520.8,6:06:29.73 PM,1.5959328
520.9,6:06:29.83 PM,1.5959328
521.0,6:06:29.93 PM,1.5959328
521.1,6:06:30.03 PM,1.5959328
521.2,6:06:30.14 PM,1.6987519999999998
521.3,6:06:30.20 PM,1.6987519999999998
521.4,6:06:30.30 PM,1.6987519999999998
521.5,6:06:30.40 PM,1.6987519999999998
521.6,6:06:30.50 PM,1.6987519999999998
521.7,6:06:30.60 PM,1.6987519999999998
521.8,6:06:30.70 PM,1.6987519999999998
521.9,6:06:30.80 PM,1.6987519999999998
522.0,6:06:30.90 PM,1.6987519999999998
522.1,6:06:31.00 PM,1.6987519999999998
522.2,6:06:31.06 PM,1.6987519999999998
522.3,6:06:31.16 PM,1.6987519999999998
522.4,6:06:31.27 PM,1.6987519999999998
522.5,6:06:31.37 PM,1.6987519999999998
522.6,6:06:31.47 PM,1.6987519999999998
522.7,6:06:31.57 PM,1.6987519999999998
522.8,6:06:31.68 PM,1.6987519999999998
522.9,6:06:31.78 PM,1.6987519999999998
523.0,6:06:31.90 PM,1.6987519999999998
523.1,6:06:31.98 PM,1.6987519999999998
523.2,6:06:32.09 PM,1.6987519999999998
523.3,6:06:32.19 PM,1.6987519999999998
523.4,6:06:32.29 PM,1.6987519999999998
523.5,6:06:32.39 PM,1.6987519999999998
523.6,6:06:32.50 PM,1.6987519999999998
523.7,6:06:32.60 PM,1.6987519999999998
523.8,6:06:32.71 PM,1.6987519999999998
523.9,6:06:32.81 PM,1.6987519999999998
524.0,6:06:32.91 PM,1.6987519999999998
524.1,6:06:33.01 PM,1.6987519999999998
524.2,6:06:33.12 PM,1.7971007999999997
524.3,6:06:33.23 PM,1.7971007999999997
524.4,6:06:33.33 PM,1.7971007999999997
524.5,6:06:33.43 PM,1.7971007999999997
524.6,6:06:33.53 PM,1.7971007999999997
524.7,6:06:33.60 PM,1.7971007999999997
524.8,6:06:33.70 PM,1.7971007999999997
524.9,6:06:33.80 PM,1.7971007999999997
525.0,6:06:33.90 PM,1.7971007999999997
525.1,6:06:34.00 PM,1.7971007999999997
525.2,6:06:34.10 PM,1.7971007999999997
525.3,6:06:34.20 PM,1.7971007999999997
525.4,6:06:34.30 PM,1.7971007999999997
525.5,6:06:34.36 PM,1.7971007999999997
525.6,6:06:34.46 PM,1.7971007999999997
525.7,6:06:34.57 PM,1.7971007999999997
525.8,6:06:34.67 PM,1.7971007999999997
525.9,6:06:34.77 PM,1.7971007999999997
526.0,6:06:34.88 PM,1.7971007999999997
526.1,6:06:34.98 PM,1.7971007999999997
526.2,6:06:35.08 PM,1.7971007999999997
526.3,6:06:35.18 PM,1.7971007999999997
526.4,6:06:35.29 PM,1.7971007999999997
526.5,6:06:35.39 PM,1.7971007999999997
526.6,6:06:35.49 PM,1.7971007999999997
526.7,6:06:35.59 PM,1.7971007999999997
526.8,6:06:35.70 PM,1.7971007999999997
526.9,6:06:35.80 PM,1.7971007999999997
527.0,6:06:35.90 PM,1.7971007999999997
527.1,6:06:36.00 PM,1.7971007999999997
527.2,6:06:36.10 PM,1.7971007999999997
527.3,6:06:36.21 PM,1.7971007999999997
527.4,6:06:36.31 PM,1.7971007999999997
527.5,6:06:36.42 PM,1.7971007999999997
527.6,6:06:36.52 PM,1.7971007999999997
527.7,6:06:36.60 PM,1.7971007999999997
527.8,6:06:36.72 PM,1.7971007999999997
527.9,6:06:36.80 PM,1.7971007999999997
528.0,6:06:36.93 PM,1.7971007999999997
528.1,6:06:37.00 PM,1.7971007999999997
528.2,6:06:37.14 PM,1.7971007999999997
528.3,6:06:37.20 PM,1.7971007999999997
528.4,6:06:37.30 PM,1.7971007999999997
528.5,6:06:37.40 PM,1.7971007999999997
528.6,6:06:37.50 PM,1.7971007999999997
528.7,6:06:37.60 PM,1.7971007999999997
528.8,6:06:37.70 PM,1.7971007999999997
528.9,6:06:37.80 PM,1.7971007999999997
529.0,6:06:37.86 PM,1.7971007999999997
529.1,6:06:37.96 PM,1.7971007999999997
529.2,6:06:38.06 PM,1.7971007999999997
529.3,6:06:38.17 PM,1.7971007999999997
529.4,6:06:38.27 PM,1.7971007999999997
529.5,6:06:38.37 PM,1.7971007999999997
529.6,6:06:38.48 PM,1.7971007999999997
529.7,6:06:38.58 PM,1.7971007999999997
529.8,6:06:38.68 PM,1.7971007999999997
529.9,6:06:38.79 PM,1.7971007999999997
530.0,6:06:38.89 PM,1.7971007999999997
530.1,6:06:38.99 PM,1.7971007999999997
530.2,6:06:39.09 PM,1.7971007999999997
530.3,6:06:39.20 PM,1.7971007999999997
530.4,6:06:39.30 PM,1.7971007999999997
530.5,6:06:39.41 PM,1.7971007999999997
530.6,6:06:39.51 PM,1.7971007999999997
530.7,6:06:39.61 PM,1.7971007999999997
530.8,6:06:39.72 PM,1.7971007999999997
530.9,6:06:39.80 PM,1.7971007999999997
531.0,6:06:39.92 PM,1.7971007999999997
531.1,6:06:40.03 PM,1.7971007999999997
531.2,6:06:40.10 PM,1.7971007999999997
531.3,6:06:40.20 PM,1.7971007999999997
531.4,6:06:40.30 PM,1.7971007999999997
531.5,6:06:40.40 PM,1.7971007999999997
531.6,6:06:40.50 PM,1.7971007999999997
531.7,6:06:40.60 PM,1.7971007999999997
531.8,6:06:40.70 PM,1.7971007999999997
531.9,6:06:40.80 PM,1.7971007999999997
532.0,6:06:40.90 PM,1.7971007999999997
532.1,6:06:41.00 PM,1.7971007999999997
532.2,6:06:41.06 PM,1.7971007999999997
532.3,6:06:41.16 PM,1.7971007999999997
532.4,6:06:41.27 PM,1.7971007999999997
532.5,6:06:41.37 PM,1.7971007999999997
532.6,6:06:41.47 PM,1.7971007999999997
532.7,6:06:41.57 PM,1.7971007999999997
532.8,6:06:41.68 PM,1.7971007999999997
532.9,6:06:41.78 PM,1.7971007999999997
533.0,6:06:41.88 PM,1.7971007999999997
533.1,6:06:41.99 PM,1.7971007999999997
533.2,6:06:42.09 PM,1.7971007999999997
533.3,6:06:42.20 PM,1.7971007999999997
533.4,6:06:42.30 PM,1.7971007999999997
533.5,6:06:42.41 PM,1.7971007999999997
533.6,6:06:42.51 PM,1.7971007999999997
533.7,6:06:42.61 PM,1.7971007999999997
533.8,6:06:42.71 PM,1.7971007999999997
533.9,6:06:42.82 PM,1.7971007999999997
534.0,6:06:42.92 PM,1.7971007999999997
534.1,6:06:43.03 PM,1.7971007999999997
534.2,6:06:43.13 PM,1.7971007999999997
534.3,6:06:43.20 PM,1.7971007999999997
534.4,6:06:43.30 PM,1.7971007999999997
534.5,6:06:43.40 PM,1.7971007999999997
534.6,6:06:43.50 PM,1.7971007999999997
534.7,6:06:43.60 PM,1.7971007999999997
534.8,6:06:43.70 PM,1.7971007999999997
534.9,6:06:43.80 PM,1.7971007999999997
535.0,6:06:43.90 PM,1.7971007999999997
535.1,6:06:44.00 PM,1.7971007999999997
535.2,6:06:44.10 PM,1.7971007999999997
535.3,6:06:44.20 PM,1.7971007999999997
535.4,6:06:44.26 PM,1.7971007999999997
535.5,6:06:44.37 PM,1.7971007999999997
535.6,6:06:44.50 PM,1.7971007999999997
535.7,6:06:44.57 PM,1.7971007999999997
535.8,6:06:44.70 PM,1.7971007999999997
535.9,6:06:44.77 PM,1.7971007999999997
536.0,6:06:44.88 PM,1.7971007999999997
536.1,6:06:44.98 PM,1.7971007999999997
536.2,6:06:45.09 PM,1.7971007999999997
536.3,6:06:45.19 PM,1.7971007999999997
536.4,6:06:45.29 PM,1.7971007999999997
536.5,6:06:45.40 PM,1.7971007999999997
536.6,6:06:45.50 PM,1.7971007999999997
536.7,6:06:45.60 PM,1.7971007999999997
536.8,6:06:45.71 PM,1.7971007999999997
536.9,6:06:45.81 PM,1.7971007999999997
537.0,6:06:45.90 PM,1.7971007999999997
537.1,6:06:46.02 PM,1.7971007999999997
537.2,6:06:46.12 PM,1.7971007999999997
537.3,6:06:46.23 PM,1.7971007999999997
537.4,6:06:46.33 PM,1.7971007999999997
537.5,6:06:46.43 PM,1.7971007999999997
537.6,6:06:46.50 PM,1.7971007999999997
537.7,6:06:46.64 PM,1.7971007999999997
537.8,6:06:46.70 PM,1.7971007999999997
537.9,6:06:46.80 PM,1.7971007999999997
538.0,6:06:46.90 PM,1.7971007999999997
538.1,6:06:47.00 PM,1.7971007999999997
538.2,6:06:47.10 PM,1.7971007999999997
538.3,6:06:47.20 PM,1.7971007999999997
538.4,6:06:47.30 PM,1.7971007999999997
538.5,6:06:47.40 PM,1.7971007999999997
538.6,6:06:47.50 PM,1.7971007999999997
538.7,6:06:47.56 PM,1.7971007999999997
538.8,6:06:47.66 PM,1.7971007999999997
538.9,6:06:47.77 PM,1.7971007999999997
539.0,6:06:47.90 PM,1.7971007999999997
539.1,6:06:47.97 PM,1.7971007999999997
539.2,6:06:48.07 PM,1.7971007999999997
539.3,6:06:48.18 PM,1.7971007999999997
539.4,6:06:48.28 PM,1.7971007999999997
539.5,6:06:48.38 PM,1.7971007999999997
539.6,6:06:48.49 PM,1.7971007999999997
539.7,6:06:48.59 PM,1.7971007999999997
539.8,6:06:48.69 PM,1.7971007999999997
539.9,6:06:48.79 PM,1.7971007999999997
540.0,6:06:48.89 PM,1.7971007999999997
540.1,6:06:49.00 PM,1.7971007999999997
540.2,6:06:49.10 PM,1.7971007999999997
540.3,6:06:49.21 PM,1.7971007999999997
540.4,6:06:49.31 PM,1.7971007999999997
540.5,6:06:49.41 PM,1.7971007999999997
540.6,6:06:49.51 PM,1.7971007999999997
540.7,6:06:49.62 PM,1.7971007999999997
540.8,6:06:49.72 PM,1.7971007999999997
540.9,6:06:49.80 PM,1.7971007999999997
541.0,6:06:49.90 PM,1.7971007999999997
541.1,6:06:50.03 PM,1.7971007999999997
541.2,6:06:50.10 PM,1.7971007999999997
541.3,6:06:50.20 PM,1.7971007999999997
541.4,6:06:50.30 PM,1.7971007999999997
541.5,6:06:50.40 PM,1.7971007999999997
541.6,6:06:50.50 PM,1.7971007999999997
541.7,6:06:50.60 PM,1.7971007999999997
541.8,6:06:50.70 PM,1.7971007999999997
541.9,6:06:50.80 PM,1.7971007999999997
542.0,6:06:50.86 PM,1.7971007999999997
542.1,6:06:50.96 PM,1.7971007999999997
542.2,6:06:51.07 PM,1.7971007999999997
542.3,6:06:51.17 PM,1.7971007999999997
542.4,6:06:51.27 PM,1.7971007999999997
542.5,6:06:51.38 PM,1.7971007999999997
542.6,6:06:51.48 PM,1.7971007999999997
542.7,6:06:51.58 PM,1.7971007999999997
542.8,6:06:51.68 PM,1.7971007999999997
542.9,6:06:51.79 PM,1.7971007999999997
543.0,6:06:51.89 PM,1.7971007999999997
543.1,6:06:51.99 PM,1.6987519999999998
543.2,6:06:52.10 PM,1.6987519999999998
543.3,6:06:52.20 PM,1.6987519999999998
543.4,6:06:52.30 PM,1.6987519999999998
543.5,6:06:52.40 PM,1.6987519999999998
543.6,6:06:52.51 PM,1.6987519999999998
543.7,6:06:52.61 PM,1.6987519999999998
543.8,6:06:52.71 PM,1.6987519999999998
543.9,6:06:52.80 PM,1.6987519999999998
544.0,6:06:52.92 PM,1.6987519999999998
544.1,6:06:53.02 PM,1.6987519999999998
544.2,6:06:53.12 PM,1.6987519999999998
544.3,6:06:53.23 PM,1.6987519999999998
544.4,6:06:53.30 PM,1.6987519999999998
544.5,6:06:53.43 PM,1.6987519999999998
544.6,6:06:53.53 PM,1.6987519999999998
544.7,6:06:53.60 PM,1.6987519999999998
544.8,6:06:53.70 PM,1.6987519999999998
544.9,6:06:53.80 PM,1.6987519999999998
545.0,6:06:53.90 PM,1.6987519999999998
545.1,6:06:54.00 PM,1.6987519999999998
545.2,6:06:54.10 PM,1.6987519999999998
545.3,6:06:54.20 PM,1.6987519999999998
545.4,6:06:54.30 PM,1.6987519999999998
545.5,6:06:54.36 PM,1.6987519999999998
545.6,6:06:54.46 PM,1.6987519999999998
545.7,6:06:54.57 PM,1.6987519999999998
545.8,6:06:54.67 PM,1.6987519999999998
545.9,6:06:54.77 PM,1.6987519999999998
546.0,6:06:54.88 PM,1.6987519999999998
546.1,6:06:54.98 PM,1.6987519999999998
546.2,6:06:55.08 PM,1.6987519999999998
546.3,6:06:55.18 PM,1.6987519999999998
546.4,6:06:55.29 PM,1.6987519999999998
546.5,6:06:55.39 PM,1.6987519999999998
546.6,6:06:55.50 PM,1.6987519999999998
546.7,6:06:55.60 PM,1.6987519999999998
546.8,6:06:55.70 PM,1.6987519999999998
546.9,6:06:55.80 PM,1.6987519999999998
547.0,6:06:55.91 PM,1.6987519999999998
547.1,6:06:56.01 PM,1.6987519999999998
547.2,6:06:56.12 PM,1.6987519999999998
547.3,6:06:56.20 PM,1.6987519999999998
547.4,6:06:56.32 PM,1.6987519999999998
547.5,6:06:56.43 PM,1.6987519999999998
547.6,6:06:56.53 PM,1.6987519999999998
547.7,6:06:56.63 PM,1.6987519999999998
547.8,6:06:56.73 PM,1.6987519999999998
547.9,6:06:56.80 PM,1.5959328
548.0,6:06:56.90 PM,1.5959328
548.1,6:06:57.00 PM,1.5959328
548.2,6:06:57.10 PM,1.5959328
548.3,6:06:57.20 PM,1.5959328
548.4,6:06:57.30 PM,1.5959328
548.5,6:06:57.40 PM,1.5959328
548.6,6:06:57.50 PM,1.5959328
548.7,6:06:57.60 PM,1.5959328
548.8,6:06:57.70 PM,1.5959328
548.9,6:06:57.80 PM,1.5959328
549.0,6:06:57.86 PM,1.5959328
549.1,6:06:57.96 PM,1.5959328
549.2,6:06:58.07 PM,1.5959328
549.3,6:06:58.17 PM,1.5959328
549.4,6:06:58.30 PM,1.5959328
549.5,6:06:58.40 PM,1.5959328
549.6,6:06:58.48 PM,1.5959328
549.7,6:06:58.58 PM,1.5959328
549.8,6:06:58.68 PM,1.5959328
549.9,6:06:58.78 PM,1.5959328
550.0,6:06:58.88 PM,1.5959328
550.1,6:06:58.99 PM,1.5959328
550.2,6:06:59.09 PM,1.5959328
550.3,6:06:59.20 PM,1.5959328
550.4,6:06:59.30 PM,1.5959328
550.5,6:06:59.40 PM,1.5959328
550.6,6:06:59.50 PM,1.5959328
550.7,6:06:59.60 PM,1.5959328
550.8,6:06:59.71 PM,1.5959328
550.9,6:06:59.81 PM,1.5959328
551.0,6:06:59.92 PM,1.5959328
551.1,6:07:00.02 PM,1.5959328
551.2,6:07:00.10 PM,1.5959328
551.3,6:07:00.20 PM,1.5959328
551.4,6:07:00.30 PM,1.5959328
551.5,6:07:00.40 PM,1.5959328
551.6,6:07:00.50 PM,1.5959328
551.7,6:07:00.60 PM,1.5959328
551.8,6:07:00.70 PM,1.5959328
551.9,6:07:00.80 PM,1.5959328
552.0,6:07:00.90 PM,1.5959328
552.1,6:07:01.00 PM,1.5959328
552.2,6:07:01.10 PM,1.5959328
552.3,6:07:01.16 PM,1.5959328
552.4,6:07:01.26 PM,1.5959328
552.5,6:07:01.37 PM,1.5959328
552.6,6:07:01.47 PM,1.5959328
552.7,6:07:01.57 PM,1.5959328
552.8,6:07:01.68 PM,1.5959328
552.9,6:07:01.78 PM,1.5959328
553.0,6:07:01.88 PM,1.5959328
553.1,6:07:01.99 PM,1.5959328
553.2,6:07:02.09 PM,1.5959328
553.3,6:07:02.20 PM,1.5959328
553.4,6:07:02.30 PM,1.5959328
553.5,6:07:02.40 PM,1.5959328
553.6,6:07:02.51 PM,1.5959328
553.7,6:07:02.61 PM,1.5959328
553.8,6:07:02.71 PM,1.5959328
553.9,6:07:02.81 PM,1.5959328
554.0,6:07:02.92 PM,1.5959328
554.1,6:07:03.02 PM,1.5959328
554.2,6:07:03.12 PM,1.5959328
554.3,6:07:03.23 PM,1.5959328
554.4,6:07:03.33 PM,1.5959328
554.5,6:07:03.43 PM,1.5959328
554.6,6:07:03.50 PM,1.5959328
554.7,6:07:03.60 PM,1.5959328
554.8,6:07:03.70 PM,1.5959328
554.9,6:07:03.80 PM,1.5959328
555.0,6:07:03.90 PM,1.5959328
555.1,6:07:04.00 PM,1.5959328
555.2,6:07:04.10 PM,1.5959328
555.3,6:07:04.20 PM,1.5959328
555.4,6:07:04.26 PM,1.5959328
555.5,6:07:04.36 PM,1.5959328
555.6,6:07:04.47 PM,1.5959328
555.7,6:07:04.57 PM,1.5959328
555.8,6:07:04.67 PM,1.5959328
555.9,6:07:04.77 PM,1.5959328
556.0,6:07:04.88 PM,1.5959328
556.1,6:07:04.98 PM,1.5959328
556.2,6:07:05.08 PM,1.5959328
556.3,6:07:05.18 PM,1.5959328
556.4,6:07:05.29 PM,1.5959328
556.5,6:07:05.39 PM,1.6987519999999998
556.6,6:07:05.49 PM,1.6987519999999998
556.7,6:07:05.59 PM,1.6987519999999998
556.8,6:07:05.70 PM,1.6987519999999998
556.9,6:07:05.80 PM,1.6987519999999998
557.0,6:07:05.90 PM,1.6987519999999998
557.1,6:07:06.01 PM,1.6987519999999998
557.2,6:07:06.11 PM,1.6987519999999998
557.3,6:07:06.21 PM,1.6987519999999998
557.4,6:07:06.32 PM,1.6987519999999998
557.5,6:07:06.42 PM,1.6987519999999998
557.6,6:07:06.52 PM,1.6987519999999998
557.7,6:07:06.60 PM,1.6987519999999998
557.8,6:07:06.73 PM,1.6987519999999998
557.9,6:07:06.80 PM,1.6987519999999998
558.0,6:07:06.90 PM,1.6987519999999998
558.1,6:07:07.00 PM,1.6987519999999998
558.2,6:07:07.10 PM,1.6987519999999998
558.3,6:07:07.20 PM,1.6987519999999998
558.4,6:07:07.30 PM,1.6987519999999998
558.5,6:07:07.40 PM,1.6987519999999998
558.6,6:07:07.50 PM,1.6987519999999998
558.7,6:07:07.60 PM,1.6987519999999998
558.8,6:07:07.66 PM,1.6987519999999998
558.9,6:07:07.76 PM,1.6987519999999998
559.0,6:07:07.90 PM,1.6987519999999998
559.1,6:07:07.97 PM,1.6987519999999998
559.2,6:07:08.07 PM,1.6987519999999998
559.3,6:07:08.17 PM,1.6987519999999998
559.4,6:07:08.27 PM,1.6987519999999998
559.5,6:07:08.38 PM,1.6987519999999998
559.6,6:07:08.48 PM,1.6987519999999998
559.7,6:07:08.58 PM,1.6987519999999998
559.8,6:07:08.70 PM,1.6987519999999998
559.9,6:07:08.79 PM,1.6987519999999998
560.0,6:07:08.89 PM,1.6987519999999998
560.1,6:07:08.99 PM,1.6987519999999998
560.2,6:07:09.09 PM,1.6987519999999998
560.3,6:07:09.20 PM,1.6987519999999998
560.4,6:07:09.30 PM,1.6987519999999998
560.5,6:07:09.40 PM,1.6987519999999998
560.6,6:07:09.51 PM,1.6987519999999998
560.7,6:07:09.61 PM,1.6987519999999998
560.8,6:07:09.71 PM,1.6987519999999998
560.9,6:07:09.81 PM,1.6987519999999998
561.0,6:07:09.92 PM,1.6987519999999998
561.1,6:07:10.02 PM,1.6987519999999998
561.2,6:07:10.12 PM,1.6987519999999998
561.3,6:07:10.22 PM,1.6987519999999998
561.4,6:07:10.33 PM,1.6987519999999998
561.5,6:07:10.43 PM,1.6987519999999998
561.6,6:07:10.53 PM,1.6987519999999998
561.7,6:07:10.60 PM,1.6987519999999998
561.8,6:07:10.70 PM,1.6987519999999998
561.9,6:07:10.80 PM,1.6987519999999998
562.0,6:07:10.90 PM,1.6987519999999998
562.1,6:07:11.00 PM,1.6987519999999998
562.2,6:07:11.10 PM,1.6987519999999998
562.3,6:07:11.20 PM,1.6987519999999998
562.4,6:07:11.30 PM,1.6987519999999998
562.5,6:07:11.40 PM,1.6987519999999998
562.6,6:07:11.50 PM,1.6987519999999998
562.7,6:07:11.57 PM,1.6987519999999998
562.8,6:07:11.67 PM,1.6987519999999998
562.9,6:07:11.78 PM,1.6987519999999998
563.0,6:07:11.90 PM,1.6987519999999998
563.1,6:07:11.98 PM,1.6987519999999998
563.2,6:07:12.08 PM,1.6987519999999998
563.3,6:07:12.19 PM,1.7971007999999997
563.4,6:07:12.29 PM,1.7971007999999997
563.5,6:07:12.40 PM,1.7971007999999997
563.6,6:07:12.50 PM,1.7971007999999997
563.7,6:07:12.60 PM,1.7971007999999997
563.8,6:07:12.71 PM,1.7971007999999997
563.9,6:07:12.80 PM,1.7971007999999997
564.0,6:07:12.91 PM,1.7971007999999997
564.1,6:07:13.01 PM,1.7971007999999997
564.2,6:07:13.12 PM,1.7971007999999997
564.3,6:07:13.22 PM,1.7971007999999997
564.4,6:07:13.33 PM,1.7971007999999997
564.5,6:07:13.43 PM,1.7971007999999997
564.6,6:07:13.53 PM,1.7971007999999997
564.7,6:07:13.63 PM,1.7971007999999997
564.8,6:07:13.70 PM,1.7971007999999997
564.9,6:07:13.80 PM,1.7971007999999997
565.0,6:07:13.90 PM,1.7971007999999997
565.1,6:07:14.00 PM,1.7971007999999997
565.2,6:07:14.10 PM,1.7971007999999997
565.3,6:07:14.20 PM,1.89992
565.4,6:07:14.30 PM,1.89992
565.5,6:07:14.36 PM,1.89992
565.6,6:07:14.46 PM,1.89992
565.7,6:07:14.57 PM,1.89992
565.8,6:07:14.67 PM,1.89992
565.9,6:07:14.77 PM,1.89992
566.0,6:07:14.88 PM,1.89992
566.1,6:07:14.98 PM,1.89992
566.2,6:07:15.08 PM,1.89992
566.3,6:07:15.18 PM,1.89992
566.4,6:07:15.29 PM,1.89992
566.5,6:07:15.39 PM,1.89992
566.6,6:07:15.49 PM,1.89992
566.7,6:07:15.59 PM,1.89992
566.8,6:07:15.70 PM,1.89992
566.9,6:07:15.80 PM,1.89992
567.0,6:07:15.90 PM,1.89992
567.1,6:07:16.01 PM,1.89992
567.2,6:07:16.11 PM,1.89992
567.3,6:07:16.21 PM,1.89992
567.4,6:07:16.32 PM,1.89992
567.5,6:07:16.42 PM,1.89992
567.6,6:07:16.52 PM,1.89992
567.7,6:07:16.60 PM,1.89992
567.8,6:07:16.73 PM,1.9982688
567.9,6:07:16.80 PM,1.9982688
568.0,6:07:16.93 PM,1.9982688
568.1,6:07:17.04 PM,1.9982688
568.2,6:07:17.10 PM,1.9982688
568.3,6:07:17.20 PM,1.9982688
568.4,6:07:17.30 PM,1.9982688
568.5,6:07:17.40 PM,1.9982688
568.6,6:07:17.50 PM,1.9982688
568.7,6:07:17.60 PM,1.9982688
568.8,6:07:17.70 PM,1.9982688
568.9,6:07:17.80 PM,1.9982688
569.0,6:07:17.86 PM,1.9982688
569.1,6:07:18.00 PM,1.9982688
569.2,6:07:18.06 PM,1.9982688
569.3,6:07:18.17 PM,1.9982688
569.4,6:07:18.27 PM,1.9982688
569.5,6:07:18.37 PM,1.9982688
569.6,6:07:18.47 PM,1.9982688
569.7,6:07:18.58 PM,1.9982688
569.8,6:07:18.68 PM,1.9982688
569.9,6:07:18.78 PM,1.9982688
570.0,6:07:18.88 PM,1.9982688
570.1,6:07:18.99 PM,1.9982688
570.2,6:07:19.09 PM,1.9982688
570.3,6:07:19.20 PM,1.9982688
570.4,6:07:19.31 PM,1.9982688
570.5,6:07:19.41 PM,1.9982688
570.6,6:07:19.52 PM,1.9982688
570.7,6:07:19.62 PM,1.9982688
570.8,6:07:19.72 PM,1.9982688
570.9,6:07:19.80 PM,1.9982688
571.0,6:07:19.92 PM,1.9982688
571.1,6:07:20.03 PM,1.9982688
571.2,6:07:20.13 PM,1.9982688
571.3,6:07:20.20 PM,1.9982688
571.4,6:07:20.30 PM,1.9982688
571.5,6:07:20.40 PM,1.9982688
571.6,6:07:20.50 PM,1.9982688
571.7,6:07:20.60 PM,1.9982688
571.8,6:07:20.70 PM,2.0966176
571.9,6:07:20.80 PM,2.0966176
572.0,6:07:20.90 PM,2.0966176
572.1,6:07:20.96 PM,2.0966176
572.2,6:07:21.06 PM,2.0966176
572.3,6:07:21.17 PM,2.0966176
572.4,6:07:21.27 PM,2.0966176
572.5,6:07:21.40 PM,2.0966176
572.6,6:07:21.50 PM,2.0966176
572.7,6:07:21.57 PM,2.0966176
572.8,6:07:21.68 PM,2.0966176
572.9,6:07:21.78 PM,2.0966176
573.0,6:07:21.88 PM,2.0966176
573.1,6:07:21.98 PM,2.0966176
573.2,6:07:22.09 PM,2.0966176
573.3,6:07:22.19 PM,2.1994368
573.4,6:07:22.30 PM,2.1994368
573.5,6:07:22.40 PM,2.1994368
573.6,6:07:22.50 PM,2.1994368
573.7,6:07:22.60 PM,2.1994368
573.8,6:07:22.70 PM,2.1994368
573.9,6:07:22.80 PM,2.1994368
574.0,6:07:22.91 PM,2.1994368
574.1,6:07:23.01 PM,2.1994368
574.2,6:07:23.12 PM,2.1994368
574.3,6:07:23.20 PM,2.1994368
574.4,6:07:23.33 PM,2.1994368
574.5,6:07:23.40 PM,2.1994368
574.6,6:07:23.50 PM,2.1994368
574.7,6:07:23.60 PM,2.1994368
574.8,6:07:23.70 PM,2.1994368
574.9,6:07:23.80 PM,2.1994368
575.0,6:07:23.90 PM,2.1994368
575.1,6:07:24.00 PM,2.1994368
575.2,6:07:24.10 PM,2.1994368
575.3,6:07:24.20 PM,2.1994368
575.4,6:07:24.26 PM,2.1994368
575.5,6:07:24.36 PM,2.1994368
575.6,6:07:24.46 PM,2.1994368
575.7,6:07:24.57 PM,2.1994368
575.8,6:07:24.70 PM,2.1994368
575.9,6:07:24.77 PM,2.1994368
576.0,6:07:24.87 PM,2.1994368
576.1,6:07:24.97 PM,2.1994368
576.2,6:07:25.08 PM,2.1994368
576.3,6:07:25.19 PM,2.1994368
576.4,6:07:25.29 PM,2.1994368
576.5,6:07:25.39 PM,2.1994368
576.6,6:07:25.49 PM,2.1994368
576.7,6:07:25.60 PM,2.1994368
576.8,6:07:25.70 PM,2.1994368
576.9,6:07:25.80 PM,2.1994368
577.0,6:07:25.90 PM,2.1994368
577.1,6:07:26.00 PM,2.1994368
577.2,6:07:26.11 PM,2.1994368
577.3,6:07:26.21 PM,2.1994368
577.4,6:07:26.31 PM,2.1994368
577.5,6:07:26.42 PM,2.1994368
577.6,6:07:26.52 PM,2.1994368
577.7,6:07:26.62 PM,2.1994368
577.8,6:07:26.73 PM,2.1994368
577.9,6:07:26.80 PM,2.1994368
578.0,6:07:26.93 PM,2.1994368
578.1,6:07:27.00 PM,2.1994368
578.2,6:07:27.10 PM,2.0966176
578.3,6:07:27.20 PM,2.0966176
578.4,6:07:27.30 PM,2.0966176
578.5,6:07:27.40 PM,2.0966176
578.6,6:07:27.50 PM,2.0966176
578.7,6:07:27.60 PM,2.0966176
578.8,6:07:27.70 PM,2.0966176
578.9,6:07:27.80 PM,2.0966176
579.0,6:07:27.90 PM,2.0966176
579.1,6:07:27.96 PM,2.0966176
579.2,6:07:28.06 PM,2.0966176
579.3,6:07:28.17 PM,2.0966176
579.4,6:07:28.27 PM,2.0966176
579.5,6:07:28.37 PM,2.0966176
579.6,6:07:28.48 PM,2.0966176
579.7,6:07:28.58 PM,2.0966176
579.8,6:07:28.68 PM,2.0966176
579.9,6:07:28.79 PM,2.0966176
580.0,6:07:28.89 PM,2.0966176
580.1,6:07:28.99 PM,2.0966176
580.2,6:07:29.09 PM,2.0966176
580.3,6:07:29.20 PM,2.0966176
580.4,6:07:29.30 PM,2.0966176
580.5,6:07:29.40 PM,2.0966176
580.6,6:07:29.51 PM,2.0966176
580.7,6:07:29.61 PM,2.0966176
580.8,6:07:29.71 PM,2.0966176
580.9,6:07:29.80 PM,2.0966176
581.0,6:07:29.92 PM,2.0966176
581.1,6:07:30.02 PM,2.0966176
581.2,6:07:30.10 PM,2.0966176
581.3,6:07:30.23 PM,2.0966176
581.4,6:07:30.33 PM,2.0966176
581.5,6:07:30.40 PM,2.0966176
581.6,6:07:30.53 PM,2.0966176
581.7,6:07:30.60 PM,2.0966176
581.8,6:07:30.70 PM,2.0966176
581.9,6:07:30.80 PM,2.0966176
582.0,6:07:30.90 PM,2.0966176
582.1,6:07:31.00 PM,2.0966176
582.2,6:07:31.10 PM,2.0966176
582.3,6:07:31.20 PM,2.0966176
582.4,6:07:31.30 PM,2.0966176
582.5,6:07:31.40 PM,2.0966176
582.6,6:07:31.46 PM,1.9982688
582.7,6:07:31.60 PM,1.9982688
582.8,6:07:31.67 PM,1.9982688
582.9,6:07:31.77 PM,1.9982688
583.0,6:07:31.87 PM,1.9982688
583.1,6:07:31.97 PM,1.9982688
583.2,6:07:32.08 PM,1.9982688
583.3,6:07:32.18 PM,1.9982688
583.4,6:07:32.28 PM,1.9982688
583.5,6:07:32.39 PM,1.9982688
583.6,6:07:32.49 PM,1.9982688
583.7,6:07:32.59 PM,1.89992
583.8,6:07:32.70 PM,1.89992
583.9,6:07:32.80 PM,1.89992
584.0,6:07:32.90 PM,1.89992
584.1,6:07:33.01 PM,1.89992
584.2,6:07:33.11 PM,1.89992
584.3,6:07:33.21 PM,1.89992
584.4,6:07:33.32 PM,1.89992
584.5,6:07:33.42 PM,1.89992
584.6,6:07:33.52 PM,1.89992
584.7,6:07:33.62 PM,1.89992
584.8,6:07:33.73 PM,1.89992
584.9,6:07:33.80 PM,1.89992
585.0,6:07:33.93 PM,1.9982688
585.1,6:07:34.00 PM,1.9982688
585.2,6:07:34.10 PM,1.9982688
585.3,6:07:34.20 PM,1.9982688
585.4,6:07:34.30 PM,1.9982688
585.5,6:07:34.40 PM,1.9982688
585.6,6:07:34.46 PM,1.9982688
585.7,6:07:34.56 PM,1.9982688
585.8,6:07:34.67 PM,1.9982688
585.9,6:07:34.80 PM,1.9982688
586.0,6:07:34.87 PM,1.9982688
586.1,6:07:34.98 PM,1.9982688
586.2,6:07:35.08 PM,1.9982688
586.3,6:07:35.18 PM,1.9982688
586.4,6:07:35.29 PM,1.9982688
586.5,6:07:35.39 PM,1.9982688
586.6,6:07:35.50 PM,1.9982688
586.7,6:07:35.60 PM,1.9982688
586.8,6:07:35.70 PM,1.9982688
586.9,6:07:35.81 PM,1.9982688
587.0,6:07:35.91 PM,1.9982688
587.1,6:07:36.01 PM,1.9982688
587.2,6:07:36.12 PM,1.9982688
587.3,6:07:36.22 PM,1.9982688
587.4,6:07:36.32 PM,1.9982688
587.5,6:07:36.42 PM,1.9982688
587.6,6:07:36.52 PM,1.9982688
587.7,6:07:36.63 PM,1.9982688
587.8,6:07:36.73 PM,1.9982688
587.9,6:07:36.80 PM,1.9982688
588.0,6:07:36.90 PM,1.9982688
588.1,6:07:37.00 PM,1.9982688
588.2,6:07:37.10 PM,1.9982688
588.3,6:07:37.20 PM,1.9982688
588.4,6:07:37.30 PM,1.9982688
588.5,6:07:37.40 PM,1.9982688
588.6,6:07:37.50 PM,1.9982688
588.7,6:07:37.60 PM,1.9982688
588.8,6:07:37.70 PM,1.9982688
588.9,6:07:37.76 PM,1.9982688
589.0,6:07:37.90 PM,1.9982688
589.1,6:07:37.97 PM,1.9982688
589.2,6:07:38.07 PM,1.9982688
589.3,6:07:38.17 PM,1.9982688
589.4,6:07:38.28 PM,1.9982688
589.5,6:07:38.38 PM,1.9982688
589.6,6:07:38.48 PM,2.0966176
589.7,6:07:38.58 PM,2.0966176
589.8,6:07:38.69 PM,2.0966176
589.9,6:07:38.79 PM,2.0966176
590.0,6:07:38.89 PM,2.0966176
590.1,6:07:38.99 PM,2.0966176
590.2,6:07:39.10 PM,2.0966176
590.3,6:07:39.20 PM,2.0966176
590.4,6:07:39.30 PM,2.0966176
590.5,6:07:39.41 PM,2.0966176
590.6,6:07:39.51 PM,2.0966176
590.7,6:07:39.62 PM,2.0966176
590.8,6:07:39.72 PM,1.9982688
590.9,6:07:39.82 PM,1.9982688
591.0,6:07:39.92 PM,1.9982688
591.1,6:07:40.02 PM,1.9982688
591.2,6:07:40.13 PM,1.9982688
591.3,6:07:40.20 PM,1.9982688
591.4,6:07:40.33 PM,1.9982688
591.5,6:07:40.44 PM,1.9982688
591.6,6:07:40.50 PM,1.9982688
591.7,6:07:40.60 PM,1.9982688
591.8,6:07:40.70 PM,1.9982688
591.9,6:07:40.80 PM,1.9982688
592.0,6:07:40.90 PM,1.9982688
592.1,6:07:41.00 PM,1.9982688
592.2,6:07:41.10 PM,1.9982688
592.3,6:07:41.20 PM,1.9982688
592.4,6:07:41.30 PM,1.9982688
592.5,6:07:41.40 PM,1.9982688
592.6,6:07:41.50 PM,1.9982688
592.7,6:07:41.60 PM,1.9982688
592.8,6:07:41.70 PM,1.9982688
592.9,6:07:41.77 PM,1.9982688
593.0,6:07:41.87 PM,1.9982688
593.1,6:07:41.98 PM,1.9982688
593.2,6:07:42.08 PM,1.9982688
593.3,6:07:42.18 PM,1.9982688
593.4,6:07:42.29 PM,1.9982688
593.5,6:07:42.39 PM,1.9982688
593.6,6:07:42.49 PM,1.9982688
593.7,6:07:42.60 PM,1.9982688
593.8,6:07:42.70 PM,1.9982688
593.9,6:07:42.80 PM,1.9982688
594.0,6:07:42.90 PM,1.9982688
594.1,6:07:43.00 PM,1.9982688
594.2,6:07:43.11 PM,1.9982688
594.3,6:07:43.21 PM,1.9982688
594.4,6:07:43.31 PM,1.9982688
594.5,6:07:43.42 PM,1.9982688
594.6,6:07:43.52 PM,1.9982688
594.7,6:07:43.63 PM,1.9982688
594.8,6:07:43.73 PM,1.9982688
594.9,6:07:43.80 PM,1.9982688
595.0,6:07:43.93 PM,1.9982688
595.1,6:07:44.00 PM,1.9982688
595.2,6:07:44.14 PM,1.9982688
595.3,6:07:44.20 PM,1.9982688
595.4,6:07:44.30 PM,1.9982688
595.5,6:07:44.40 PM,1.89992
595.6,6:07:44.50 PM,1.89992
595.7,6:07:44.60 PM,1.89992
595.8,6:07:44.70 PM,1.89992
595.9,6:07:44.80 PM,1.89992
596.0,6:07:44.90 PM,1.89992
596.1,6:07:44.96 PM,1.89992
596.2,6:07:45.06 PM,1.89992
596.3,6:07:45.17 PM,1.89992
596.4,6:07:45.27 PM,1.89992
596.5,6:07:45.37 PM,1.89992
596.6,6:07:45.47 PM,1.89992
596.7,6:07:45.58 PM,1.89992
596.8,6:07:45.68 PM,1.89992
596.9,6:07:45.78 PM,1.89992
597.0,6:07:45.89 PM,1.89992
597.1,6:07:45.99 PM,1.89992
597.2,6:07:46.10 PM,1.89992
597.3,6:07:46.20 PM,1.89992
597.4,6:07:46.30 PM,1.7971007999999997
597.5,6:07:46.40 PM,1.7971007999999997
597.6,6:07:46.50 PM,1.7971007999999997
597.7,6:07:46.61 PM,1.7971007999999997
597.8,6:07:46.71 PM,1.7971007999999997
597.9,6:07:46.82 PM,1.7971007999999997
598.0,6:07:46.90 PM,1.7971007999999997
598.1,6:07:47.02 PM,1.7971007999999997
598.2,6:07:47.13 PM,1.7971007999999997
598.3,6:07:47.23 PM,1.7971007999999997
598.4,6:07:47.30 PM,1.7971007999999997
598.5,6:07:47.40 PM,1.7971007999999997
598.6,6:07:47.50 PM,1.7971007999999997
598.7,6:07:47.60 PM,1.7971007999999997
598.8,6:07:47.70 PM,1.7971007999999997
598.9,6:07:47.80 PM,1.7971007999999997
599.0,6:07:47.90 PM,1.7971007999999997
599.1,6:07:48.00 PM,1.7971007999999997
599.2,6:07:48.10 PM,1.7971007999999997
599.3,6:07:48.16 PM,1.7971007999999997
599.4,6:07:48.26 PM,1.7971007999999997
599.5,6:07:48.40 PM,1.7971007999999997
599.6,6:07:48.47 PM,1.7971007999999997
599.7,6:07:48.57 PM,1.7971007999999997
599.8,6:07:48.70 PM,1.7971007999999997
599.9,6:07:48.78 PM,1.7971007999999997
600.0,6:07:48.88 PM,1.7971007999999997
600.1,6:07:48.99 PM,1.7971007999999997
600.2,6:07:49.09 PM,1.7971007999999997
600.3,6:07:49.19 PM,1.7971007999999997
600.4,6:07:49.30 PM,1.7971007999999997
600.5,6:07:49.40 PM,1.7971007999999997
600.6,6:07:49.50 PM,1.7971007999999997
600.7,6:07:49.60 PM,1.7971007999999997
600.8,6:07:49.71 PM,1.7971007999999997
600.9,6:07:49.80 PM,1.6987519999999998
601.0,6:07:49.92 PM,1.6987519999999998
601.1,6:07:50.02 PM,1.6987519999999998
601.2,6:07:50.10 PM,1.6987519999999998
601.3,6:07:50.22 PM,1.6987519999999998
601.4,6:07:50.33 PM,1.6987519999999998
601.5,6:07:50.43 PM,1.6987519999999998
601.6,6:07:50.53 PM,1.6987519999999998
601.7,6:07:50.64 PM,1.6987519999999998
601.8,6:07:50.70 PM,1.6987519999999998
601.9,6:07:50.80 PM,1.6987519999999998
602.0,6:07:50.90 PM,1.6987519999999998
602.1,6:07:51.00 PM,1.6987519999999998
602.2,6:07:51.10 PM,1.6987519999999998
602.3,6:07:51.20 PM,1.6987519999999998
602.4,6:07:51.30 PM,1.6987519999999998
602.5,6:07:51.40 PM,1.6987519999999998
602.6,6:07:51.46 PM,1.6987519999999998
602.7,6:07:51.56 PM,1.6987519999999998
602.8,6:07:51.67 PM,1.6987519999999998
602.9,6:07:51.77 PM,1.6987519999999998
603.0,6:07:51.87 PM,1.6987519999999998
603.1,6:07:51.97 PM,1.6987519999999998
603.2,6:07:52.08 PM,1.6987519999999998
603.3,6:07:52.18 PM,1.6987519999999998
603.4,6:07:52.28 PM,1.6987519999999998
603.5,6:07:52.38 PM,1.6987519999999998
603.6,6:07:52.49 PM,1.6987519999999998
603.7,6:07:52.59 PM,1.6987519999999998
603.8,6:07:52.69 PM,1.6987519999999998
603.9,6:07:52.79 PM,1.6987519999999998
604.0,6:07:52.90 PM,1.6987519999999998
604.1,6:07:53.00 PM,1.6987519999999998
604.2,6:07:53.10 PM,1.5959328
604.3,6:07:53.21 PM,1.5959328
604.4,6:07:53.31 PM,1.5959328
604.5,6:07:53.42 PM,1.5959328
604.6,6:07:53.52 PM,1.5959328
604.7,6:07:53.62 PM,1.5959328
604.8,6:07:53.73 PM,1.5959328
604.9,6:07:53.80 PM,1.5959328
605.0,6:07:53.93 PM,1.5959328
605.1,6:07:54.00 PM,1.5959328
605.2,6:07:54.10 PM,1.5959328
605.3,6:07:54.20 PM,1.5959328
605.4,6:07:54.30 PM,1.5959328
605.5,6:07:54.40 PM,1.5959328
605.6,6:07:54.50 PM,1.5959328
605.7,6:07:54.60 PM,1.5959328
605.8,6:07:54.70 PM,1.5959328
605.9,6:07:54.80 PM,1.5959328
606.0,6:07:54.86 PM,1.5959328
606.1,6:07:54.96 PM,1.5959328
606.2,6:07:55.06 PM,1.5959328
606.3,6:07:55.17 PM,1.5959328
606.4,6:07:55.27 PM,1.5959328
606.5,6:07:55.37 PM,1.5959328
606.6,6:07:55.48 PM,1.5959328
606.7,6:07:55.58 PM,1.5959328
606.8,6:07:55.68 PM,1.5959328
606.9,6:07:55.78 PM,1.5959328
607.0,6:07:55.89 PM,1.5959328
607.1,6:07:55.99 PM,1.5959328
607.2,6:07:56.09 PM,1.5959328
607.3,6:07:56.19 PM,1.5959328
607.4,6:07:56.30 PM,1.5959328
607.5,6:07:56.40 PM,1.5959328
607.6,6:07:56.51 PM,1.5959328
607.7,6:07:56.61 PM,1.5959328
607.8,6:07:56.72 PM,1.5959328
607.9,6:07:56.80 PM,1.5959328
608.0,6:07:56.93 PM,1.5959328
608.1,6:07:57.00 PM,1.5959328
608.2,6:07:57.13 PM,1.5959328
608.3,6:07:57.23 PM,1.5959328
608.4,6:07:57.30 PM,1.5959328
608.5,6:07:57.40 PM,1.5959328
608.6,6:07:57.50 PM,1.5959328
608.7,6:07:57.60 PM,1.5959328
608.8,6:07:57.70 PM,1.5959328
608.9,6:07:57.80 PM,1.5959328
609.0,6:07:57.90 PM,1.5959328
609.1,6:07:58.00 PM,1.5959328
609.2,6:07:58.10 PM,1.5959328
609.3,6:07:58.16 PM,1.5959328
609.4,6:07:58.30 PM,1.5959328
609.5,6:07:58.37 PM,1.497584
609.6,6:07:58.47 PM,1.497584
609.7,6:07:58.57 PM,1.497584
609.8,6:07:58.68 PM,1.497584
609.9,6:07:58.78 PM,1.497584
610.0,6:07:58.88 PM,1.497584
610.1,6:07:58.99 PM,1.497584
610.2,6:07:59.09 PM,1.497584
610.3,6:07:59.19 PM,1.497584
610.4,6:07:59.29 PM,1.497584
610.5,6:07:59.40 PM,1.497584
610.6,6:07:59.50 PM,1.497584
610.7,6:07:59.60 PM,1.497584
610.8,6:07:59.71 PM,1.497584
610.9,6:07:59.81 PM,1.497584
611.0,6:07:59.91 PM,1.497584
611.1,6:08:00.02 PM,1.497584
611.2,6:08:00.12 PM,1.497584
611.3,6:08:00.22 PM,1.497584
611.4,6:08:00.32 PM,1.497584
611.5,6:08:00.43 PM,1.497584
611.6,6:08:00.53 PM,1.497584
611.7,6:08:00.60 PM,1.497584
611.8,6:08:00.70 PM,1.497584
611.9,6:08:00.80 PM,1.497584
612.0,6:08:00.90 PM,1.497584
612.1,6:08:01.00 PM,1.497584
612.2,6:08:01.10 PM,1.497584
612.3,6:08:01.20 PM,1.497584
612.4,6:08:01.30 PM,1.497584
612.5,6:08:01.36 PM,1.497584
612.6,6:08:01.46 PM,1.497584
612.7,6:08:01.57 PM,1.497584
612.8,6:08:01.67 PM,1.497584
612.9,6:08:01.77 PM,1.497584
613.0,6:08:01.88 PM,1.497584
613.1,6:08:01.98 PM,1.497584
613.2,6:08:02.08 PM,1.497584
613.3,6:08:02.18 PM,1.497584
613.4,6:08:02.29 PM,1.497584
613.5,6:08:02.39 PM,1.497584
613.6,6:08:02.49 PM,1.497584
613.7,6:08:02.60 PM,1.497584
613.8,6:08:02.70 PM,1.497584
613.9,6:08:02.80 PM,1.497584
614.0,6:08:02.91 PM,1.497584
614.1,6:08:03.01 PM,1.497584
614.2,6:08:03.11 PM,1.497584
614.3,6:08:03.22 PM,1.497584
614.4,6:08:03.32 PM,1.497584
614.5,6:08:03.42 PM,1.497584
614.6,6:08:03.52 PM,1.497584
614.7,6:08:03.60 PM,1.497584
614.8,6:08:03.70 PM,1.497584
614.9,6:08:03.83 PM,1.497584
615.0,6:08:03.94 PM,1.497584
615.1,6:08:04.00 PM,1.497584
615.2,6:08:04.10 PM,1.497584
615.3,6:08:04.20 PM,1.497584
615.4,6:08:04.30 PM,1.5959328
615.5,6:08:04.40 PM,1.5959328
615.6,6:08:04.46 PM,1.5959328
615.7,6:08:04.56 PM,1.5959328
615.8,6:08:04.70 PM,1.5959328
615.9,6:08:04.77 PM,1.5959328
616.0,6:08:04.87 PM,1.5959328
616.1,6:08:04.98 PM,1.5959328
616.2,6:08:05.08 PM,1.5959328
616.3,6:08:05.18 PM,1.5959328
616.4,6:08:05.28 PM,1.5959328
616.5,6:08:05.39 PM,1.5959328
616.6,6:08:05.49 PM,1.6987519999999998
616.7,6:08:05.59 PM,1.6987519999999998
616.8,6:08:05.69 PM,1.6987519999999998
616.9,6:08:05.80 PM,1.6987519999999998
617.0,6:08:05.90 PM,1.6987519999999998
617.1,6:08:06.00 PM,1.6987519999999998
617.2,6:08:06.11 PM,1.6987519999999998
617.3,6:08:06.21 PM,1.6987519999999998
617.4,6:08:06.32 PM,1.6987519999999998
617.5,6:08:06.42 PM,1.6987519999999998
617.6,6:08:06.52 PM,1.6987519999999998
617.7,6:08:06.60 PM,1.6987519999999998
617.8,6:08:06.70 PM,1.6987519999999998
617.9,6:08:06.80 PM,1.6987519999999998
618.0,6:08:06.90 PM,1.6987519999999998
618.1,6:08:07.03 PM,1.6987519999999998
618.2,6:08:07.10 PM,1.6987519999999998
618.3,6:08:07.20 PM,1.6987519999999998
618.4,6:08:07.30 PM,1.6987519999999998
618.5,6:08:07.40 PM,1.6987519999999998
618.6,6:08:07.50 PM,1.6987519999999998
618.7,6:08:07.60 PM,1.6987519999999998
618.8,6:08:07.66 PM,1.6987519999999998
618.9,6:08:07.76 PM,1.6987519999999998
619.0,6:08:07.90 PM,1.6987519999999998
619.1,6:08:07.97 PM,1.6987519999999998
619.2,6:08:08.07 PM,1.6987519999999998
619.3,6:08:08.18 PM,1.6987519999999998
619.4,6:08:08.28 PM,1.6987519999999998
619.5,6:08:08.38 PM,1.6987519999999998
619.6,6:08:08.48 PM,1.6987519999999998
619.7,6:08:08.59 PM,1.6987519999999998
619.8,6:08:08.69 PM,1.6987519999999998
619.9,6:08:08.80 PM,1.6987519999999998
620.0,6:08:08.90 PM,1.6987519999999998
620.1,6:08:09.00 PM,1.6987519999999998
620.2,6:08:09.10 PM,1.6987519999999998
620.3,6:08:09.21 PM,1.6987519999999998
620.4,6:08:09.31 PM,1.6987519999999998
620.5,6:08:09.41 PM,1.6987519999999998
620.6,6:08:09.51 PM,1.6987519999999998
620.7,6:08:09.62 PM,1.6987519999999998
620.8,6:08:09.73 PM,1.6987519999999998
620.9,6:08:09.83 PM,1.6987519999999998
621.0,6:08:09.90 PM,1.6987519999999998
621.1,6:08:10.03 PM,1.6987519999999998
621.2,6:08:10.10 PM,1.7971007999999997
621.3,6:08:10.20 PM,1.7971007999999997
621.4,6:08:10.30 PM,1.7971007999999997
621.5,6:08:10.40 PM,1.7971007999999997
621.6,6:08:10.50 PM,1.7971007999999997
621.7,6:08:10.60 PM,1.7971007999999997
621.8,6:08:10.70 PM,1.7971007999999997
621.9,6:08:10.80 PM,1.7971007999999997
622.0,6:08:10.90 PM,1.7971007999999997
622.1,6:08:11.00 PM,1.7971007999999997
622.2,6:08:11.10 PM,1.7971007999999997
622.3,6:08:11.20 PM,1.7971007999999997
622.4,6:08:11.30 PM,1.7971007999999997
622.5,6:08:11.40 PM,1.7971007999999997
622.6,6:08:11.46 PM,1.7971007999999997
622.7,6:08:11.56 PM,1.7971007999999997
622.8,6:08:11.67 PM,1.7971007999999997
622.9,6:08:11.77 PM,1.7971007999999997
623.0,6:08:11.88 PM,1.7971007999999997
623.1,6:08:11.98 PM,1.7971007999999997
623.2,6:08:12.08 PM,1.7971007999999997
623.3,6:08:12.19 PM,1.7971007999999997
623.4,6:08:12.29 PM,1.7971007999999997
623.5,6:08:12.39 PM,1.7971007999999997
623.6,6:08:12.50 PM,1.7971007999999997
623.7,6:08:12.61 PM,1.7971007999999997
623.8,6:08:12.70 PM,1.7971007999999997
623.9,6:08:12.81 PM,1.7971007999999997
624.0,6:08:12.91 PM,1.7971007999999997
624.1,6:08:13.01 PM,1.7971007999999997
624.2,6:08:13.11 PM,1.7971007999999997
624.3,6:08:13.21 PM,1.7971007999999997
624.4,6:08:13.32 PM,1.7971007999999997
624.5,6:08:13.42 PM,1.7971007999999997
624.6,6:08:13.52 PM,1.7971007999999997
624.7,6:08:13.63 PM,1.7971007999999997
624.8,6:08:13.73 PM,1.7971007999999997
624.9,6:08:13.80 PM,1.7971007999999997
625.0,6:08:13.90 PM,1.7971007999999997
625.1,6:08:14.00 PM,1.7971007999999997
625.2,6:08:14.10 PM,1.7971007999999997
625.3,6:08:14.20 PM,1.7971007999999997
625.4,6:08:14.30 PM,1.7971007999999997
625.5,6:08:14.40 PM,1.7971007999999997
625.6,6:08:14.50 PM,1.7971007999999997
625.7,6:08:14.60 PM,1.7971007999999997
625.8,6:08:14.66 PM,1.7971007999999997
625.9,6:08:14.76 PM,1.7971007999999997
626.0,6:08:14.86 PM,1.7971007999999997
626.1,6:08:14.97 PM,1.7971007999999997
626.2,6:08:15.10 PM,1.7971007999999997
626.3,6:08:15.17 PM,1.7971007999999997
626.4,6:08:15.27 PM,1.7971007999999997
626.5,6:08:15.38 PM,1.7971007999999997
626.6,6:08:15.48 PM,1.7971007999999997
626.7,6:08:15.59 PM,1.7971007999999997
626.8,6:08:15.69 PM,1.7971007999999997
626.9,6:08:15.79 PM,1.7971007999999997
627.0,6:08:15.89 PM,1.7971007999999997
627.1,6:08:15.99 PM,1.7971007999999997
627.2,6:08:16.10 PM,1.7971007999999997
627.3,6:08:16.20 PM,1.89992
627.4,6:08:16.31 PM,1.89992
627.5,6:08:16.41 PM,1.89992
627.6,6:08:16.51 PM,1.89992
627.7,6:08:16.61 PM,1.89992
627.8,6:08:16.71 PM,1.89992
627.9,6:08:16.80 PM,1.89992
628.0,6:08:16.92 PM,1.89992
628.1,6:08:17.02 PM,1.89992
628.2,6:08:17.12 PM,1.89992
628.3,6:08:17.20 PM,1.89992
628.4,6:08:17.30 PM,1.89992
628.5,6:08:17.40 PM,1.89992
628.6,6:08:17.50 PM,1.89992
628.7,6:08:17.60 PM,1.9982688
628.8,6:08:17.70 PM,1.9982688
628.9,6:08:17.80 PM,1.9982688
629.0,6:08:17.90 PM,1.9982688
629.1,6:08:18.00 PM,1.9982688
629.2,6:08:18.10 PM,1.9982688
629.3,6:08:18.16 PM,1.9982688
629.4,6:08:18.27 PM,1.9982688
629.5,6:08:18.37 PM,1.9982688
629.6,6:08:18.47 PM,1.9982688
629.7,6:08:18.58 PM,1.9982688
629.8,6:08:18.68 PM,1.9982688
629.9,6:08:18.78 PM,1.9982688
630.0,6:08:18.88 PM,1.9982688
630.1,6:08:18.99 PM,1.9982688
630.2,6:08:19.09 PM,1.9982688
630.3,6:08:19.20 PM,1.9982688
630.4,6:08:19.29 PM,1.9982688
630.5,6:08:19.39 PM,1.9982688
630.6,6:08:19.50 PM,1.9982688
630.7,6:08:19.60 PM,1.89992
630.8,6:08:19.70 PM,1.89992
630.9,6:08:19.80 PM,1.89992
631.0,6:08:19.91 PM,1.89992
631.1,6:08:20.01 PM,1.89992
631.2,6:08:20.12 PM,1.89992
631.3,6:08:20.21 PM,1.89992
631.4,6:08:20.32 PM,1.89992
631.5,6:08:20.42 PM,1.89992
631.6,6:08:20.50 PM,1.89992
631.7,6:08:20.62 PM,1.89992
631.8,6:08:20.73 PM,1.89992
631.9,6:08:20.83 PM,1.89992
632.0,6:08:20.93 PM,1.9982688
632.1,6:08:21.00 PM,1.9982688
632.2,6:08:21.10 PM,1.9982688
632.3,6:08:21.20 PM,1.9982688
632.4,6:08:21.30 PM,1.9982688
632.5,6:08:21.40 PM,1.9982688
632.6,6:08:21.50 PM,1.9982688
632.7,6:08:21.60 PM,1.9982688
632.8,6:08:21.66 PM,1.9982688
632.9,6:08:21.76 PM,1.9982688
633.0,6:08:21.90 PM,1.9982688
633.1,6:08:21.97 PM,1.9982688
633.2,6:08:22.07 PM,1.9982688
633.3,6:08:22.18 PM,1.9982688
633.4,6:08:22.28 PM,1.9982688
633.5,6:08:22.38 PM,1.9982688
633.6,6:08:22.48 PM,1.9982688
633.7,6:08:22.59 PM,1.9982688
633.8,6:08:22.69 PM,1.9982688
633.9,6:08:22.79 PM,1.9982688
634.0,6:08:22.89 PM,1.9982688
634.1,6:08:23.00 PM,1.9982688
634.2,6:08:23.10 PM,1.9982688
634.3,6:08:23.21 PM,1.9982688
634.4,6:08:23.31 PM,1.89992
634.5,6:08:23.42 PM,1.89992
634.6,6:08:23.50 PM,1.89992
634.7,6:08:23.62 PM,1.89992
634.8,6:08:23.70 PM,1.89992
634.9,6:08:23.80 PM,1.89992
635.0,6:08:23.90 PM,1.89992
635.1,6:08:24.03 PM,1.89992
635.2,6:08:24.13 PM,1.89992
635.3,6:08:24.20 PM,1.89992
635.4,6:08:24.30 PM,1.89992
635.5,6:08:24.40 PM,1.89992
635.6,6:08:24.50 PM,1.89992
635.7,6:08:24.60 PM,1.89992
635.8,6:08:24.70 PM,1.89992
635.9,6:08:24.80 PM,1.89992
636.0,6:08:24.90 PM,1.89992
636.1,6:08:25.00 PM,1.89992
636.2,6:08:25.10 PM,1.89992
636.3,6:08:25.16 PM,1.89992
636.4,6:08:25.27 PM,1.89992
636.5,6:08:25.37 PM,1.89992
636.6,6:08:25.47 PM,1.89992
636.7,6:08:25.58 PM,1.89992
636.8,6:08:25.68 PM,1.89992
636.9,6:08:25.78 PM,1.89992
637.0,6:08:25.88 PM,1.89992
637.1,6:08:25.99 PM,1.89992
637.2,6:08:26.09 PM,1.89992
637.3,6:08:26.19 PM,1.89992
637.4,6:08:26.29 PM,1.89992
637.5,6:08:26.39 PM,1.89992
637.6,6:08:26.50 PM,1.89992
637.7,6:08:26.61 PM,1.89992
637.8,6:08:26.71 PM,1.89992
637.9,6:08:26.81 PM,1.89992
638.0,6:08:26.92 PM,1.89992
638.1,6:08:27.02 PM,1.89992
638.2,6:08:27.12 PM,1.89992
638.3,6:08:27.23 PM,1.89992
638.4,6:08:27.33 PM,1.89992
638.5,6:08:27.43 PM,1.89992
638.6,6:08:27.53 PM,1.89992
638.7,6:08:27.63 PM,1.89992
638.8,6:08:27.70 PM,1.89992
638.9,6:08:27.80 PM,1.89992
639.0,6:08:27.90 PM,1.89992
639.1,6:08:28.00 PM,1.7971007999999997
639.2,6:08:28.10 PM,1.7971007999999997
639.3,6:08:28.16 PM,1.7971007999999997
639.4,6:08:28.27 PM,1.7971007999999997
639.5,6:08:28.37 PM,1.7971007999999997
639.6,6:08:28.47 PM,1.7971007999999997
639.7,6:08:28.58 PM,1.7971007999999997
639.8,6:08:28.68 PM,1.7971007999999997
639.9,6:08:28.78 PM,1.7971007999999997
640.0,6:08:28.89 PM,1.7971007999999997
640.1,6:08:28.99 PM,1.7971007999999997
640.2,6:08:29.09 PM,1.7971007999999997
640.3,6:08:29.19 PM,1.7971007999999997
640.4,6:08:29.30 PM,1.7971007999999997
640.5,6:08:29.40 PM,1.7971007999999997
640.6,6:08:29.50 PM,1.7971007999999997
640.7,6:08:29.60 PM,1.7971007999999997
640.8,6:08:29.71 PM,1.6987519999999998
640.9,6:08:29.80 PM,1.6987519999999998
641.0,6:08:29.92 PM,1.6987519999999998
641.1,6:08:30.03 PM,1.6987519999999998
641.2,6:08:30.10 PM,1.6987519999999998
641.3,6:08:30.20 PM,1.6987519999999998
641.4,6:08:30.33 PM,1.6987519999999998
641.5,6:08:30.40 PM,1.6987519999999998
641.6,6:08:30.50 PM,1.6987519999999998
641.7,6:08:30.60 PM,1.6987519999999998
641.8,6:08:30.70 PM,1.6987519999999998
641.9,6:08:30.80 PM,1.5959328
642.0,6:08:30.90 PM,1.5959328
642.1,6:08:31.00 PM,1.5959328
642.2,6:08:31.10 PM,1.5959328
642.3,6:08:31.16 PM,1.5959328
642.4,6:08:31.26 PM,1.5959328
642.5,6:08:31.37 PM,1.5959328
642.6,6:08:31.47 PM,1.5959328
642.7,6:08:31.57 PM,1.5959328
642.8,6:08:31.68 PM,1.5959328
642.9,6:08:31.78 PM,1.5959328
643.0,6:08:31.88 PM,1.5959328
643.1,6:08:31.98 PM,1.5959328
643.2,6:08:32.09 PM,1.5959328
643.3,6:08:32.19 PM,1.5959328
643.4,6:08:32.30 PM,1.5959328
643.5,6:08:32.40 PM,1.5959328
643.6,6:08:32.50 PM,1.5959328
643.7,6:08:32.60 PM,1.5959328
643.8,6:08:32.71 PM,1.5959328
643.9,6:08:32.80 PM,1.497584
644.0,6:08:32.91 PM,1.497584
644.1,6:08:33.02 PM,1.497584
644.2,6:08:33.12 PM,1.497584
644.3,6:08:33.23 PM,1.497584
644.4,6:08:33.33 PM,1.497584
644.5,6:08:33.43 PM,1.497584
644.6,6:08:33.50 PM,1.497584
644.7,6:08:33.60 PM,1.497584
644.8,6:08:33.70 PM,1.497584
644.9,6:08:33.80 PM,1.497584
645.0,6:08:33.90 PM,1.497584
645.1,6:08:34.00 PM,1.3992352
645.2,6:08:34.10 PM,1.3992352
645.3,6:08:34.20 PM,1.3992352
645.4,6:08:34.26 PM,1.3992352
645.5,6:08:34.37 PM,1.3992352
645.6,6:08:34.47 PM,1.3992352
645.7,6:08:34.57 PM,1.3992352
645.8,6:08:34.68 PM,1.3992352
645.9,6:08:34.78 PM,1.3992352
646.0,6:08:34.89 PM,1.3992352
646.1,6:08:34.99 PM,1.3992352
646.2,6:08:35.09 PM,1.3992352
646.3,6:08:35.19 PM,1.3992352
646.4,6:08:35.30 PM,1.3992352
646.5,6:08:35.40 PM,1.3992352
646.6,6:08:35.50 PM,1.497584
646.7,6:08:35.60 PM,1.497584
646.8,6:08:35.71 PM,1.497584
646.9,6:08:35.81 PM,1.497584
647.0,6:08:35.91 PM,1.3992352
647.1,6:08:36.00 PM,1.3992352
647.2,6:08:36.12 PM,1.3992352
647.3,6:08:36.23 PM,1.3992352
647.4,6:08:36.33 PM,1.3992352
647.5,6:08:36.43 PM,1.3992352
647.6,6:08:36.53 PM,1.3992352
647.7,6:08:36.63 PM,1.3992352
647.8,6:08:36.70 PM,1.3992352
647.9,6:08:36.80 PM,1.3992352
648.0,6:08:36.90 PM,1.3992352
648.1,6:08:37.00 PM,1.3992352
648.2,6:08:37.10 PM,1.3992352
648.3,6:08:37.20 PM,1.3992352
648.4,6:08:37.30 PM,1.3992352
648.5,6:08:37.40 PM,1.3992352
648.6,6:08:37.50 PM,1.3992352
648.7,6:08:37.60 PM,1.3992352
648.8,6:08:37.66 PM,1.296416
648.9,6:08:37.77 PM,1.296416
649.0,6:08:37.87 PM,1.296416
649.1,6:08:37.98 PM,1.296416
649.2,6:08:38.08 PM,1.296416
649.3,6:08:38.18 PM,1.296416
649.4,6:08:38.29 PM,1.296416
649.5,6:08:38.39 PM,1.296416
649.6,6:08:38.49 PM,1.296416
649.7,6:08:38.60 PM,1.296416
649.8,6:08:38.70 PM,1.296416
649.9,6:08:38.80 PM,1.296416
650.0,6:08:38.91 PM,1.296416
650.1,6:08:39.01 PM,1.296416
650.2,6:08:39.11 PM,1.296416
650.3,6:08:39.22 PM,1.296416
650.4,6:08:39.30 PM,1.296416
650.5,6:08:39.42 PM,1.296416
650.6,6:08:39.52 PM,1.296416
650.7,6:08:39.62 PM,1.3992352
650.8,6:08:39.73 PM,1.3992352
650.9,6:08:39.83 PM,1.3992352
651.0,6:08:39.94 PM,1.3992352
651.1,6:08:40.00 PM,1.3992352
651.2,6:08:40.10 PM,1.3992352
651.3,6:08:40.20 PM,1.3992352
651.4,6:08:40.30 PM,1.3992352
651.5,6:08:40.40 PM,1.3992352
651.6,6:08:40.50 PM,1.3992352
651.7,6:08:40.60 PM,1.3992352
651.8,6:08:40.70 PM,1.3992352
651.9,6:08:40.80 PM,1.3992352
652.0,6:08:40.90 PM,1.3992352
652.1,6:08:40.96 PM,1.3992352
652.2,6:08:41.06 PM,1.3992352
652.3,6:08:41.17 PM,1.3992352
652.4,6:08:41.27 PM,1.3992352
652.5,6:08:41.37 PM,1.296416
652.6,6:08:41.48 PM,1.296416
652.7,6:08:41.59 PM,1.296416
652.8,6:08:41.69 PM,1.296416
652.9,6:08:41.79 PM,1.296416
653.0,6:08:41.89 PM,1.296416
653.1,6:08:41.99 PM,1.296416
653.2,6:08:42.10 PM,1.296416
653.3,6:08:42.20 PM,1.296416
653.4,6:08:42.30 PM,1.296416
653.5,6:08:42.40 PM,1.296416
653.6,6:08:42.50 PM,1.296416
653.7,6:08:42.61 PM,1.296416
653.8,6:08:42.71 PM,1.1980672
653.9,6:08:42.81 PM,1.1980672
654.0,6:08:42.91 PM,1.1980672
654.1,6:08:43.01 PM,1.1980672
654.2,6:08:43.12 PM,1.1980672
654.3,6:08:43.22 PM,1.1980672
654.4,6:08:43.33 PM,1.1980672
654.5,6:08:43.43 PM,1.1980672
654.6,6:08:43.54 PM,1.1980672
654.7,6:08:43.60 PM,1.1980672
654.8,6:08:43.70 PM,1.1980672
654.9,6:08:43.80 PM,1.1980672
655.0,6:08:43.90 PM,1.1980672
655.1,6:08:44.00 PM,1.0997184
655.2,6:08:44.10 PM,1.0997184
655.3,6:08:44.16 PM,1.0997184
655.4,6:08:44.26 PM,1.0997184
655.5,6:08:44.36 PM,1.0997184
655.6,6:08:44.46 PM,1.0997184
655.7,6:08:44.56 PM,1.0997184
655.8,6:08:44.70 PM,1.0997184
655.9,6:08:44.77 PM,1.0997184
656.0,6:08:44.87 PM,1.0997184
656.1,6:08:44.97 PM,1.0997184
656.2,6:08:45.07 PM,1.0997184
656.3,6:08:45.18 PM,1.0997184
656.4,6:08:45.28 PM,0.9968992
656.5,6:08:45.39 PM,0.9968992
656.6,6:08:45.50 PM,0.9968992
656.7,6:08:45.59 PM,0.9968992
656.8,6:08:45.69 PM,0.9968992
656.9,6:08:45.80 PM,0.9968992
657.0,6:08:45.90 PM,0.9968992
657.1,6:08:46.00 PM,0.9968992
657.2,6:08:46.10 PM,0.9968992
657.3,6:08:46.21 PM,0.9968992
657.4,6:08:46.31 PM,0.9968992
657.5,6:08:46.41 PM,0.9968992
657.6,6:08:46.51 PM,0.9968992
657.7,6:08:46.60 PM,0.9968992
657.8,6:08:46.72 PM,0.8985503999999999
657.9,6:08:46.82 PM,0.8985503999999999
658.0,6:08:46.92 PM,0.8985503999999999
658.1,6:08:47.03 PM,0.8985503999999999
658.2,6:08:47.13 PM,0.8985503999999999
658.3,6:08:47.23 PM,0.8985503999999999
658.4,6:08:47.34 PM,0.8985503999999999
658.5,6:08:47.40 PM,0.8985503999999999
658.6,6:08:47.50 PM,0.8985503999999999
658.7,6:08:47.60 PM,0.8985503999999999
658.8,6:08:47.70 PM,0.8985503999999999
658.9,6:08:47.80 PM,0.8985503999999999
659.0,6:08:47.90 PM,0.8985503999999999
659.1,6:08:48.00 PM,0.8985503999999999
659.2,6:08:48.10 PM,0.8985503999999999
659.3,6:08:48.20 PM,0.8985503999999999
659.4,6:08:48.30 PM,0.8985503999999999
659.5,6:08:48.36 PM,0.9968992
659.6,6:08:48.46 PM,0.9968992
659.7,6:08:48.56 PM,0.9968992
659.8,6:08:48.70 PM,0.9968992
659.9,6:08:48.78 PM,0.8985503999999999
660.0,6:08:48.88 PM,0.8985503999999999
660.1,6:08:48.98 PM,0.8985503999999999
660.2,6:08:49.08 PM,0.8985503999999999
660.3,6:08:49.19 PM,0.8985503999999999
660.4,6:08:49.29 PM,0.8985503999999999
660.5,6:08:49.40 PM,0.8985503999999999
660.6,6:08:49.50 PM,0.8985503999999999
660.7,6:08:49.60 PM,0.8985503999999999
660.8,6:08:49.70 PM,0.8985503999999999
660.9,6:08:49.80 PM,0.8985503999999999
661.0,6:08:49.91 PM,0.8985503999999999
661.1,6:08:50.01 PM,0.8985503999999999
661.2,6:08:50.11 PM,0.8985503999999999
661.3,6:08:50.21 PM,0.8985503999999999
661.4,6:08:50.32 PM,0.8985503999999999
661.5,6:08:50.42 PM,0.8985503999999999
661.6,6:08:50.50 PM,0.8985503999999999
661.7,6:08:50.60 PM,0.8985503999999999
661.8,6:08:50.73 PM,0.8985503999999999
661.9,6:08:50.83 PM,0.8985503999999999
662.0,6:08:50.93 PM,0.8985503999999999
662.1,6:08:51.00 PM,0.8985503999999999
662.2,6:08:51.10 PM,0.8985503999999999
662.3,6:08:51.20 PM,0.8985503999999999
662.4,6:08:51.30 PM,0.8985503999999999
662.5,6:08:51.40 PM,0.9968992
662.6,6:08:51.50 PM,0.9968992
662.7,6:08:51.60 PM,0.9968992
662.8,6:08:51.70 PM,0.9968992
662.9,6:08:51.80 PM,0.9968992
663.0,6:08:51.90 PM,0.9968992
663.1,6:08:51.96 PM,0.9968992
663.2,6:08:52.06 PM,0.9968992
663.3,6:08:52.17 PM,0.9968992
663.4,6:08:52.27 PM,1.0997184
663.5,6:08:52.37 PM,1.0997184
663.6,6:08:52.47 PM,1.0997184
663.7,6:08:52.57 PM,1.0997184
663.8,6:08:52.68 PM,1.0997184
663.9,6:08:52.78 PM,1.0997184
664.0,6:08:52.88 PM,1.0997184
664.1,6:08:52.98 PM,1.0997184
664.2,6:08:53.09 PM,1.0997184
664.3,6:08:53.19 PM,1.0997184
664.4,6:08:53.29 PM,1.0997184
664.5,6:08:53.40 PM,1.0997184
664.6,6:08:53.50 PM,1.0997184
664.7,6:08:53.60 PM,1.0997184
664.8,6:08:53.70 PM,1.0997184
664.9,6:08:53.81 PM,1.0997184
665.0,6:08:53.91 PM,1.0997184
665.1,6:08:54.01 PM,1.0997184
665.2,6:08:54.12 PM,1.0997184
665.3,6:08:54.22 PM,1.0997184
665.4,6:08:54.33 PM,1.0997184
665.5,6:08:54.43 PM,1.0997184
665.6,6:08:54.53 PM,1.0997184
665.7,6:08:54.60 PM,1.0997184
665.8,6:08:54.70 PM,1.1980672
665.9,6:08:54.80 PM,1.1980672
666.0,6:08:54.90 PM,1.1980672
666.1,6:08:55.00 PM,1.1980672
666.2,6:08:55.10 PM,1.1980672
666.3,6:08:55.20 PM,1.1980672
666.4,6:08:55.26 PM,1.1980672
666.5,6:08:55.36 PM,1.1980672
666.6,6:08:55.47 PM,1.1980672
666.7,6:08:55.60 PM,1.1980672
666.8,6:08:55.68 PM,1.1980672
666.9,6:08:55.78 PM,1.296416
667.0,6:08:55.88 PM,1.296416
667.1,6:08:55.98 PM,1.296416
667.2,6:08:56.08 PM,1.296416
667.3,6:08:56.19 PM,1.296416
667.4,6:08:56.29 PM,1.296416
667.5,6:08:56.39 PM,1.296416
667.6,6:08:56.50 PM,1.296416
667.7,6:08:56.60 PM,1.296416
667.8,6:08:56.71 PM,1.296416
667.9,6:08:56.81 PM,1.296416
668.0,6:08:56.91 PM,1.296416
668.1,6:08:57.02 PM,1.296416
668.2,6:08:57.12 PM,1.296416
668.3,6:08:57.23 PM,1.296416
668.4,6:08:57.33 PM,1.296416
668.5,6:08:57.40 PM,1.296416
668.6,6:08:57.50 PM,1.296416
668.7,6:08:57.60 PM,1.296416
668.8,6:08:57.70 PM,1.296416
668.9,6:08:57.80 PM,1.296416
669.0,6:08:57.90 PM,1.296416
669.1,6:08:58.00 PM,1.296416
669.2,6:08:58.10 PM,1.296416
669.3,6:08:58.20 PM,1.296416
669.4,6:08:58.30 PM,1.296416
669.5,6:08:58.36 PM,1.296416
669.6,6:08:58.46 PM,1.1980672
669.7,6:08:58.57 PM,1.1980672
669.8,6:08:58.67 PM,1.1980672
669.9,6:08:58.78 PM,1.1980672
670.0,6:08:58.88 PM,1.1980672
670.1,6:08:58.98 PM,1.1980672
670.2,6:08:59.08 PM,1.1980672
670.3,6:08:59.19 PM,1.1980672
670.4,6:08:59.29 PM,1.1980672
670.5,6:08:59.39 PM,1.1980672
670.6,6:08:59.49 PM,1.1980672
670.7,6:08:59.60 PM,1.1980672
670.8,6:08:59.70 PM,1.1980672
670.9,6:08:59.80 PM,1.1980672
671.0,6:08:59.91 PM,1.1980672
671.1,6:09:00.01 PM,1.1980672
671.2,6:09:00.11 PM,1.1980672
671.3,6:09:00.21 PM,1.1980672
671.4,6:09:00.32 PM,1.1980672
671.5,6:09:00.42 PM,1.0997184
671.6,6:09:00.52 PM,1.0997184
671.7,6:09:00.63 PM,1.0997184
671.8,6:09:00.73 PM,1.0997184
671.9,6:09:00.80 PM,1.0997184
672.0,6:09:00.90 PM,1.0997184
672.1,6:09:01.04 PM,1.0997184
672.2,6:09:01.10 PM,1.0997184
672.3,6:09:01.20 PM,1.0997184
672.4,6:09:01.30 PM,1.0997184
672.5,6:09:01.40 PM,1.0997184
672.6,6:09:01.50 PM,1.0997184
672.7,6:09:01.60 PM,1.0997184
672.8,6:09:01.70 PM,1.0997184
672.9,6:09:01.80 PM,1.1980672
673.0,6:09:01.90 PM,1.1980672
673.1,6:09:02.00 PM,1.1980672
673.2,6:09:02.06 PM,1.1980672
673.3,6:09:02.16 PM,1.1980672
673.4,6:09:02.26 PM,1.1980672
673.5,6:09:02.37 PM,1.1980672
673.6,6:09:02.47 PM,1.1980672
673.7,6:09:02.57 PM,1.1980672
673.8,6:09:02.68 PM,1.1980672
673.9,6:09:02.78 PM,1.1980672
674.0,6:09:02.88 PM,1.1980672
674.1,6:09:02.99 PM,1.1980672
674.2,6:09:03.09 PM,1.1980672
674.3,6:09:03.19 PM,1.1980672
674.4,6:09:03.30 PM,1.1980672
674.5,6:09:03.40 PM,1.1980672
674.6,6:09:03.50 PM,1.1980672
674.7,6:09:03.60 PM,1.1980672
674.8,6:09:03.70 PM,1.1980672
674.9,6:09:03.81 PM,1.1980672
675.0,6:09:03.91 PM,1.1980672
675.1,6:09:04.01 PM,1.1980672
675.2,6:09:04.11 PM,1.1980672
675.3,6:09:04.21 PM,1.1980672
675.4,6:09:04.32 PM,1.1980672
675.5,6:09:04.42 PM,1.1980672
675.6,6:09:04.52 PM,1.1980672
675.7,6:09:04.62 PM,1.1980672
675.8,6:09:04.73 PM,1.1980672
675.9,6:09:04.80 PM,1.1980672
676.0,6:09:04.93 PM,1.1980672
676.1,6:09:05.03 PM,1.1980672
676.2,6:09:05.14 PM,1.1980672
676.3,6:09:05.20 PM,1.1980672
676.4,6:09:05.30 PM,1.1980672
676.5,6:09:05.40 PM,1.1980672
676.6,6:09:05.50 PM,1.1980672
676.7,6:09:05.60 PM,1.1980672
676.8,6:09:05.70 PM,1.1980672
676.9,6:09:05.80 PM,1.1980672
677.0,6:09:05.90 PM,1.1980672
677.1,6:09:05.96 PM,1.1980672
677.2,6:09:06.06 PM,1.1980672
677.3,6:09:06.17 PM,1.1980672
677.4,6:09:06.27 PM,1.1980672
677.5,6:09:06.38 PM,1.1980672
677.6,6:09:06.48 PM,1.1980672
677.7,6:09:06.58 PM,1.1980672
677.8,6:09:06.68 PM,1.1980672
677.9,6:09:06.79 PM,1.1980672
678.0,6:09:06.89 PM,1.1980672
678.1,6:09:06.99 PM,1.1980672
678.2,6:09:07.09 PM,1.1980672
678.3,6:09:07.20 PM,1.1980672
678.4,6:09:07.30 PM,1.1980672
678.5,6:09:07.40 PM,1.1980672
678.6,6:09:07.51 PM,1.1980672
678.7,6:09:07.61 PM,1.1980672
678.8,6:09:07.71 PM,1.1980672
678.9,6:09:07.81 PM,1.1980672
679.0,6:09:07.92 PM,1.1980672
679.1,6:09:08.02 PM,1.1980672
679.2,6:09:08.13 PM,1.1980672
679.3,6:09:08.23 PM,1.1980672
679.4,6:09:08.30 PM,1.1980672
679.5,6:09:08.40 PM,1.1980672
679.6,6:09:08.50 PM,1.1980672
679.7,6:09:08.60 PM,1.1980672
679.8,6:09:08.70 PM,1.1980672
679.9,6:09:08.80 PM,1.1980672
680.0,6:09:08.90 PM,1.1980672
680.1,6:09:09.00 PM,1.1980672
680.2,6:09:09.10 PM,1.1980672
680.3,6:09:09.16 PM,1.1980672
680.4,6:09:09.26 PM,1.1980672
680.5,6:09:09.37 PM,1.1980672
680.6,6:09:09.47 PM,1.1980672
680.7,6:09:09.58 PM,1.1980672
680.8,6:09:09.68 PM,1.1980672
680.9,6:09:09.78 PM,1.1980672
681.0,6:09:09.89 PM,1.1980672
681.1,6:09:09.99 PM,1.0997184
681.2,6:09:10.09 PM,1.0997184
681.3,6:09:10.19 PM,1.0997184
681.4,6:09:10.30 PM,1.0997184
681.5,6:09:10.40 PM,1.0997184
681.6,6:09:10.50 PM,1.0997184
681.7,6:09:10.60 PM,1.0997184
681.8,6:09:10.71 PM,1.0997184
681.9,6:09:10.81 PM,1.0997184
682.0,6:09:10.91 PM,1.0997184
682.1,6:09:11.02 PM,1.0997184
682.2,6:09:11.12 PM,1.1980672
682.3,6:09:11.23 PM,1.1980672
682.4,6:09:11.30 PM,1.1980672
682.5,6:09:11.40 PM,1.1980672
682.6,6:09:11.50 PM,1.1980672
682.7,6:09:11.60 PM,1.1980672
682.8,6:09:11.70 PM,1.1980672
682.9,6:09:11.80 PM,1.1980672
683.0,6:09:11.90 PM,1.1980672
683.1,6:09:12.00 PM,1.1980672
683.2,6:09:12.10 PM,1.1980672
683.3,6:09:12.16 PM,1.1980672
683.4,6:09:12.26 PM,1.1980672
683.5,6:09:12.37 PM,1.1980672
683.6,6:09:12.47 PM,1.1980672
683.7,6:09:12.57 PM,1.1980672
683.8,6:09:12.68 PM,1.1980672
683.9,6:09:12.78 PM,1.1980672
684.0,6:09:12.88 PM,1.1980672
684.1,6:09:12.99 PM,1.1980672
684.2,6:09:13.09 PM,1.1980672
684.3,6:09:13.19 PM,1.1980672
684.4,6:09:13.29 PM,1.1980672
684.5,6:09:13.40 PM,1.1980672
684.6,6:09:13.50 PM,1.1980672
684.7,6:09:13.60 PM,1.1980672
684.8,6:09:13.70 PM,1.1980672
684.9,6:09:13.81 PM,1.1980672
685.0,6:09:13.91 PM,1.1980672
685.1,6:09:14.01 PM,1.1980672
685.2,6:09:14.11 PM,1.1980672
685.3,6:09:14.22 PM,1.0997184
685.4,6:09:14.33 PM,1.0997184
685.5,6:09:14.43 PM,1.0997184
685.6,6:09:14.50 PM,1.0997184
685.7,6:09:14.60 PM,1.1980672
685.8,6:09:14.70 PM,1.1980672
685.9,6:09:14.80 PM,1.1980672
686.0,6:09:14.90 PM,1.1980672
686.1,6:09:15.00 PM,1.1980672
686.2,6:09:15.10 PM,1.1980672
686.3,6:09:15.20 PM,1.1980672
686.4,6:09:15.30 PM,1.1980672
686.5,6:09:15.40 PM,1.1980672
686.6,6:09:15.46 PM,1.1980672
686.7,6:09:15.56 PM,1.1980672
686.8,6:09:15.67 PM,1.1980672
686.9,6:09:15.77 PM,1.1980672
687.0,6:09:15.87 PM,1.1980672
687.1,6:09:16.00 PM,1.1980672
687.2,6:09:16.08 PM,1.1980672
687.3,6:09:16.18 PM,1.1980672
687.4,6:09:16.29 PM,1.1980672
687.5,6:09:16.39 PM,1.1980672
687.6,6:09:16.49 PM,1.1980672
687.7,6:09:16.59 PM,1.1980672
687.8,6:09:16.70 PM,1.1980672
687.9,6:09:16.80 PM,1.1980672
688.0,6:09:16.90 PM,1.1980672
688.1,6:09:17.00 PM,1.1980672
688.2,6:09:17.11 PM,1.1980672
688.3,6:09:17.21 PM,1.1980672
688.4,6:09:17.31 PM,1.1980672
688.5,6:09:17.41 PM,1.1980672
688.6,6:09:17.51 PM,1.1980672
688.7,6:09:17.62 PM,1.1980672
688.8,6:09:17.70 PM,1.1980672
688.9,6:09:17.83 PM,1.1980672
689.0,6:09:17.90 PM,1.1980672
689.1,6:09:18.00 PM,1.1980672
689.2,6:09:18.10 PM,1.1980672
689.3,6:09:18.20 PM,1.1980672
689.4,6:09:18.30 PM,1.1980672
689.5,6:09:18.40 PM,1.1980672
689.6,6:09:18.50 PM,1.1980672
689.7,6:09:18.60 PM,1.1980672
689.8,6:09:18.66 PM,1.1980672
689.9,6:09:18.76 PM,1.1980672
690.0,6:09:18.87 PM,1.1980672
690.1,6:09:18.97 PM,1.1980672
690.2,6:09:19.07 PM,1.1980672
690.3,6:09:19.18 PM,1.1980672
690.4,6:09:19.28 PM,1.1980672
690.5,6:09:19.39 PM,1.1980672
690.6,6:09:19.49 PM,1.1980672
690.7,6:09:19.59 PM,1.1980672
690.8,6:09:19.69 PM,1.1980672
690.9,6:09:19.80 PM,1.1980672
691.0,6:09:19.90 PM,1.1980672
691.1,6:09:20.00 PM,1.1980672
691.2,6:09:20.10 PM,1.1980672
691.3,6:09:20.21 PM,1.1980672
691.4,6:09:20.31 PM,1.1980672
691.5,6:09:20.41 PM,1.1980672
691.6,6:09:20.51 PM,1.1980672
691.7,6:09:20.60 PM,1.1980672
691.8,6:09:20.73 PM,1.1980672
691.9,6:09:20.83 PM,1.1980672
692.0,6:09:20.93 PM,1.1980672
692.1,6:09:21.00 PM,1.1980672
692.2,6:09:21.10 PM,1.1980672
692.3,6:09:21.20 PM,1.1980672
692.4,6:09:21.30 PM,1.1980672
692.5,6:09:21.40 PM,1.0997184
692.6,6:09:21.50 PM,1.0997184
692.7,6:09:21.60 PM,1.0997184
692.8,6:09:21.66 PM,1.0997184
692.9,6:09:21.76 PM,1.0997184
693.0,6:09:21.86 PM,1.0997184
693.1,6:09:21.97 PM,1.0997184
693.2,6:09:22.08 PM,1.0997184
693.3,6:09:22.18 PM,1.0997184
693.4,6:09:22.30 PM,1.0997184
693.5,6:09:22.39 PM,1.0997184
693.6,6:09:22.49 PM,1.0997184
693.7,6:09:22.60 PM,1.0997184
693.8,6:09:22.70 PM,1.0997184
693.9,6:09:22.80 PM,1.0997184
694.0,6:09:22.90 PM,1.0997184
694.1,6:09:23.01 PM,1.0997184
694.2,6:09:23.11 PM,1.0997184
694.3,6:09:23.21 PM,1.0997184
694.4,6:09:23.32 PM,1.0997184
694.5,6:09:23.42 PM,1.0997184
694.6,6:09:23.52 PM,1.0997184
694.7,6:09:23.62 PM,1.0997184
694.8,6:09:23.73 PM,1.0997184
694.9,6:09:23.80 PM,1.0997184
695.0,6:09:23.94 PM,1.0997184
695.1,6:09:24.00 PM,1.0997184
695.2,6:09:24.10 PM,1.0997184
695.3,6:09:24.20 PM,0.9968992
695.4,6:09:24.30 PM,0.9968992
695.5,6:09:24.40 PM,0.9968992
695.6,6:09:24.50 PM,0.9968992
695.7,6:09:24.60 PM,0.9968992
695.8,6:09:24.70 PM,0.9968992
695.9,6:09:24.76 PM,0.9968992
696.0,6:09:24.90 PM,0.9968992
696.1,6:09:24.97 PM,0.9968992
696.2,6:09:25.07 PM,0.9968992
696.3,6:09:25.17 PM,0.9968992
696.4,6:09:25.28 PM,0.9968992
696.5,6:09:25.38 PM,0.9968992
696.6,6:09:25.48 PM,0.9968992
696.7,6:09:25.59 PM,0.9968992
696.8,6:09:25.69 PM,0.9968992
696.9,6:09:25.79 PM,0.9968992
697.0,6:09:25.89 PM,0.9968992
697.1,6:09:26.00 PM,0.9968992
697.2,6:09:26.10 PM,0.9968992
697.3,6:09:26.20 PM,0.9968992
697.4,6:09:26.31 PM,0.9968992
697.5,6:09:26.41 PM,0.9968992
697.6,6:09:26.50 PM,0.9968992
697.7,6:09:26.62 PM,0.9968992
697.8,6:09:26.70 PM,0.9968992
697.9,6:09:26.82 PM,0.9968992
698.0,6:09:26.92 PM,0.9968992
698.1,6:09:27.03 PM,0.9968992
698.2,6:09:27.13 PM,0.9968992
698.3,6:09:27.20 PM,0.9968992
698.4,6:09:27.30 PM,0.9968992
698.5,6:09:27.40 PM,0.9968992
698.6,6:09:27.50 PM,0.9968992
698.7,6:09:27.60 PM,0.9968992
698.8,6:09:27.70 PM,0.9968992
698.9,6:09:27.80 PM,0.9968992
699.0,6:09:27.90 PM,0.9968992
699.1,6:09:28.00 PM,0.9968992
699.2,6:09:28.10 PM,0.9968992
699.3,6:09:28.16 PM,0.9968992
699.4,6:09:28.26 PM,0.9968992
699.5,6:09:28.36 PM,1.0997184
699.6,6:09:28.47 PM,1.0997184
699.7,6:09:28.57 PM,1.0997184
699.8,6:09:28.70 PM,1.0997184
699.9,6:09:28.77 PM,1.0997184
700.0,6:09:28.88 PM,1.0997184
700.1,6:09:28.98 PM,1.0997184
700.2,6:09:29.08 PM,1.0997184
700.3,6:09:29.18 PM,1.0997184
700.4,6:09:29.29 PM,1.0997184
700.5,6:09:29.39 PM,1.0997184
700.6,6:09:29.49 PM,1.0997184
700.7,6:09:29.59 PM,1.0997184
700.8,6:09:29.69 PM,1.0997184
700.9,6:09:29.80 PM,1.0997184
701.0,6:09:29.90 PM,1.0997184
701.1,6:09:30.00 PM,1.0997184
701.2,6:09:30.11 PM,1.0997184
701.3,6:09:30.22 PM,1.0997184
701.4,6:09:30.32 PM,1.0997184
701.5,6:09:30.42 PM,1.0997184
701.6,6:09:30.52 PM,1.0997184
701.7,6:09:30.63 PM,1.0997184
701.8,6:09:30.73 PM,1.0997184
701.9,6:09:30.83 PM,1.0997184
702.0,6:09:30.90 PM,1.0997184
702.1,6:09:31.00 PM,1.0997184
702.2,6:09:31.10 PM,1.0997184
702.3,6:09:31.20 PM,1.0997184
702.4,6:09:31.30 PM,1.0997184
702.5,6:09:31.40 PM,1.0997184
702.6,6:09:31.50 PM,1.0997184
702.7,6:09:31.60 PM,1.0997184
702.8,6:09:31.66 PM,1.0997184
702.9,6:09:31.76 PM,1.0997184
703.0,6:09:31.90 PM,1.0997184
703.1,6:09:32.00 PM,1.0997184
703.2,6:09:32.07 PM,1.0997184
703.3,6:09:32.18 PM,1.0997184
703.4,6:09:32.29 PM,1.0997184
703.5,6:09:32.39 PM,1.0997184
703.6,6:09:32.49 PM,1.0997184
703.7,6:09:32.59 PM,1.0997184
703.8,6:09:32.70 PM,1.0997184
703.9,6:09:32.79 PM,1.0997184
704.0,6:09:32.90 PM,1.0997184
704.1,6:09:33.00 PM,1.0997184
704.2,6:09:33.10 PM,1.0997184
704.3,6:09:33.21 PM,1.0997184
704.4,6:09:33.31 PM,1.0997184
704.5,6:09:33.41 PM,1.1980672
704.6,6:09:33.51 PM,1.1980672
704.7,6:09:33.61 PM,1.1980672
704.8,6:09:33.72 PM,1.1980672
704.9,6:09:33.80 PM,1.1980672
705.0,6:09:33.93 PM,1.1980672
705.1,6:09:34.03 PM,1.1980672
705.2,6:09:34.10 PM,1.1980672
705.3,6:09:34.20 PM,1.1980672
705.4,6:09:34.30 PM,1.1980672
705.5,6:09:34.40 PM,1.1980672
705.6,6:09:34.50 PM,1.1980672
705.7,6:09:34.60 PM,1.1980672
705.8,6:09:34.70 PM,1.1980672
705.9,6:09:34.80 PM,1.1980672
706.0,6:09:34.90 PM,1.1980672
706.1,6:09:35.00 PM,1.1980672
706.2,6:09:35.06 PM,1.1980672
706.3,6:09:35.16 PM,1.1980672
706.4,6:09:35.27 PM,1.1980672
706.5,6:09:35.37 PM,1.296416
706.6,6:09:35.47 PM,1.296416
706.7,6:09:35.57 PM,1.296416
706.8,6:09:35.67 PM,1.296416
706.9,6:09:35.78 PM,1.296416
707.0,6:09:35.88 PM,1.296416
707.1,6:09:35.98 PM,1.296416
707.2,6:09:36.08 PM,1.296416
707.3,6:09:36.19 PM,1.296416
707.4,6:09:36.30 PM,1.296416
707.5,6:09:36.40 PM,1.296416
707.6,6:09:36.50 PM,1.296416
707.7,6:09:36.61 PM,1.3992352
707.8,6:09:36.71 PM,1.3992352
707.9,6:09:36.81 PM,1.3992352
708.0,6:09:36.91 PM,1.3992352
708.1,6:09:37.01 PM,1.3992352
708.2,6:09:37.12 PM,1.3992352
708.3,6:09:37.22 PM,1.3992352
708.4,6:09:37.32 PM,1.3992352
708.5,6:09:37.43 PM,1.3992352
708.6,6:09:37.54 PM,1.3992352
708.7,6:09:37.60 PM,1.497584
708.8,6:09:37.70 PM,1.497584
708.9,6:09:37.80 PM,1.497584
709.0,6:09:37.90 PM,1.497584
709.1,6:09:38.00 PM,1.497584
709.2,6:09:38.10 PM,1.497584
709.3,6:09:38.20 PM,1.497584
709.4,6:09:38.30 PM,1.497584
709.5,6:09:38.40 PM,1.497584
709.6,6:09:38.47 PM,1.497584
709.7,6:09:38.57 PM,1.5959328
709.8,6:09:38.68 PM,1.5959328
709.9,6:09:38.78 PM,1.5959328
710.0,6:09:38.89 PM,1.5959328
710.1,6:09:38.99 PM,1.5959328
710.2,6:09:39.09 PM,1.5959328
710.3,6:09:39.19 PM,1.5959328
710.4,6:09:39.30 PM,1.5959328
710.5,6:09:39.40 PM,1.5959328
710.6,6:09:39.50 PM,1.5959328
710.7,6:09:39.60 PM,1.5959328
710.8,6:09:39.70 PM,1.6987519999999998
710.9,6:09:39.81 PM,1.6987519999999998
711.0,6:09:39.91 PM,1.6987519999999998
711.1,6:09:40.01 PM,1.6987519999999998
711.2,6:09:40.11 PM,1.6987519999999998
711.3,6:09:40.22 PM,1.6987519999999998
711.4,6:09:40.32 PM,1.6987519999999998
711.5,6:09:40.42 PM,1.6987519999999998
711.6,6:09:40.52 PM,1.6987519999999998
711.7,6:09:40.60 PM,1.6987519999999998
711.8,6:09:40.73 PM,1.6987519999999998
711.9,6:09:40.80 PM,1.6987519999999998
712.0,6:09:40.93 PM,1.6987519999999998
712.1,6:09:41.00 PM,1.6987519999999998
712.2,6:09:41.10 PM,1.6987519999999998
712.3,6:09:41.20 PM,1.6987519999999998
712.4,6:09:41.30 PM,1.7971007999999997
712.5,6:09:41.40 PM,1.7971007999999997
712.6,6:09:41.50 PM,1.7971007999999997
712.7,6:09:41.60 PM,1.7971007999999997
712.8,6:09:41.66 PM,1.7971007999999997
712.9,6:09:41.77 PM,1.7971007999999997
713.0,6:09:41.87 PM,1.7971007999999997
713.1,6:09:41.98 PM,1.7971007999999997
713.2,6:09:42.08 PM,1.7971007999999997
713.3,6:09:42.18 PM,1.7971007999999997
713.4,6:09:42.28 PM,1.7971007999999997
713.5,6:09:42.38 PM,1.7971007999999997
713.6,6:09:42.49 PM,1.7971007999999997
713.7,6:09:42.59 PM,1.7971007999999997
713.8,6:09:42.69 PM,1.7971007999999997
713.9,6:09:42.80 PM,1.7971007999999997
714.0,6:09:42.90 PM,1.7971007999999997
714.1,6:09:43.00 PM,1.7971007999999997
714.2,6:09:43.11 PM,1.7971007999999997
714.3,6:09:43.21 PM,1.7971007999999997
714.4,6:09:43.32 PM,1.89992
714.5,6:09:43.42 PM,1.89992
714.6,6:09:43.52 PM,1.89992
714.7,6:09:43.62 PM,1.89992
714.8,6:09:43.73 PM,1.89992
714.9,6:09:43.80 PM,1.89992
715.0,6:09:43.93 PM,1.89992
715.1,6:09:44.03 PM,1.89992
715.2,6:09:44.10 PM,1.89992
715.3,6:09:44.20 PM,1.89992
715.4,6:09:44.30 PM,1.89992
715.5,6:09:44.40 PM,1.89992
715.6,6:09:44.50 PM,1.89992
715.7,6:09:44.60 PM,1.89992
715.8,6:09:44.70 PM,1.89992
715.9,6:09:44.80 PM,1.89992
716.0,6:09:44.90 PM,1.89992
716.1,6:09:45.00 PM,1.89992
716.2,6:09:45.06 PM,1.89992
716.3,6:09:45.16 PM,1.89992
716.4,6:09:45.27 PM,1.89992
716.5,6:09:45.37 PM,1.89992
716.6,6:09:45.48 PM,1.89992
716.7,6:09:45.58 PM,1.89992
716.8,6:09:45.68 PM,1.89992
716.9,6:09:45.79 PM,1.89992
717.0,6:09:45.90 PM,1.89992
717.1,6:09:46.00 PM,1.89992
717.2,6:09:46.10 PM,1.89992
717.3,6:09:46.21 PM,1.89992
717.4,6:09:46.31 PM,1.89992
717.5,6:09:46.41 PM,1.89992
717.6,6:09:46.52 PM,1.89992
717.7,6:09:46.62 PM,1.89992
717.8,6:09:46.72 PM,1.89992
717.9,6:09:46.82 PM,1.89992
718.0,6:09:46.92 PM,1.89992
718.1,6:09:47.02 PM,1.89992
718.2,6:09:47.13 PM,1.89992
718.3,6:09:47.23 PM,1.89992
718.4,6:09:47.33 PM,1.89992
718.5,6:09:47.43 PM,1.89992
718.6,6:09:47.50 PM,1.89992
718.7,6:09:47.60 PM,1.89992
718.8,6:09:47.70 PM,1.89992
718.9,6:09:47.80 PM,1.89992
719.0,6:09:47.90 PM,1.89992
719.1,6:09:48.00 PM,1.89992
719.2,6:09:48.10 PM,1.89992
719.3,6:09:48.20 PM,1.89992
719.4,6:09:48.30 PM,1.89992
719.5,6:09:48.40 PM,1.89992
719.6,6:09:48.46 PM,1.89992
719.7,6:09:48.57 PM,1.7971007999999997
719.8,6:09:48.70 PM,1.7971007999999997
719.9,6:09:48.77 PM,1.7971007999999997
720.0,6:09:48.87 PM,1.7971007999999997
720.1,6:09:48.98 PM,1.7971007999999997
720.2,6:09:49.08 PM,1.7971007999999997
720.3,6:09:49.18 PM,1.7971007999999997
720.4,6:09:49.29 PM,1.7971007999999997
720.5,6:09:49.40 PM,1.7971007999999997
720.6,6:09:49.50 PM,1.7971007999999997
720.7,6:09:49.60 PM,1.7971007999999997
720.8,6:09:49.70 PM,1.7971007999999997
720.9,6:09:49.81 PM,1.7971007999999997
721.0,6:09:49.91 PM,1.7971007999999997
721.1,6:09:50.01 PM,1.7971007999999997
721.2,6:09:50.12 PM,1.7971007999999997
721.3,6:09:50.22 PM,1.7971007999999997
721.4,6:09:50.32 PM,1.7971007999999997
721.5,6:09:50.40 PM,1.7971007999999997
721.6,6:09:50.50 PM,1.7971007999999997
721.7,6:09:50.60 PM,1.7971007999999997
721.8,6:09:50.70 PM,1.7971007999999997
721.9,6:09:50.80 PM,1.7971007999999997
722.0,6:09:50.90 PM,1.7971007999999997
722.1,6:09:51.00 PM,1.7971007999999997
722.2,6:09:51.10 PM,1.7971007999999997
722.3,6:09:51.16 PM,1.7971007999999997
722.4,6:09:51.27 PM,1.7971007999999997
722.5,6:09:51.37 PM,1.7971007999999997
722.6,6:09:51.47 PM,1.7971007999999997
722.7,6:09:51.57 PM,1.7971007999999997
722.8,6:09:51.70 PM,1.7971007999999997
722.9,6:09:51.78 PM,1.7971007999999997
723.0,6:09:51.88 PM,1.7971007999999997
723.1,6:09:51.98 PM,1.7971007999999997
723.2,6:09:52.08 PM,1.7971007999999997
723.3,6:09:52.19 PM,1.7971007999999997
723.4,6:09:52.29 PM,1.7971007999999997
723.5,6:09:52.39 PM,1.7971007999999997
723.6,6:09:52.50 PM,1.7971007999999997
723.7,6:09:52.60 PM,1.7971007999999997
723.8,6:09:52.70 PM,1.7971007999999997
723.9,6:09:52.80 PM,1.7971007999999997
724.0,6:09:52.91 PM,1.7971007999999997
724.1,6:09:53.01 PM,1.7971007999999997
724.2,6:09:53.11 PM,1.7971007999999997
724.3,6:09:53.21 PM,1.7971007999999997
724.4,6:09:53.31 PM,1.7971007999999997
724.5,6:09:53.42 PM,1.7971007999999997
724.6,6:09:53.52 PM,1.7971007999999997
724.7,6:09:53.62 PM,1.7971007999999997
724.8,6:09:53.73 PM,1.7971007999999997
724.9,6:09:53.83 PM,1.7971007999999997
725.0,6:09:53.93 PM,1.7971007999999997
725.1,6:09:54.03 PM,1.7971007999999997
725.2,6:09:54.10 PM,1.7971007999999997
725.3,6:09:54.20 PM,1.7971007999999997
725.4,6:09:54.30 PM,1.7971007999999997
725.5,6:09:54.40 PM,1.7971007999999997
725.6,6:09:54.50 PM,1.7971007999999997
725.7,6:09:54.60 PM,1.7971007999999997
725.8,6:09:54.70 PM,1.7971007999999997
725.9,6:09:54.80 PM,1.7971007999999997
726.0,6:09:54.87 PM,1.7971007999999997
726.1,6:09:54.97 PM,1.7971007999999997
726.2,6:09:55.07 PM,1.7971007999999997
726.3,6:09:55.18 PM,1.7971007999999997
726.4,6:09:55.28 PM,1.7971007999999997
726.5,6:09:55.39 PM,1.7971007999999997
726.6,6:09:55.49 PM,1.7971007999999997
726.7,6:09:55.60 PM,1.7971007999999997
726.8,6:09:55.70 PM,1.7971007999999997
726.9,6:09:55.80 PM,1.7971007999999997
727.0,6:09:55.90 PM,1.7971007999999997
727.1,6:09:56.00 PM,1.89992
727.2,6:09:56.11 PM,1.89992
727.3,6:09:56.21 PM,1.89992
727.4,6:09:56.31 PM,1.89992
727.5,6:09:56.41 PM,1.89992
727.6,6:09:56.52 PM,1.89992
727.7,6:09:56.60 PM,1.89992
727.8,6:09:56.73 PM,1.89992
727.9,6:09:56.80 PM,1.89992
728.0,6:09:56.93 PM,1.89992
728.1,6:09:57.03 PM,1.89992
728.2,6:09:57.10 PM,1.89992
728.3,6:09:57.24 PM,1.89992
728.4,6:09:57.30 PM,1.89992
728.5,6:09:57.40 PM,1.89992
728.6,6:09:57.50 PM,1.89992
728.7,6:09:57.60 PM,1.89992
728.8,6:09:57.70 PM,1.89992
728.9,6:09:57.80 PM,1.89992
729.0,6:09:57.90 PM,1.89992
729.1,6:09:58.00 PM,1.89992
729.2,6:09:58.10 PM,1.89992
729.3,6:09:58.16 PM,1.89992
729.4,6:09:58.28 PM,1.89992
729.5,6:09:58.38 PM,1.89992
729.6,6:09:58.48 PM,1.89992
729.7,6:09:58.58 PM,1.89992
729.8,6:09:58.69 PM,1.89992
729.9,6:09:58.79 PM,1.89992
730.0,6:09:58.89 PM,1.89992
730.1,6:09:58.99 PM,1.89992
730.2,6:09:59.10 PM,1.89992
730.3,6:09:59.20 PM,1.89992
730.4,6:09:59.31 PM,1.89992
730.5,6:09:59.41 PM,1.89992
730.6,6:09:59.51 PM,1.89992
730.7,6:09:59.62 PM,1.89992
730.8,6:09:59.72 PM,1.89992
730.9,6:09:59.82 PM,1.89992
731.0,6:09:59.92 PM,1.89992
731.1,6:10:00.02 PM,1.89992
731.2,6:10:00.13 PM,1.89992
731.3,6:10:00.20 PM,1.89992
731.4,6:10:00.30 PM,1.89992
731.5,6:10:00.43 PM,1.89992
731.6,6:10:00.50 PM,1.89992
731.7,6:10:00.60 PM,1.89992
731.8,6:10:00.70 PM,1.89992
731.9,6:10:00.80 PM,1.89992
732.0,6:10:00.90 PM,1.89992
732.1,6:10:01.00 PM,1.89992
732.2,6:10:01.10 PM,1.89992
732.3,6:10:01.20 PM,1.89992
732.4,6:10:01.26 PM,1.89992
732.5,6:10:01.36 PM,1.89992
732.6,6:10:01.47 PM,1.89992
732.7,6:10:01.57 PM,1.89992
732.8,6:10:01.68 PM,1.89992
732.9,6:10:01.78 PM,1.89992
733.0,6:10:01.88 PM,1.89992
733.1,6:10:01.98 PM,1.89992
733.2,6:10:02.09 PM,1.89992
733.3,6:10:02.19 PM,1.89992
733.4,6:10:02.29 PM,1.89992
733.5,6:10:02.40 PM,1.89992
733.6,6:10:02.50 PM,1.89992
733.7,6:10:02.60 PM,1.89992
733.8,6:10:02.71 PM,1.89992
733.9,6:10:02.81 PM,1.89992
734.0,6:10:02.91 PM,1.89992
734.1,6:10:03.01 PM,1.89992
734.2,6:10:03.12 PM,1.89992
734.3,6:10:03.20 PM,1.89992
734.4,6:10:03.33 PM,1.89992
734.5,6:10:03.43 PM,1.89992
734.6,6:10:03.53 PM,1.89992
734.7,6:10:03.63 PM,1.89992
734.8,6:10:03.70 PM,1.89992
734.9,6:10:03.80 PM,1.89992
735.0,6:10:03.90 PM,1.89992
735.1,6:10:04.00 PM,1.89992
735.2,6:10:04.10 PM,1.89992
735.3,6:10:04.20 PM,1.89992
735.4,6:10:04.30 PM,1.89992
735.5,6:10:04.40 PM,1.89992
735.6,6:10:04.47 PM,1.89992
735.7,6:10:04.56 PM,1.89992
735.8,6:10:04.70 PM,1.89992
735.9,6:10:04.77 PM,1.89992
736.0,6:10:04.87 PM,1.89992
736.1,6:10:04.97 PM,1.89992
736.2,6:10:05.07 PM,1.89992
736.3,6:10:05.20 PM,1.89992
736.4,6:10:05.28 PM,1.89992
736.5,6:10:05.38 PM,1.9982688
736.6,6:10:05.49 PM,1.9982688
736.7,6:10:05.59 PM,1.9982688
736.8,6:10:05.69 PM,1.9982688
736.9,6:10:05.80 PM,1.9982688
737.0,6:10:05.90 PM,1.9982688
737.1,6:10:06.00 PM,1.9982688
737.2,6:10:06.11 PM,1.89992
737.3,6:10:06.21 PM,1.89992
737.4,6:10:06.31 PM,1.89992
737.5,6:10:06.41 PM,1.89992
737.6,6:10:06.51 PM,1.9982688
737.7,6:10:06.60 PM,1.9982688
737.8,6:10:06.70 PM,1.9982688
737.9,6:10:06.83 PM,1.9982688
738.0,6:10:06.90 PM,1.9982688
738.1,6:10:07.03 PM,1.9982688
738.2,6:10:07.14 PM,1.9982688
738.3,6:10:07.20 PM,1.9982688
738.4,6:10:07.30 PM,1.9982688
738.5,6:10:07.40 PM,1.9982688
738.6,6:10:07.50 PM,1.9982688
738.7,6:10:07.60 PM,1.9982688
738.8,6:10:07.70 PM,1.9982688
738.9,6:10:07.80 PM,1.9982688
739.0,6:10:07.90 PM,1.9982688
739.1,6:10:08.00 PM,1.9982688
739.2,6:10:08.10 PM,1.9982688
739.3,6:10:08.16 PM,1.9982688
739.4,6:10:08.26 PM,1.9982688
739.5,6:10:08.37 PM,1.9982688
739.6,6:10:08.47 PM,1.9982688
739.7,6:10:08.57 PM,1.9982688
739.8,6:10:08.70 PM,1.9982688
739.9,6:10:08.78 PM,1.9982688
740.0,6:10:08.88 PM,1.9982688
740.1,6:10:08.99 PM,1.9982688
740.2,6:10:09.09 PM,1.9982688
740.3,6:10:09.19 PM,1.9982688
740.4,6:10:09.30 PM,1.9982688
740.5,6:10:09.40 PM,1.9982688
740.6,6:10:09.50 PM,1.9982688
740.7,6:10:09.61 PM,1.9982688
740.8,6:10:09.71 PM,1.9982688
740.9,6:10:09.80 PM,1.9982688
741.0,6:10:09.90 PM,1.9982688
741.1,6:10:10.02 PM,1.9982688
741.2,6:10:10.13 PM,1.9982688
741.3,6:10:10.20 PM,1.9982688
741.4,6:10:10.33 PM,1.9982688
741.5,6:10:10.43 PM,1.9982688
741.6,6:10:10.50 PM,1.9982688
741.7,6:10:10.60 PM,1.9982688
741.8,6:10:10.70 PM,1.9982688
741.9,6:10:10.80 PM,1.9982688
742.0,6:10:10.90 PM,1.9982688
742.1,6:10:11.00 PM,1.9982688
742.2,6:10:11.10 PM,1.9982688
742.3,6:10:11.20 PM,1.9982688
742.4,6:10:11.30 PM,1.9982688
742.5,6:10:11.40 PM,1.9982688
742.6,6:10:11.50 PM,1.9982688
742.7,6:10:11.56 PM,1.9982688
742.8,6:10:11.66 PM,1.9982688
742.9,6:10:11.77 PM,1.9982688
743.0,6:10:11.87 PM,1.9982688
743.1,6:10:11.97 PM,1.9982688
743.2,6:10:12.07 PM,1.9982688
743.3,6:10:12.18 PM,1.9982688
743.4,6:10:12.28 PM,1.9982688
743.5,6:10:12.38 PM,1.9982688
743.6,6:10:12.49 PM,1.9982688
743.7,6:10:12.59 PM,1.9982688
743.8,6:10:12.70 PM,1.9982688
743.9,6:10:12.80 PM,1.9982688
744.0,6:10:12.90 PM,1.9982688
744.1,6:10:13.00 PM,2.0966176
744.2,6:10:13.11 PM,2.0966176
744.3,6:10:13.21 PM,2.0966176
744.4,6:10:13.31 PM,2.0966176
744.5,6:10:13.42 PM,2.0966176
744.6,6:10:13.52 PM,2.0966176
744.7,6:10:13.63 PM,2.0966176
744.8,6:10:13.70 PM,2.0966176
744.9,6:10:13.80 PM,2.0966176
745.0,6:10:13.90 PM,2.0966176
745.1,6:10:14.00 PM,2.0966176
745.2,6:10:14.10 PM,2.0966176
745.3,6:10:14.20 PM,2.0966176
745.4,6:10:14.30 PM,2.0966176
745.5,6:10:14.40 PM,2.0966176
745.6,6:10:14.50 PM,2.0966176
745.7,6:10:14.60 PM,2.0966176
745.8,6:10:14.70 PM,2.0966176
745.9,6:10:14.80 PM,2.0966176
746.0,6:10:14.90 PM,2.0966176
746.1,6:10:14.96 PM,2.0966176
746.2,6:10:15.06 PM,2.0966176
746.3,6:10:15.17 PM,2.0966176
746.4,6:10:15.27 PM,2.0966176
746.5,6:10:15.37 PM,2.0966176
746.6,6:10:15.47 PM,2.0966176
746.7,6:10:15.58 PM,1.9982688
746.8,6:10:15.68 PM,1.9982688
746.9,6:10:15.79 PM,1.9982688
747.0,6:10:15.89 PM,1.9982688
747.1,6:10:15.99 PM,2.0966176
747.2,6:10:16.10 PM,2.0966176
747.3,6:10:16.20 PM,2.0966176
747.4,6:10:16.30 PM,2.0966176
747.5,6:10:16.40 PM,2.0966176
747.6,6:10:16.50 PM,2.0966176
747.7,6:10:16.61 PM,2.0966176
747.8,6:10:16.71 PM,2.0966176
747.9,6:10:16.82 PM,2.0966176
748.0,6:10:16.90 PM,2.0966176
748.1,6:10:17.02 PM,2.0966176
748.2,6:10:17.13 PM,1.9982688
748.3,6:10:17.23 PM,1.9982688
748.4,6:10:17.30 PM,1.9982688
748.5,6:10:17.40 PM,1.9982688
748.6,6:10:17.50 PM,1.9982688
748.7,6:10:17.60 PM,1.9982688
748.8,6:10:17.70 PM,1.9982688
748.9,6:10:17.76 PM,1.9982688
749.0,6:10:17.86 PM,1.9982688
749.1,6:10:17.97 PM,1.9982688
749.2,6:10:18.07 PM,1.9982688
749.3,6:10:18.18 PM,1.9982688
749.4,6:10:18.28 PM,1.9982688
749.5,6:10:18.38 PM,2.0966176
749.6,6:10:18.49 PM,2.0966176
749.7,6:10:18.59 PM,2.0966176
749.8,6:10:18.69 PM,2.0966176
749.9,6:10:18.80 PM,2.0966176
750.0,6:10:18.90 PM,2.0966176
750.1,6:10:19.00 PM,2.0966176
750.2,6:10:19.11 PM,2.0966176
750.3,6:10:19.21 PM,2.0966176
750.4,6:10:19.32 PM,2.0966176
750.5,6:10:19.42 PM,2.0966176
750.6,6:10:19.52 PM,1.9982688
750.7,6:10:19.63 PM,1.9982688
750.8,6:10:19.73 PM,1.9982688
750.9,6:10:19.80 PM,1.9982688
751.0,6:10:19.93 PM,1.9982688
751.1,6:10:20.03 PM,1.9982688
751.2,6:10:20.10 PM,1.9982688
751.3,6:10:20.20 PM,1.9982688
751.4,6:10:20.30 PM,1.9982688
751.5,6:10:20.40 PM,1.9982688
751.6,6:10:20.50 PM,1.9982688
751.7,6:10:20.60 PM,1.9982688
751.8,6:10:20.70 PM,1.9982688
751.9,6:10:20.80 PM,1.9982688
752.0,6:10:20.90 PM,1.9982688
752.1,6:10:20.96 PM,1.9982688
752.2,6:10:21.06 PM,1.9982688
752.3,6:10:21.17 PM,1.9982688
752.4,6:10:21.27 PM,1.9982688
752.5,6:10:21.37 PM,1.9982688
752.6,6:10:21.48 PM,1.9982688
752.7,6:10:21.58 PM,1.9982688
752.8,6:10:21.69 PM,1.9982688
752.9,6:10:21.79 PM,1.9982688
753.0,6:10:21.89 PM,1.9982688
753.1,6:10:22.00 PM,1.9982688
753.2,6:10:22.10 PM,1.9982688
753.3,6:10:22.20 PM,1.9982688
753.4,6:10:22.30 PM,1.9982688
753.5,6:10:22.40 PM,1.9982688
753.6,6:10:22.51 PM,1.9982688
753.7,6:10:22.61 PM,1.89992
753.8,6:10:22.72 PM,1.89992
753.9,6:10:22.82 PM,1.89992
754.0,6:10:22.92 PM,1.89992
754.1,6:10:23.02 PM,1.89992
754.2,6:10:23.13 PM,1.89992
754.3,6:10:23.20 PM,1.89992
754.4,6:10:23.30 PM,1.89992
754.5,6:10:23.40 PM,1.89992
754.6,6:10:23.50 PM,1.89992
754.7,6:10:23.60 PM,1.89992
754.8,6:10:23.70 PM,1.89992
754.9,6:10:23.76 PM,1.89992
755.0,6:10:23.90 PM,1.89992
755.1,6:10:23.96 PM,1.89992
755.2,6:10:24.06 PM,1.89992
755.3,6:10:24.17 PM,1.89992
755.4,6:10:24.27 PM,1.89992
755.5,6:10:24.40 PM,1.89992
755.6,6:10:24.47 PM,1.89992
755.7,6:10:24.57 PM,1.89992
755.8,6:10:24.68 PM,1.89992
755.9,6:10:24.79 PM,1.89992
756.0,6:10:24.89 PM,1.89992
756.1,6:10:25.00 PM,1.89992
756.2,6:10:25.10 PM,1.89992
756.3,6:10:25.20 PM,1.89992
756.4,6:10:25.31 PM,1.89992
756.5,6:10:25.41 PM,1.89992
756.6,6:10:25.51 PM,1.89992
756.7,6:10:25.61 PM,1.89992
756.8,6:10:25.71 PM,1.89992
756.9,6:10:25.80 PM,1.89992
757.0,6:10:25.92 PM,1.89992
757.1,6:10:26.03 PM,1.89992
757.2,6:10:26.13 PM,1.89992
757.3,6:10:26.24 PM,1.89992
757.4,6:10:26.30 PM,1.89992
757.5,6:10:26.40 PM,1.89992
757.6,6:10:26.50 PM,1.89992
757.7,6:10:26.60 PM,1.89992
757.8,6:10:26.70 PM,1.89992
757.9,6:10:26.80 PM,1.89992
758.0,6:10:26.90 PM,1.89992
758.1,6:10:27.00 PM,1.89992
758.2,6:10:27.10 PM,1.89992
758.3,6:10:27.16 PM,1.89992
758.4,6:10:27.26 PM,1.89992
758.5,6:10:27.37 PM,1.89992
758.6,6:10:27.47 PM,1.7971007999999997
758.7,6:10:27.57 PM,1.7971007999999997
758.8,6:10:27.67 PM,1.7971007999999997
758.9,6:10:27.78 PM,1.7971007999999997
759.0,6:10:27.89 PM,1.7971007999999997
759.1,6:10:27.99 PM,1.7971007999999997
759.2,6:10:28.09 PM,1.7971007999999997
759.3,6:10:28.20 PM,1.7971007999999997
759.4,6:10:28.30 PM,1.7971007999999997
759.5,6:10:28.40 PM,1.7971007999999997
759.6,6:10:28.50 PM,1.7971007999999997
759.7,6:10:28.61 PM,1.7971007999999997
759.8,6:10:28.71 PM,1.7971007999999997
759.9,6:10:28.80 PM,1.7971007999999997
760.0,6:10:28.92 PM,1.7971007999999997
760.1,6:10:29.02 PM,1.7971007999999997
760.2,6:10:29.12 PM,1.7971007999999997
760.3,6:10:29.20 PM,1.7971007999999997
760.4,6:10:29.33 PM,1.6987519999999998
760.5,6:10:29.40 PM,1.6987519999999998
760.6,6:10:29.53 PM,1.6987519999999998
760.7,6:10:29.63 PM,1.6987519999999998
760.8,6:10:29.70 PM,1.6987519999999998
760.9,6:10:29.80 PM,1.6987519999999998
761.0,6:10:29.90 PM,1.6987519999999998
761.1,6:10:30.00 PM,1.6987519999999998
761.2,6:10:30.10 PM,1.6987519999999998
761.3,6:10:30.20 PM,1.6987519999999998
761.4,6:10:30.30 PM,1.6987519999999998
761.5,6:10:30.40 PM,1.6987519999999998
761.6,6:10:30.46 PM,1.6987519999999998
761.7,6:10:30.56 PM,1.6987519999999998
761.8,6:10:30.66 PM,1.6987519999999998
761.9,6:10:30.77 PM,1.6987519999999998
762.0,6:10:30.87 PM,1.6987519999999998
762.1,6:10:30.97 PM,1.6987519999999998
762.2,6:10:31.07 PM,1.6987519999999998
762.3,6:10:31.18 PM,1.6987519999999998
762.4,6:10:31.28 PM,1.6987519999999998
762.5,6:10:31.38 PM,1.6987519999999998
762.6,6:10:31.48 PM,1.6987519999999998
762.7,6:10:31.58 PM,1.6987519999999998
762.8,6:10:31.69 PM,1.6987519999999998
762.9,6:10:31.79 PM,1.6987519999999998
763.0,6:10:31.90 PM,1.6987519999999998
763.1,6:10:32.00 PM,1.5959328
763.2,6:10:32.10 PM,1.5959328
763.3,6:10:32.21 PM,1.5959328
763.4,6:10:32.31 PM,1.5959328
763.5,6:10:32.42 PM,1.5959328
763.6,6:10:32.50 PM,1.5959328
763.7,6:10:32.63 PM,1.5959328
763.8,6:10:32.73 PM,1.5959328
763.9,6:10:32.80 PM,1.5959328
764.0,6:10:32.94 PM,1.5959328
764.1,6:10:33.00 PM,1.5959328
764.2,6:10:33.10 PM,1.5959328
764.3,6:10:33.20 PM,1.5959328
764.4,6:10:33.30 PM,1.5959328
764.5,6:10:33.40 PM,1.5959328
764.6,6:10:33.50 PM,1.5959328
764.7,6:10:33.60 PM,1.5959328
764.8,6:10:33.70 PM,1.5959328
764.9,6:10:33.76 PM,1.5959328
765.0,6:10:33.86 PM,1.5959328
765.1,6:10:33.97 PM,1.5959328
765.2,6:10:34.07 PM,1.5959328
765.3,6:10:34.17 PM,1.5959328
765.4,6:10:34.28 PM,1.5959328
765.5,6:10:34.39 PM,1.5959328
765.6,6:10:34.49 PM,1.5959328
765.7,6:10:34.59 PM,1.5959328
765.8,6:10:34.69 PM,1.5959328
765.9,6:10:34.79 PM,1.5959328
766.0,6:10:34.90 PM,1.5959328
766.1,6:10:35.00 PM,1.5959328
766.2,6:10:35.10 PM,1.5959328
766.3,6:10:35.21 PM,1.497584
766.4,6:10:35.31 PM,1.497584
766.5,6:10:35.42 PM,1.497584
766.6,6:10:35.52 PM,1.497584
766.7,6:10:35.60 PM,1.497584
766.8,6:10:35.73 PM,1.497584
766.9,6:10:35.80 PM,1.497584
767.0,6:10:35.93 PM,1.497584
767.1,6:10:36.00 PM,1.497584
767.2,6:10:36.10 PM,1.497584
767.3,6:10:36.20 PM,1.497584
767.4,6:10:36.30 PM,1.497584
767.5,6:10:36.40 PM,1.497584
767.6,6:10:36.50 PM,1.497584
767.7,6:10:36.60 PM,1.497584
767.8,6:10:36.70 PM,1.497584
767.9,6:10:36.80 PM,1.497584
768.0,6:10:36.90 PM,1.497584
768.1,6:10:36.96 PM,1.497584
768.2,6:10:37.06 PM,1.497584
768.3,6:10:37.17 PM,1.497584
768.4,6:10:37.27 PM,1.497584
768.5,6:10:37.37 PM,1.497584
768.6,6:10:37.47 PM,1.497584
768.7,6:10:37.58 PM,1.497584
768.8,6:10:37.68 PM,1.497584
768.9,6:10:37.78 PM,1.497584
769.0,6:10:37.89 PM,1.497584
769.1,6:10:37.99 PM,1.497584
769.2,6:10:38.09 PM,1.497584
769.3,6:10:38.19 PM,1.497584
769.4,6:10:38.30 PM,1.497584
769.5,6:10:38.40 PM,1.497584
769.6,6:10:38.50 PM,1.497584
769.7,6:10:38.61 PM,1.497584
769.8,6:10:38.71 PM,1.497584
769.9,6:10:38.81 PM,1.497584
770.0,6:10:38.91 PM,1.497584
770.1,6:10:39.01 PM,1.497584
770.2,6:10:39.12 PM,1.497584
770.3,6:10:39.20 PM,1.497584
770.4,6:10:39.33 PM,1.497584
770.5,6:10:39.43 PM,1.497584
770.6,6:10:39.50 PM,1.497584
770.7,6:10:39.64 PM,1.497584
770.8,6:10:39.70 PM,1.497584
770.9,6:10:39.80 PM,1.497584
771.0,6:10:39.90 PM,1.497584
771.1,6:10:40.00 PM,1.497584
771.2,6:10:40.10 PM,1.497584
771.3,6:10:40.20 PM,1.497584
771.4,6:10:40.30 PM,1.497584
771.5,6:10:40.36 PM,1.497584
771.6,6:10:40.46 PM,1.497584
771.7,6:10:40.56 PM,1.497584
771.8,6:10:40.67 PM,1.497584
771.9,6:10:40.77 PM,1.497584
772.0,6:10:40.88 PM,1.497584
772.1,6:10:40.98 PM,1.497584
772.2,6:10:41.08 PM,1.497584
772.3,6:10:41.19 PM,1.3992352
772.4,6:10:41.29 PM,1.3992352
772.5,6:10:41.39 PM,1.3992352
772.6,6:10:41.50 PM,1.3992352
772.7,6:10:41.60 PM,1.3992352
772.8,6:10:41.70 PM,1.3992352
772.9,6:10:41.81 PM,1.3992352
773.0,6:10:41.90 PM,1.3992352
773.1,6:10:42.01 PM,1.3992352
773.2,6:10:42.12 PM,1.3992352
773.3,6:10:42.20 PM,1.3992352
773.4,6:10:42.30 PM,1.3992352
773.5,6:10:42.40 PM,1.3992352
773.6,6:10:42.50 PM,1.3992352
773.7,6:10:42.60 PM,1.3992352
773.8,6:10:42.70 PM,1.3992352
773.9,6:10:42.80 PM,1.3992352
774.0,6:10:42.90 PM,1.3992352
774.1,6:10:43.00 PM,1.3992352
774.2,6:10:43.10 PM,1.3992352
774.3,6:10:43.20 PM,1.3992352
774.4,6:10:43.26 PM,1.3992352
774.5,6:10:43.40 PM,1.3992352
774.6,6:10:43.46 PM,1.3992352
774.7,6:10:43.57 PM,1.3992352
774.8,6:10:43.67 PM,1.3992352
774.9,6:10:43.77 PM,1.3992352
775.0,6:10:43.88 PM,1.3992352
775.1,6:10:43.98 PM,1.3992352
775.2,6:10:44.08 PM,1.3992352
775.3,6:10:44.18 PM,1.3992352
775.4,6:10:44.29 PM,1.3992352
775.5,6:10:44.39 PM,1.3992352
775.6,6:10:44.49 PM,1.3992352
775.7,6:10:44.59 PM,1.3992352
775.8,6:10:44.69 PM,1.3992352
775.9,6:10:44.79 PM,1.3992352
776.0,6:10:44.89 PM,1.3992352
776.1,6:10:45.00 PM,1.3992352
776.2,6:10:45.10 PM,1.3992352
776.3,6:10:45.20 PM,1.3992352
776.4,6:10:45.31 PM,1.3992352
776.5,6:10:45.41 PM,1.3992352
776.6,6:10:45.51 PM,1.3992352
776.7,6:10:45.61 PM,1.3992352
776.8,6:10:45.71 PM,1.3992352
776.9,6:10:45.80 PM,1.3992352
777.0,6:10:45.92 PM,1.3992352
777.1,6:10:46.02 PM,1.3992352
777.2,6:10:46.12 PM,1.3992352
777.3,6:10:46.20 PM,1.3992352
777.4,6:10:46.33 PM,1.3992352
777.5,6:10:46.43 PM,1.3992352
777.6,6:10:46.53 PM,1.3992352
777.7,6:10:46.60 PM,1.3992352
777.8,6:10:46.70 PM,1.3992352
777.9,6:10:46.80 PM,1.3992352
778.0,6:10:46.90 PM,1.3992352
778.1,6:10:47.00 PM,1.3992352
778.2,6:10:47.10 PM,1.3992352
778.3,6:10:47.20 PM,1.3992352
778.4,6:10:47.30 PM,1.3992352
778.5,6:10:47.36 PM,1.3992352
778.6,6:10:47.46 PM,1.3992352
778.7,6:10:47.56 PM,1.3992352
778.8,6:10:47.67 PM,1.3992352
778.9,6:10:47.77 PM,1.3992352
779.0,6:10:47.87 PM,1.296416
779.1,6:10:47.99 PM,1.296416
779.2,6:10:48.09 PM,1.296416
779.3,6:10:48.20 PM,1.296416
779.4,6:10:48.30 PM,1.296416
779.5,6:10:48.40 PM,1.296416
779.6,6:10:48.51 PM,1.296416
779.7,6:10:48.61 PM,1.296416
779.8,6:10:48.71 PM,1.296416
779.9,6:10:48.80 PM,1.296416
780.0,6:10:48.92 PM,1.296416
780.1,6:10:49.02 PM,1.296416
780.2,6:10:49.10 PM,1.296416
780.3,6:10:49.20 PM,1.296416
780.4,6:10:49.33 PM,1.296416
780.5,6:10:49.40 PM,1.296416
780.6,6:10:49.53 PM,1.296416
780.7,6:10:49.60 PM,1.296416
780.8,6:10:49.70 PM,1.296416
780.9,6:10:49.80 PM,1.296416
781.0,6:10:49.90 PM,1.296416
781.1,6:10:50.00 PM,1.296416
781.2,6:10:50.10 PM,1.296416
781.3,6:10:50.16 PM,1.296416
781.4,6:10:50.26 PM,1.296416
781.5,6:10:50.36 PM,1.296416
781.6,6:10:50.46 PM,1.296416
781.7,6:10:50.57 PM,1.296416
781.8,6:10:50.67 PM,1.296416
781.9,6:10:50.77 PM,1.296416
782.0,6:10:50.87 PM,1.1980672
782.1,6:10:50.98 PM,1.1980672
782.2,6:10:51.08 PM,1.1980672
782.3,6:10:51.18 PM,1.1980672
782.4,6:10:51.28 PM,1.1980672
782.5,6:10:51.39 PM,1.1980672
782.6,6:10:51.49 PM,1.1980672
782.7,6:10:51.59 PM,1.1980672
782.8,6:10:51.69 PM,1.1980672
782.9,6:10:51.79 PM,1.1980672
783.0,6:10:51.90 PM,1.1980672
783.1,6:10:52.00 PM,1.1980672
783.2,6:10:52.10 PM,1.1980672
783.3,6:10:52.21 PM,1.1980672
783.4,6:10:52.31 PM,1.1980672
783.5,6:10:52.41 PM,1.1980672
783.6,6:10:52.51 PM,1.1980672
783.7,6:10:52.61 PM,1.1980672
783.8,6:10:52.72 PM,1.1980672
783.9,6:10:52.80 PM,1.1980672
784.0,6:10:52.92 PM,1.1980672
784.1,6:10:53.02 PM,1.1980672
784.2,6:10:53.10 PM,1.1980672
784.3,6:10:53.20 PM,1.1980672
784.4,6:10:53.30 PM,1.1980672
784.5,6:10:53.40 PM,1.1980672
784.6,6:10:53.50 PM,1.1980672
784.7,6:10:53.60 PM,1.1980672
784.8,6:10:53.70 PM,1.1980672
784.9,6:10:53.80 PM,1.1980672
785.0,6:10:53.90 PM,1.1980672
785.1,6:10:53.96 PM,1.1980672
785.2,6:10:54.06 PM,1.1980672
785.3,6:10:54.17 PM,1.1980672
785.4,6:10:54.27 PM,1.1980672
785.5,6:10:54.37 PM,1.1980672
785.6,6:10:54.48 PM,1.1980672
785.7,6:10:54.58 PM,1.1980672
785.8,6:10:54.68 PM,1.1980672
785.9,6:10:54.79 PM,1.1980672
786.0,6:10:54.89 PM,1.1980672
786.1,6:10:54.99 PM,1.1980672
786.2,6:10:55.09 PM,1.1980672
786.3,6:10:55.20 PM,1.1980672
786.4,6:10:55.30 PM,1.1980672
786.5,6:10:55.40 PM,1.1980672
786.6,6:10:55.50 PM,1.1980672
786.7,6:10:55.61 PM,1.1980672
786.8,6:10:55.71 PM,1.1980672
786.9,6:10:55.82 PM,1.1980672
787.0,6:10:55.92 PM,1.1980672
787.1,6:10:56.02 PM,1.1980672
787.2,6:10:56.12 PM,1.1980672
787.3,6:10:56.23 PM,1.1980672
787.4,6:10:56.33 PM,1.1980672
787.5,6:10:56.43 PM,1.1980672
787.6,6:10:56.50 PM,1.1980672
787.7,6:10:56.64 PM,1.1980672
787.8,6:10:56.70 PM,1.1980672
787.9,6:10:56.80 PM,1.1980672
788.0,6:10:56.90 PM,1.1980672
788.1,6:10:57.00 PM,1.1980672
788.2,6:10:57.10 PM,1.1980672
788.3,6:10:57.20 PM,1.1980672
788.4,6:10:57.30 PM,1.1980672
788.5,6:10:57.40 PM,1.1980672
788.6,6:10:57.50 PM,1.1980672
788.7,6:10:57.56 PM,1.1980672
788.8,6:10:57.67 PM,1.1980672
788.9,6:10:57.77 PM,1.1980672
789.0,6:10:57.87 PM,1.1980672
789.1,6:10:57.97 PM,1.1980672
789.2,6:10:58.08 PM,1.1980672
789.3,6:10:58.18 PM,1.1980672
789.4,6:10:58.28 PM,1.1980672
789.5,6:10:58.39 PM,1.1980672
789.6,6:10:58.49 PM,1.1980672
789.7,6:10:58.59 PM,1.1980672
789.8,6:10:58.69 PM,1.296416
789.9,6:10:58.80 PM,1.296416
790.0,6:10:58.91 PM,1.296416
790.1,6:10:59.01 PM,1.296416
790.2,6:10:59.11 PM,1.296416
790.3,6:10:59.22 PM,1.296416
790.4,6:10:59.32 PM,1.296416
790.5,6:10:59.40 PM,1.296416
790.6,6:10:59.53 PM,1.296416
790.7,6:10:59.63 PM,1.296416
790.8,6:10:59.70 PM,1.296416
790.9,6:10:59.80 PM,1.296416
791.0,6:10:59.90 PM,1.296416
791.1,6:11:00.00 PM,1.296416
791.2,6:11:00.10 PM,1.296416
791.3,6:11:00.20 PM,1.296416
791.4,6:11:00.30 PM,1.296416
791.5,6:11:00.40 PM,1.296416
791.6,6:11:00.46 PM,1.296416
791.7,6:11:00.56 PM,1.296416
791.8,6:11:00.70 PM,1.296416
791.9,6:11:00.77 PM,1.296416
792.0,6:11:00.87 PM,1.296416
792.1,6:11:00.98 PM,1.296416
792.2,6:11:01.08 PM,1.296416
792.3,6:11:01.19 PM,1.296416
792.4,6:11:01.29 PM,1.296416
792.5,6:11:01.39 PM,1.296416
792.6,6:11:01.49 PM,1.296416
792.7,6:11:01.60 PM,1.296416
792.8,6:11:01.70 PM,1.296416
792.9,6:11:01.81 PM,1.296416
793.0,6:11:01.91 PM,1.296416
793.1,6:11:02.01 PM,1.296416
793.2,6:11:02.11 PM,1.296416
793.3,6:11:02.22 PM,1.296416
793.4,6:11:02.32 PM,1.296416
793.5,6:11:02.42 PM,1.296416
793.6,6:11:02.52 PM,1.296416
793.7,6:11:02.60 PM,1.296416
793.8,6:11:02.73 PM,1.296416
793.9,6:11:02.83 PM,1.296416
794.0,6:11:02.90 PM,1.296416
794.1,6:11:03.04 PM,1.296416
794.2,6:11:03.10 PM,1.296416
794.3,6:11:03.20 PM,1.296416
794.4,6:11:03.30 PM,1.296416
794.5,6:11:03.40 PM,1.296416
794.6,6:11:03.50 PM,1.296416
794.7,6:11:03.60 PM,1.296416
794.8,6:11:03.70 PM,1.296416
794.9,6:11:03.80 PM,1.296416
795.0,6:11:03.86 PM,1.296416
795.1,6:11:03.96 PM,1.296416
795.2,6:11:04.07 PM,1.296416
795.3,6:11:04.17 PM,1.296416
795.4,6:11:04.28 PM,1.296416
795.5,6:11:04.38 PM,1.296416
795.6,6:11:04.48 PM,1.296416
795.7,6:11:04.58 PM,1.296416
795.8,6:11:04.69 PM,1.296416
795.9,6:11:04.79 PM,1.296416
796.0,6:11:04.89 PM,1.296416
796.1,6:11:05.00 PM,1.296416
796.2,6:11:05.10 PM,1.296416
796.3,6:11:05.21 PM,1.296416
796.4,6:11:05.31 PM,1.296416
796.5,6:11:05.41 PM,1.296416
796.6,6:11:05.51 PM,1.3992352
796.7,6:11:05.62 PM,1.3992352
796.8,6:11:05.72 PM,1.3992352
796.9,6:11:05.80 PM,1.3992352
797.0,6:11:05.93 PM,1.3992352
797.1,6:11:06.03 PM,1.3992352
797.2,6:11:06.13 PM,1.3992352
797.3,6:11:06.23 PM,1.3992352
797.4,6:11:06.33 PM,1.3992352
797.5,6:11:06.40 PM,1.3992352
797.6,6:11:06.50 PM,1.3992352
797.7,6:11:06.60 PM,1.3992352
797.8,6:11:06.70 PM,1.3992352
797.9,6:11:06.80 PM,1.3992352
798.0,6:11:06.90 PM,1.3992352
798.1,6:11:07.00 PM,1.3992352
798.2,6:11:07.10 PM,1.3992352
798.3,6:11:07.16 PM,1.3992352
798.4,6:11:07.26 PM,1.3992352
798.5,6:11:07.36 PM,1.3992352
798.6,6:11:07.47 PM,1.3992352
798.7,6:11:07.57 PM,1.3992352
798.8,6:11:07.67 PM,1.3992352
798.9,6:11:07.77 PM,1.3992352
799.0,6:11:07.88 PM,1.3992352
799.1,6:11:07.98 PM,1.3992352
799.2,6:11:08.08 PM,1.3992352
799.3,6:11:08.19 PM,1.3992352
799.4,6:11:08.29 PM,1.3992352
799.5,6:11:08.40 PM,1.3992352
799.6,6:11:08.50 PM,1.3992352
799.7,6:11:08.61 PM,1.3992352
799.8,6:11:08.71 PM,1.3992352
799.9,6:11:08.80 PM,1.3992352
800.0,6:11:08.91 PM,1.3992352
800.1,6:11:09.01 PM,1.3992352
800.2,6:11:09.12 PM,1.3992352
800.3,6:11:09.22 PM,1.3992352
800.4,6:11:09.32 PM,1.3992352
800.5,6:11:09.40 PM,1.3992352
800.6,6:11:09.53 PM,1.3992352
800.7,6:11:09.60 PM,1.3992352
800.8,6:11:09.70 PM,1.3992352
800.9,6:11:09.80 PM,1.3992352
801.0,6:11:09.90 PM,1.3992352
801.1,6:11:10.00 PM,1.3992352
801.2,6:11:10.10 PM,1.3992352
801.3,6:11:10.20 PM,1.3992352
801.4,6:11:10.30 PM,1.3992352
801.5,6:11:10.36 PM,1.3992352
801.6,6:11:10.46 PM,1.3992352
801.7,6:11:10.56 PM,1.3992352
801.8,6:11:10.67 PM,1.3992352
801.9,6:11:10.77 PM,1.3992352
802.0,6:11:10.87 PM,1.3992352
802.1,6:11:10.97 PM,1.3992352
802.2,6:11:11.08 PM,1.3992352
802.3,6:11:11.18 PM,1.3992352
802.4,6:11:11.28 PM,1.3992352
802.5,6:11:11.38 PM,1.497584
802.6,6:11:11.49 PM,1.497584
802.7,6:11:11.59 PM,1.497584
802.8,6:11:11.69 PM,1.497584
802.9,6:11:11.80 PM,1.497584
803.0,6:11:11.90 PM,1.497584
803.1,6:11:12.00 PM,1.497584
803.2,6:11:12.11 PM,1.497584
803.3,6:11:12.22 PM,1.497584
803.4,6:11:12.32 PM,1.497584
803.5,6:11:12.42 PM,1.497584
803.6,6:11:12.52 PM,1.497584
803.7,6:11:12.62 PM,1.497584
803.8,6:11:12.73 PM,1.497584
803.9,6:11:12.83 PM,1.497584
804.0,6:11:12.93 PM,1.497584
804.1,6:11:13.00 PM,1.497584
804.2,6:11:13.10 PM,1.497584
804.3,6:11:13.20 PM,1.497584
804.4,6:11:13.30 PM,1.497584
804.5,6:11:13.40 PM,1.497584
804.6,6:11:13.50 PM,1.5959328
804.7,6:11:13.60 PM,1.5959328
804.8,6:11:13.70 PM,1.5959328
804.9,6:11:13.80 PM,1.5959328
805.0,6:11:13.90 PM,1.5959328
805.1,6:11:14.00 PM,1.5959328
805.2,6:11:14.10 PM,1.5959328
805.3,6:11:14.20 PM,1.5959328
805.4,6:11:14.26 PM,1.5959328
805.5,6:11:14.36 PM,1.5959328
805.6,6:11:14.46 PM,1.5959328
805.7,6:11:14.57 PM,1.5959328
805.8,6:11:14.67 PM,1.5959328
805.9,6:11:14.80 PM,1.5959328
806.0,6:11:14.87 PM,1.5959328
806.1,6:11:14.98 PM,1.5959328
806.2,6:11:15.08 PM,1.5959328
806.3,6:11:15.18 PM,1.5959328
806.4,6:11:15.28 PM,1.5959328
806.5,6:11:15.38 PM,1.5959328
806.6,6:11:15.49 PM,1.5959328
806.7,6:11:15.59 PM,1.5959328
806.8,6:11:15.69 PM,1.5959328
806.9,6:11:15.79 PM,1.5959328
807.0,6:11:15.90 PM,1.5959328
807.1,6:11:16.00 PM,1.5959328
807.2,6:11:16.10 PM,1.6987519999999998
807.3,6:11:16.21 PM,1.6987519999999998
807.4,6:11:16.31 PM,1.6987519999999998
807.5,6:11:16.40 PM,1.6987519999999998
807.6,6:11:16.52 PM,1.6987519999999998
807.7,6:11:16.60 PM,1.6987519999999998
807.8,6:11:16.73 PM,1.6987519999999998
807.9,6:11:16.83 PM,1.6987519999999998
808.0,6:11:16.93 PM,1.6987519999999998
808.1,6:11:17.04 PM,1.6987519999999998
808.2,6:11:17.10 PM,1.6987519999999998
808.3,6:11:17.20 PM,1.6987519999999998
808.4,6:11:17.30 PM,1.6987519999999998
808.5,6:11:17.40 PM,1.6987519999999998
808.6,6:11:17.50 PM,1.6987519999999998
808.7,6:11:17.60 PM,1.6987519999999998
808.8,6:11:17.70 PM,1.6987519999999998
808.9,6:11:17.76 PM,1.6987519999999998
809.0,6:11:17.87 PM,1.6987519999999998
809.1,6:11:17.97 PM,1.6987519999999998
809.2,6:11:18.07 PM,1.6987519999999998
809.3,6:11:18.18 PM,1.6987519999999998
809.4,6:11:18.28 PM,1.6987519999999998
809.5,6:11:18.38 PM,1.6987519999999998
809.6,6:11:18.48 PM,1.6987519999999998
809.7,6:11:18.58 PM,1.6987519999999998
809.8,6:11:18.69 PM,1.6987519999999998
809.9,6:11:18.79 PM,1.6987519999999998
810.0,6:11:18.90 PM,1.6987519999999998
810.1,6:11:19.00 PM,1.6987519999999998
810.2,6:11:19.10 PM,1.6987519999999998
810.3,6:11:19.20 PM,1.6987519999999998
810.4,6:11:19.31 PM,1.6987519999999998
810.5,6:11:19.41 PM,1.6987519999999998
810.6,6:11:19.51 PM,1.6987519999999998
810.7,6:11:19.62 PM,1.6987519999999998
810.8,6:11:19.72 PM,1.6987519999999998
810.9,6:11:19.82 PM,1.6987519999999998
811.0,6:11:19.92 PM,1.6987519999999998
811.1,6:11:20.03 PM,1.6987519999999998
811.2,6:11:20.13 PM,1.6987519999999998
811.3,6:11:20.20 PM,1.6987519999999998
811.4,6:11:20.30 PM,1.7971007999999997
811.5,6:11:20.43 PM,1.7971007999999997
811.6,6:11:20.50 PM,1.7971007999999997
811.7,6:11:20.60 PM,1.7971007999999997
811.8,6:11:20.70 PM,1.7971007999999997
811.9,6:11:20.80 PM,1.7971007999999997
812.0,6:11:20.90 PM,1.7971007999999997
812.1,6:11:21.00 PM,1.7971007999999997
812.2,6:11:21.10 PM,1.7971007999999997
812.3,6:11:21.16 PM,1.7971007999999997
812.4,6:11:21.27 PM,1.7971007999999997
812.5,6:11:21.37 PM,1.7971007999999997
812.6,6:11:21.47 PM,1.7971007999999997
812.7,6:11:21.57 PM,1.7971007999999997
812.8,6:11:21.68 PM,1.7971007999999997
812.9,6:11:21.78 PM,1.7971007999999997
813.0,6:11:21.89 PM,1.7971007999999997
813.1,6:11:21.99 PM,1.7971007999999997
813.2,6:11:22.09 PM,1.7971007999999997
813.3,6:11:22.19 PM,1.7971007999999997
813.4,6:11:22.30 PM,1.7971007999999997
813.5,6:11:22.40 PM,1.7971007999999997
813.6,6:11:22.50 PM,1.7971007999999997
813.7,6:11:22.60 PM,1.7971007999999997
813.8,6:11:22.71 PM,1.7971007999999997
813.9,6:11:22.81 PM,1.7971007999999997
814.0,6:11:22.92 PM,1.7971007999999997
814.1,6:11:23.02 PM,1.7971007999999997
814.2,6:11:23.12 PM,1.7971007999999997
814.3,6:11:23.22 PM,1.7971007999999997
814.4,6:11:23.30 PM,1.7971007999999997
814.5,6:11:23.40 PM,1.7971007999999997
814.6,6:11:23.50 PM,1.7971007999999997
814.7,6:11:23.60 PM,1.7971007999999997
814.8,6:11:23.70 PM,1.7971007999999997
814.9,6:11:23.80 PM,1.7971007999999997
815.0,6:11:23.90 PM,1.7971007999999997
815.1,6:11:24.00 PM,1.7971007999999997
815.2,6:11:24.10 PM,1.7971007999999997
815.3,6:11:24.20 PM,1.7971007999999997
815.4,6:11:24.30 PM,1.7971007999999997
815.5,6:11:24.40 PM,1.7971007999999997
815.6,6:11:24.50 PM,1.7971007999999997
815.7,6:11:24.60 PM,1.7971007999999997
815.8,6:11:24.70 PM,1.7971007999999997
815.9,6:11:24.76 PM,1.7971007999999997
816.0,6:11:24.86 PM,1.7971007999999997
816.1,6:11:24.97 PM,1.7971007999999997
816.2,6:11:25.07 PM,1.7971007999999997
816.3,6:11:25.17 PM,1.7971007999999997
816.4,6:11:25.27 PM,1.7971007999999997
816.5,6:11:25.37 PM,1.7971007999999997
816.6,6:11:25.48 PM,1.89992
816.7,6:11:25.58 PM,1.89992
816.8,6:11:25.68 PM,1.89992
816.9,6:11:25.79 PM,1.89992
817.0,6:11:25.89 PM,1.89992
817.1,6:11:25.99 PM,1.89992
817.2,6:11:26.09 PM,1.89992
817.3,6:11:26.20 PM,1.89992
817.4,6:11:26.30 PM,1.89992
817.5,6:11:26.40 PM,1.89992
817.6,6:11:26.50 PM,1.89992
817.7,6:11:26.60 PM,1.89992
817.8,6:11:26.71 PM,1.89992
817.9,6:11:26.81 PM,1.89992
818.0,6:11:26.91 PM,1.89992
818.1,6:11:27.02 PM,1.89992
818.2,6:11:27.12 PM,1.89992
818.3,6:11:27.22 PM,1.89992
818.4,6:11:27.33 PM,1.89992
818.5,6:11:27.43 PM,1.89992
818.6,6:11:27.50 PM,1.89992
818.7,6:11:27.64 PM,1.89992
818.8,6:11:27.70 PM,1.89992
818.9,6:11:27.80 PM,1.89992
819.0,6:11:27.90 PM,1.89992
819.1,6:11:28.00 PM,1.89992
819.2,6:11:28.10 PM,1.89992
819.3,6:11:28.20 PM,1.89992
819.4,6:11:28.30 PM,1.89992
819.5,6:11:28.36 PM,1.89992
819.6,6:11:28.46 PM,1.89992
819.7,6:11:28.56 PM,1.89992
819.8,6:11:28.66 PM,1.89992
819.9,6:11:28.76 PM,1.89992
820.0,6:11:28.87 PM,1.89992
820.1,6:11:28.97 PM,1.89992
820.2,6:11:29.07 PM,1.89992
820.3,6:11:29.18 PM,1.89992
820.4,6:11:29.28 PM,1.89992
820.5,6:11:29.38 PM,1.89992
820.6,6:11:29.50 PM,1.89992
820.7,6:11:29.59 PM,1.89992
820.8,6:11:29.69 PM,1.9982688
820.9,6:11:29.80 PM,1.9982688
821.0,6:11:29.90 PM,1.9982688
821.1,6:11:30.00 PM,1.9982688
821.2,6:11:30.10 PM,1.9982688
821.3,6:11:30.20 PM,1.9982688
821.4,6:11:30.30 PM,1.9982688
821.5,6:11:30.41 PM,1.9982688
821.6,6:11:30.51 PM,1.9982688
821.7,6:11:30.61 PM,1.9982688
821.8,6:11:30.71 PM,1.9982688
821.9,6:11:30.82 PM,1.9982688
822.0,6:11:30.90 PM,1.9982688
822.1,6:11:31.03 PM,1.9982688
822.2,6:11:31.13 PM,1.9982688
822.3,6:11:31.20 PM,2.0966176
822.4,6:11:31.33 PM,2.0966176
822.5,6:11:31.44 PM,2.0966176
822.6,6:11:31.50 PM,2.0966176
822.7,6:11:31.60 PM,2.0966176
822.8,6:11:31.70 PM,2.0966176
822.9,6:11:31.80 PM,2.0966176
823.0,6:11:31.90 PM,2.0966176
823.1,6:11:32.00 PM,2.0966176
823.2,6:11:32.10 PM,2.0966176
823.3,6:11:32.16 PM,2.0966176
823.4,6:11:32.30 PM,2.0966176
823.5,6:11:32.40 PM,2.0966176
823.6,6:11:32.46 PM,2.0966176
823.7,6:11:32.56 PM,2.0966176
823.8,6:11:32.67 PM,2.0966176
823.9,6:11:32.78 PM,2.0966176
824.0,6:11:32.88 PM,2.0966176
824.1,6:11:32.98 PM,2.0966176
824.2,6:11:33.08 PM,2.0966176
824.3,6:11:33.19 PM,2.0966176
824.4,6:11:33.29 PM,2.0966176
824.5,6:11:33.40 PM,2.0966176
824.6,6:11:33.50 PM,2.0966176
824.7,6:11:33.60 PM,2.0966176
824.8,6:11:33.70 PM,2.0966176
824.9,6:11:33.81 PM,2.0966176
825.0,6:11:33.90 PM,2.0966176
825.1,6:11:34.01 PM,2.0966176
825.2,6:11:34.12 PM,2.0966176
825.3,6:11:34.22 PM,2.0966176
825.4,6:11:34.32 PM,2.0966176
825.5,6:11:34.43 PM,2.0966176
825.6,6:11:34.50 PM,2.0966176
825.7,6:11:34.60 PM,2.0966176
825.8,6:11:34.70 PM,2.0966176
825.9,6:11:34.80 PM,2.0966176
826.0,6:11:34.94 PM,2.0966176
826.1,6:11:35.00 PM,2.0966176
826.2,6:11:35.10 PM,2.0966176
826.3,6:11:35.20 PM,2.0966176
826.4,6:11:35.30 PM,2.0966176
826.5,6:11:35.40 PM,2.0966176
826.6,6:11:35.50 PM,2.0966176
826.7,6:11:35.60 PM,2.0966176
826.8,6:11:35.70 PM,2.0966176
826.9,6:11:35.76 PM,2.0966176
827.0,6:11:35.86 PM,2.0966176
827.1,6:11:35.96 PM,2.0966176
827.2,6:11:36.06 PM,2.0966176
827.3,6:11:36.20 PM,2.0966176
827.4,6:11:36.27 PM,2.0966176
827.5,6:11:36.38 PM,2.0966176
827.6,6:11:36.48 PM,2.0966176
827.7,6:11:36.58 PM,2.0966176
827.8,6:11:36.69 PM,2.0966176
827.9,6:11:36.80 PM,2.0966176
828.0,6:11:36.89 PM,2.0966176
828.1,6:11:37.00 PM,2.0966176
828.2,6:11:37.10 PM,2.0966176
828.3,6:11:37.20 PM,2.0966176
828.4,6:11:37.31 PM,2.0966176
828.5,6:11:37.41 PM,2.0966176
828.6,6:11:37.51 PM,2.0966176
828.7,6:11:37.61 PM,2.0966176
828.8,6:11:37.71 PM,2.0966176
828.9,6:11:37.80 PM,2.0966176
829.0,6:11:37.92 PM,2.0966176
829.1,6:11:38.02 PM,2.0966176
829.2,6:11:38.10 PM,2.0966176
829.3,6:11:38.23 PM,2.0966176
829.4,6:11:38.33 PM,2.0966176
829.5,6:11:38.40 PM,2.0966176
829.6,6:11:38.50 PM,2.0966176
829.7,6:11:38.60 PM,2.0966176
829.8,6:11:38.70 PM,2.0966176
829.9,6:11:38.80 PM,2.0966176
830.0,6:11:38.90 PM,2.0966176
830.1,6:11:39.00 PM,2.0966176
830.2,6:11:39.10 PM,2.0966176
830.3,6:11:39.20 PM,2.0966176
830.4,6:11:39.26 PM,2.0966176
830.5,6:11:39.36 PM,2.0966176
830.6,6:11:39.47 PM,2.0966176
830.7,6:11:39.57 PM,2.0966176
830.8,6:11:39.67 PM,2.0966176
830.9,6:11:39.77 PM,2.0966176
831.0,6:11:39.88 PM,2.0966176
831.1,6:11:39.98 PM,2.0966176
831.2,6:11:40.08 PM,2.0966176
831.3,6:11:40.18 PM,2.0966176
831.4,6:11:40.29 PM,2.0966176
831.5,6:11:40.39 PM,2.0966176
831.6,6:11:40.49 PM,2.0966176
831.7,6:11:40.60 PM,2.0966176
831.8,6:11:40.70 PM,2.0966176
831.9,6:11:40.80 PM,2.0966176
832.0,6:11:40.91 PM,2.0966176
832.1,6:11:41.01 PM,2.0966176
832.2,6:11:41.11 PM,2.0966176
832.3,6:11:41.21 PM,2.0966176
832.4,6:11:41.32 PM,2.0966176
832.5,6:11:41.42 PM,2.0966176
832.6,6:11:41.52 PM,2.0966176
832.7,6:11:41.62 PM,2.0966176
832.8,6:11:41.70 PM,2.0966176
832.9,6:11:41.80 PM,2.0966176
833.0,6:11:41.93 PM,2.0966176
833.1,6:11:42.03 PM,2.0966176
833.2,6:11:42.10 PM,2.0966176
833.3,6:11:42.20 PM,2.0966176
833.4,6:11:42.30 PM,2.0966176
833.5,6:11:42.40 PM,1.9982688
833.6,6:11:42.50 PM,1.9982688
833.7,6:11:42.60 PM,1.9982688
833.8,6:11:42.70 PM,1.9982688
833.9,6:11:42.80 PM,1.9982688
834.0,6:11:42.86 PM,1.9982688
834.1,6:11:43.00 PM,1.9982688
834.2,6:11:43.07 PM,1.9982688
834.3,6:11:43.17 PM,1.9982688
834.4,6:11:43.28 PM,1.9982688
834.5,6:11:43.38 PM,1.9982688
834.6,6:11:43.48 PM,1.9982688
834.7,6:11:43.58 PM,1.9982688
834.8,6:11:43.68 PM,1.9982688
834.9,6:11:43.79 PM,1.9982688
835.0,6:11:43.89 PM,1.9982688
835.1,6:11:43.99 PM,1.9982688
835.2,6:11:44.09 PM,1.9982688
835.3,6:11:44.19 PM,1.9982688
835.4,6:11:44.30 PM,1.9982688
835.5,6:11:44.40 PM,1.9982688
835.6,6:11:44.50 PM,1.9982688
835.7,6:11:44.60 PM,1.9982688
835.8,6:11:44.71 PM,1.9982688
835.9,6:11:44.81 PM,1.9982688
836.0,6:11:44.91 PM,1.9982688
836.1,6:11:45.00 PM,1.9982688
836.2,6:11:45.12 PM,1.9982688
836.3,6:11:45.22 PM,1.9982688
836.4,6:11:45.32 PM,1.9982688
836.5,6:11:45.43 PM,1.9982688
836.6,6:11:45.53 PM,1.9982688
836.7,6:11:45.63 PM,1.9982688
836.8,6:11:45.73 PM,1.9982688
836.9,6:11:45.80 PM,1.9982688
837.0,6:11:45.90 PM,1.9982688
837.1,6:11:46.00 PM,1.9982688
837.2,6:11:46.10 PM,1.9982688
837.3,6:11:46.20 PM,1.89992
837.4,6:11:46.30 PM,1.89992
837.5,6:11:46.40 PM,1.89992
837.6,6:11:46.50 PM,1.89992
837.7,6:11:46.60 PM,1.89992
837.8,6:11:46.66 PM,1.89992
837.9,6:11:46.76 PM,1.89992
838.0,6:11:46.86 PM,1.89992
838.1,6:11:46.97 PM,1.89992
838.2,6:11:47.07 PM,1.89992
838.3,6:11:47.17 PM,1.89992
838.4,6:11:47.27 PM,1.89992
838.5,6:11:47.38 PM,1.89992
838.6,6:11:47.48 PM,1.89992
838.7,6:11:47.59 PM,1.9982688
838.8,6:11:47.69 PM,1.9982688
838.9,6:11:47.79 PM,1.9982688
839.0,6:11:47.89 PM,1.9982688
839.1,6:11:48.00 PM,1.9982688
839.2,6:11:48.10 PM,1.9982688
839.3,6:11:48.20 PM,1.9982688
839.4,6:11:48.31 PM,1.9982688
839.5,6:11:48.41 PM,1.9982688
839.6,6:11:48.51 PM,1.9982688
839.7,6:11:48.61 PM,1.9982688
839.8,6:11:48.71 PM,1.9982688
839.9,6:11:48.82 PM,1.9982688
840.0,6:11:48.92 PM,1.9982688
840.1,6:11:49.02 PM,1.9982688
840.2,6:11:49.10 PM,1.9982688
840.3,6:11:49.20 PM,1.9982688
840.4,6:11:49.30 PM,1.9982688
840.5,6:11:49.40 PM,1.9982688
840.6,6:11:49.50 PM,1.9982688
840.7,6:11:49.60 PM,1.9982688
840.8,6:11:49.70 PM,1.9982688
840.9,6:11:49.80 PM,1.9982688
841.0,6:11:49.90 PM,1.9982688
841.1,6:11:50.00 PM,1.9982688
841.2,6:11:50.10 PM,1.9982688
841.3,6:11:50.20 PM,1.9982688
841.4,6:11:50.30 PM,1.9982688
841.5,6:11:50.40 PM,1.9982688
841.6,6:11:50.50 PM,1.9982688
841.7,6:11:50.60 PM,1.9982688
841.8,6:11:50.66 PM,1.9982688
841.9,6:11:50.76 PM,2.0966176
842.0,6:11:50.86 PM,2.0966176
842.1,6:11:50.97 PM,2.0966176
842.2,6:11:51.07 PM,2.0966176
842.3,6:11:51.17 PM,2.0966176
842.4,6:11:51.28 PM,2.0966176
842.5,6:11:51.38 PM,2.0966176
842.6,6:11:51.48 PM,2.0966176
842.7,6:11:51.58 PM,2.0966176
842.8,6:11:51.69 PM,2.0966176
842.9,6:11:51.79 PM,2.0966176
843.0,6:11:51.89 PM,2.0966176
843.1,6:11:52.00 PM,2.0966176
843.2,6:11:52.10 PM,2.0966176
843.3,6:11:52.20 PM,2.0966176
843.4,6:11:52.30 PM,2.0966176
843.5,6:11:52.41 PM,2.0966176
843.6,6:11:52.51 PM,2.0966176
843.7,6:11:52.61 PM,2.0966176
843.8,6:11:52.72 PM,2.0966176
843.9,6:11:52.82 PM,2.0966176
844.0,6:11:52.92 PM,2.0966176
844.1,6:11:53.02 PM,2.0966176
844.2,6:11:53.13 PM,2.0966176
844.3,6:11:53.24 PM,2.0966176
844.4,6:11:53.30 PM,2.0966176
844.5,6:11:53.40 PM,2.0966176
844.6,6:11:53.50 PM,2.0966176
844.7,6:11:53.60 PM,2.0966176
844.8,6:11:53.70 PM,2.0966176
844.9,6:11:53.80 PM,2.0966176
845.0,6:11:53.90 PM,2.0966176
845.1,6:11:54.00 PM,2.0966176
845.2,6:11:54.10 PM,2.0966176
845.3,6:11:54.16 PM,2.0966176
845.4,6:11:54.27 PM,2.0966176
845.5,6:11:54.37 PM,2.0966176
845.6,6:11:54.47 PM,2.0966176
845.7,6:11:54.58 PM,2.0966176
845.8,6:11:54.68 PM,2.0966176
845.9,6:11:54.80 PM,2.0966176
846.0,6:11:54.88 PM,2.0966176
846.1,6:11:54.99 PM,2.0966176
846.2,6:11:55.09 PM,2.0966176
846.3,6:11:55.20 PM,2.0966176
846.4,6:11:55.30 PM,2.0966176
846.5,6:11:55.40 PM,2.0966176
846.6,6:11:55.50 PM,2.0966176
846.7,6:11:55.60 PM,2.0966176
846.8,6:11:55.71 PM,2.0966176
846.9,6:11:55.80 PM,2.0966176
847.0,6:11:55.91 PM,2.0966176
847.1,6:11:56.02 PM,2.0966176
847.2,6:11:56.12 PM,2.0966176
847.3,6:11:56.20 PM,2.0966176
847.4,6:11:56.33 PM,2.0966176
847.5,6:11:56.43 PM,2.0966176
847.6,6:11:56.53 PM,2.0966176
847.7,6:11:56.64 PM,2.0966176
847.8,6:11:56.70 PM,2.0966176
847.9,6:11:56.80 PM,2.0966176
848.0,6:11:56.90 PM,2.0966176
848.1,6:11:57.00 PM,2.0966176
848.2,6:11:57.10 PM,2.0966176
848.3,6:11:57.20 PM,2.0966176
848.4,6:11:57.30 PM,2.0966176
848.5,6:11:57.40 PM,2.0966176
848.6,6:11:57.46 PM,2.0966176
848.7,6:11:57.56 PM,2.0966176
848.8,6:11:57.66 PM,2.0966176
848.9,6:11:57.77 PM,2.0966176
849.0,6:11:57.87 PM,2.0966176
849.1,6:11:57.97 PM,2.0966176
849.2,6:11:58.07 PM,2.0966176
849.3,6:11:58.18 PM,2.0966176
849.4,6:11:58.30 PM,2.0966176
849.5,6:11:58.38 PM,2.0966176
849.6,6:11:58.49 PM,2.0966176
849.7,6:11:58.59 PM,2.0966176
849.8,6:11:58.69 PM,2.0966176
849.9,6:11:58.79 PM,2.0966176
850.0,6:11:58.89 PM,2.0966176
850.1,6:11:59.00 PM,2.0966176
850.2,6:11:59.10 PM,2.0966176
850.3,6:11:59.21 PM,2.0966176
850.4,6:11:59.30 PM,2.0966176
850.5,6:11:59.41 PM,2.0966176
850.6,6:11:59.50 PM,2.0966176
850.7,6:11:59.62 PM,2.0966176
850.8,6:11:59.72 PM,2.0966176
850.9,6:11:59.82 PM,2.0966176
851.0,6:11:59.92 PM,2.0966176
851.1,6:12:00.03 PM,2.0966176
851.2,6:12:00.13 PM,2.0966176
851.3,6:12:00.20 PM,1.9982688
851.4,6:12:00.30 PM,1.9982688
851.5,6:12:00.40 PM,1.9982688
851.6,6:12:00.50 PM,1.9982688
851.7,6:12:00.60 PM,1.9982688
851.8,6:12:00.70 PM,1.9982688
851.9,6:12:00.80 PM,1.9982688
852.0,6:12:00.90 PM,1.9982688
852.1,6:12:01.00 PM,1.9982688
852.2,6:12:01.06 PM,1.9982688
852.3,6:12:01.17 PM,1.9982688
852.4,6:12:01.30 PM,1.9982688
852.5,6:12:01.37 PM,1.9982688
852.6,6:12:01.47 PM,1.9982688
852.7,6:12:01.58 PM,1.9982688
852.8,6:12:01.68 PM,1.9982688
852.9,6:12:01.78 PM,1.9982688
853.0,6:12:01.88 PM,1.9982688
853.1,6:12:01.98 PM,1.9982688
853.2,6:12:02.09 PM,1.9982688
853.3,6:12:02.19 PM,1.9982688
853.4,6:12:02.29 PM,1.9982688
853.5,6:12:02.39 PM,1.9982688
853.6,6:12:02.49 PM,1.9982688
853.7,6:12:02.60 PM,1.9982688
853.8,6:12:02.70 PM,1.9982688
853.9,6:12:02.80 PM,1.9982688
854.0,6:12:02.90 PM,1.9982688
854.1,6:12:03.01 PM,1.9982688
854.2,6:12:03.11 PM,1.9982688
854.3,6:12:03.21 PM,1.9982688
854.4,6:12:03.32 PM,1.9982688
854.5,6:12:03.42 PM,1.9982688
854.6,6:12:03.52 PM,1.9982688
854.7,6:12:03.62 PM,1.9982688
854.8,6:12:03.70 PM,1.9982688
854.9,6:12:03.80 PM,1.9982688
855.0,6:12:03.93 PM,1.9982688
855.1,6:12:04.00 PM,1.9982688
855.2,6:12:04.10 PM,1.9982688
855.3,6:12:04.20 PM,1.9982688
855.4,6:12:04.30 PM,1.9982688
855.5,6:12:04.40 PM,1.9982688
855.6,6:12:04.50 PM,1.9982688
855.7,6:12:04.60 PM,1.9982688
855.8,6:12:04.70 PM,1.9982688
855.9,6:12:04.80 PM,1.9982688
856.0,6:12:04.90 PM,1.9982688
856.1,6:12:04.96 PM,1.9982688
856.2,6:12:05.06 PM,1.9982688
856.3,6:12:05.17 PM,1.9982688
856.4,6:12:05.27 PM,1.9982688
856.5,6:12:05.38 PM,1.9982688
856.6,6:12:05.48 PM,1.9982688
856.7,6:12:05.58 PM,1.9982688
856.8,6:12:05.69 PM,1.9982688
856.9,6:12:05.79 PM,1.9982688
857.0,6:12:05.89 PM,1.9982688
857.1,6:12:05.99 PM,1.9982688
857.2,6:12:06.10 PM,1.9982688
857.3,6:12:06.20 PM,1.9982688
857.4,6:12:06.31 PM,1.9982688
857.5,6:12:06.41 PM,1.9982688
857.6,6:12:06.51 PM,1.9982688
857.7,6:12:06.61 PM,1.9982688
857.8,6:12:06.72 PM,1.9982688
857.9,6:12:06.82 PM,1.9982688
858.0,6:12:06.90 PM,1.9982688
858.1,6:12:07.00 PM,1.9982688
858.2,6:12:07.13 PM,1.9982688
858.3,6:12:07.23 PM,1.9982688
858.4,6:12:07.30 PM,1.9982688
858.5,6:12:07.40 PM,1.9982688
858.6,6:12:07.50 PM,1.9982688
858.7,6:12:07.60 PM,1.9982688
858.8,6:12:07.70 PM,1.9982688
858.9,6:12:07.80 PM,1.9982688
859.0,6:12:07.90 PM,1.9982688
859.1,6:12:08.00 PM,1.9982688
859.2,6:12:08.10 PM,1.9982688
859.3,6:12:08.16 PM,1.9982688
859.4,6:12:08.27 PM,1.9982688
859.5,6:12:08.37 PM,1.9982688
859.6,6:12:08.47 PM,1.9982688
859.7,6:12:08.58 PM,1.89992
859.8,6:12:08.68 PM,1.89992
859.9,6:12:08.78 PM,1.89992
860.0,6:12:08.89 PM,1.9982688
860.1,6:12:08.99 PM,1.89992
860.2,6:12:09.09 PM,1.89992
860.3,6:12:09.20 PM,1.89992
860.4,6:12:09.31 PM,1.89992
860.5,6:12:09.41 PM,1.89992
860.6,6:12:09.52 PM,1.89992
860.7,6:12:09.60 PM,1.89992
860.8,6:12:09.72 PM,1.89992
860.9,6:12:09.80 PM,1.89992
861.0,6:12:09.90 PM,1.89992
861.1,6:12:10.03 PM,1.89992
861.2,6:12:10.13 PM,1.89992
861.3,6:12:10.20 PM,1.89992
861.4,6:12:10.33 PM,1.89992
861.5,6:12:10.43 PM,1.89992
861.6,6:12:10.50 PM,1.89992
861.7,6:12:10.60 PM,1.89992
861.8,6:12:10.70 PM,1.89992
861.9,6:12:10.80 PM,1.89992
862.0,6:12:10.90 PM,1.89992
862.1,6:12:11.00 PM,1.89992
862.2,6:12:11.10 PM,1.89992
862.3,6:12:11.20 PM,1.89992
862.4,6:12:11.30 PM,1.89992
862.5,6:12:11.40 PM,1.89992
862.6,6:12:11.46 PM,1.89992
862.7,6:12:11.56 PM,1.89992
862.8,6:12:11.67 PM,1.89992
862.9,6:12:11.77 PM,1.89992
863.0,6:12:11.90 PM,1.89992
863.1,6:12:11.97 PM,1.89992
863.2,6:12:12.07 PM,1.89992
863.3,6:12:12.18 PM,1.89992
863.4,6:12:12.28 PM,1.89992
863.5,6:12:12.39 PM,1.89992
863.6,6:12:12.49 PM,1.89992
863.7,6:12:12.59 PM,1.89992
863.8,6:12:12.70 PM,1.89992
863.9,6:12:12.80 PM,1.89992
864.0,6:12:12.91 PM,1.89992
864.1,6:12:13.01 PM,1.89992
864.2,6:12:13.11 PM,1.89992
864.3,6:12:13.22 PM,1.89992
864.4,6:12:13.30 PM,1.89992
864.5,6:12:13.40 PM,1.89992
864.6,6:12:13.52 PM,1.89992
864.7,6:12:13.60 PM,1.89992
864.8,6:12:13.73 PM,1.89992
864.9,6:12:13.80 PM,1.89992
865.0,6:12:13.90 PM,1.89992
865.1,6:12:14.00 PM,1.89992
865.2,6:12:14.10 PM,1.89992
865.3,6:12:14.20 PM,1.89992
865.4,6:12:14.30 PM,1.89992
865.5,6:12:14.40 PM,1.89992
865.6,6:12:14.50 PM,1.89992
865.7,6:12:14.60 PM,1.89992
865.8,6:12:14.70 PM,1.89992
865.9,6:12:14.76 PM,1.89992
866.0,6:12:14.86 PM,1.89992
866.1,6:12:14.96 PM,1.89992
866.2,6:12:15.07 PM,1.89992
866.3,6:12:15.17 PM,1.89992
866.4,6:12:15.27 PM,1.89992
866.5,6:12:15.37 PM,1.89992
866.6,6:12:15.47 PM,1.89992
866.7,6:12:15.58 PM,1.89992
866.8,6:12:15.68 PM,1.89992
866.9,6:12:15.78 PM,1.89992
867.0,6:12:15.88 PM,1.7971007999999997
867.1,6:12:15.99 PM,1.7971007999999997
867.2,6:12:16.09 PM,1.7971007999999997
867.3,6:12:16.20 PM,1.7971007999999997
867.4,6:12:16.30 PM,1.7971007999999997
867.5,6:12:16.40 PM,1.7971007999999997
867.6,6:12:16.51 PM,1.7971007999999997
867.7,6:12:16.61 PM,1.7971007999999997
867.8,6:12:16.71 PM,1.7971007999999997
867.9,6:12:16.80 PM,1.7971007999999997
868.0,6:12:16.91 PM,1.7971007999999997
868.1,6:12:17.02 PM,1.7971007999999997
868.2,6:12:17.12 PM,1.7971007999999997
868.3,6:12:17.20 PM,1.7971007999999997
868.4,6:12:17.33 PM,1.7971007999999997
868.5,6:12:17.40 PM,1.7971007999999997
868.6,6:12:17.50 PM,1.7971007999999997
868.7,6:12:17.60 PM,1.7971007999999997
868.8,6:12:17.70 PM,1.7971007999999997
868.9,6:12:17.80 PM,1.7971007999999997
869.0,6:12:17.90 PM,1.7971007999999997
869.1,6:12:18.00 PM,1.7971007999999997
869.2,6:12:18.10 PM,1.7971007999999997
869.3,6:12:18.20 PM,1.7971007999999997
869.4,6:12:18.30 PM,1.7971007999999997
869.5,6:12:18.40 PM,1.7971007999999997
869.6,6:12:18.50 PM,1.7971007999999997
869.7,6:12:18.56 PM,1.7971007999999997
869.8,6:12:18.66 PM,1.7971007999999997
869.9,6:12:18.77 PM,1.7971007999999997
870.0,6:12:18.88 PM,1.7971007999999997
870.1,6:12:18.98 PM,1.7971007999999997
870.2,6:12:19.09 PM,1.7971007999999997
870.3,6:12:19.19 PM,1.7971007999999997
870.4,6:12:19.29 PM,1.7971007999999997
870.5,6:12:19.40 PM,1.7971007999999997
870.6,6:12:19.50 PM,1.7971007999999997
870.7,6:12:19.60 PM,1.7971007999999997
870.8,6:12:19.71 PM,1.7971007999999997
870.9,6:12:19.81 PM,1.7971007999999997
871.0,6:12:19.91 PM,1.7971007999999997
871.1,6:12:20.01 PM,1.7971007999999997
871.2,6:12:20.12 PM,1.7971007999999997
871.3,6:12:20.22 PM,1.7971007999999997
871.4,6:12:20.32 PM,1.7971007999999997
871.5,6:12:20.42 PM,1.7971007999999997
871.6,6:12:20.53 PM,1.7971007999999997
871.7,6:12:20.60 PM,1.7971007999999997
871.8,6:12:20.73 PM,1.7971007999999997
871.9,6:12:20.80 PM,1.7971007999999997
872.0,6:12:20.90 PM,1.7971007999999997
872.1,6:12:21.00 PM,1.7971007999999997
872.2,6:12:21.10 PM,1.7971007999999997
872.3,6:12:21.20 PM,1.7971007999999997
872.4,6:12:21.30 PM,1.7971007999999997
872.5,6:12:21.40 PM,1.7971007999999997
872.6,6:12:21.46 PM,1.7971007999999997
872.7,6:12:21.56 PM,1.7971007999999997
872.8,6:12:21.67 PM,1.7971007999999997
872.9,6:12:21.77 PM,1.7971007999999997
873.0,6:12:21.87 PM,1.7971007999999997
873.1,6:12:22.00 PM,1.7971007999999997
873.2,6:12:22.08 PM,1.7971007999999997
873.3,6:12:22.18 PM,1.7971007999999997
873.4,6:12:22.29 PM,1.7971007999999997
873.5,6:12:22.39 PM,1.7971007999999997
873.6,6:12:22.49 PM,1.7971007999999997
873.7,6:12:22.60 PM,1.7971007999999997
873.8,6:12:22.70 PM,1.7971007999999997
873.9,6:12:22.80 PM,1.7971007999999997
874.0,6:12:22.90 PM,1.7971007999999997
874.1,6:12:23.01 PM,1.7971007999999997
874.2,6:12:23.11 PM,1.7971007999999997
874.3,6:12:23.21 PM,1.7971007999999997
874.4,6:12:23.32 PM,1.7971007999999997
874.5,6:12:23.42 PM,1.7971007999999997
874.6,6:12:23.52 PM,1.7971007999999997
874.7,6:12:23.60 PM,1.7971007999999997
874.8,6:12:23.70 PM,1.7971007999999997
874.9,6:12:23.83 PM,1.7971007999999997
875.0,6:12:23.93 PM,1.7971007999999997
875.1,6:12:24.00 PM,1.7971007999999997
875.2,6:12:24.10 PM,1.7971007999999997
875.3,6:12:24.20 PM,1.7971007999999997
875.4,6:12:24.30 PM,1.7971007999999997
875.5,6:12:24.40 PM,1.7971007999999997
875.6,6:12:24.50 PM,1.7971007999999997
875.7,6:12:24.60 PM,1.7971007999999997
875.8,6:12:24.70 PM,1.7971007999999997
875.9,6:12:24.80 PM,1.7971007999999997
876.0,6:12:24.86 PM,1.7971007999999997
876.1,6:12:24.96 PM,1.7971007999999997
876.2,6:12:25.06 PM,1.7971007999999997
876.3,6:12:25.17 PM,1.7971007999999997
876.4,6:12:25.27 PM,1.7971007999999997
876.5,6:12:25.37 PM,1.7971007999999997
876.6,6:12:25.48 PM,1.7971007999999997
876.7,6:12:25.58 PM,1.7971007999999997
876.8,6:12:25.68 PM,1.7971007999999997
876.9,6:12:25.79 PM,1.7971007999999997
877.0,6:12:25.89 PM,1.7971007999999997
877.1,6:12:25.99 PM,1.7971007999999997
877.2,6:12:26.09 PM,1.7971007999999997
877.3,6:12:26.20 PM,1.7971007999999997
877.4,6:12:26.30 PM,1.7971007999999997
877.5,6:12:26.41 PM,1.7971007999999997
877.6,6:12:26.51 PM,1.7971007999999997
877.7,6:12:26.61 PM,1.7971007999999997
877.8,6:12:26.71 PM,1.7971007999999997
877.9,6:12:26.80 PM,1.7971007999999997
878.0,6:12:26.90 PM,1.7971007999999997
878.1,6:12:27.02 PM,1.7971007999999997
878.2,6:12:27.13 PM,1.7971007999999997
878.3,6:12:27.24 PM,1.7971007999999997
878.4,6:12:27.30 PM,1.7971007999999997
878.5,6:12:27.40 PM,1.7971007999999997
878.6,6:12:27.50 PM,1.7971007999999997
878.7,6:12:27.60 PM,1.7971007999999997
878.8,6:12:27.70 PM,1.7971007999999997
878.9,6:12:27.80 PM,1.6987519999999998
879.0,6:12:27.90 PM,1.6987519999999998
879.1,6:12:28.00 PM,1.6987519999999998
879.2,6:12:28.06 PM,1.6987519999999998
879.3,6:12:28.16 PM,1.6987519999999998
879.4,6:12:28.27 PM,1.6987519999999998
879.5,6:12:28.37 PM,1.6987519999999998
879.6,6:12:28.47 PM,1.6987519999999998
879.7,6:12:28.57 PM,1.6987519999999998
879.8,6:12:28.67 PM,1.6987519999999998
879.9,6:12:28.78 PM,1.6987519999999998
880.0,6:12:28.88 PM,1.6987519999999998
880.1,6:12:28.98 PM,1.6987519999999998
880.2,6:12:29.08 PM,1.6987519999999998
880.3,6:12:29.19 PM,1.6987519999999998
880.4,6:12:29.29 PM,1.6987519999999998
880.5,6:12:29.39 PM,1.6987519999999998
880.6,6:12:29.49 PM,1.6987519999999998
880.7,6:12:29.60 PM,1.6987519999999998
880.8,6:12:29.70 PM,1.6987519999999998
880.9,6:12:29.80 PM,1.6987519999999998
881.0,6:12:29.90 PM,1.6987519999999998
881.1,6:12:30.01 PM,1.6987519999999998
881.2,6:12:30.11 PM,1.6987519999999998
881.3,6:12:30.22 PM,1.6987519999999998
881.4,6:12:30.32 PM,1.6987519999999998
881.5,6:12:30.40 PM,1.6987519999999998
881.6,6:12:30.52 PM,1.6987519999999998
881.7,6:12:30.63 PM,1.6987519999999998
881.8,6:12:30.70 PM,1.6987519999999998
881.9,6:12:30.83 PM,1.6987519999999998
882.0,6:12:30.90 PM,1.6987519999999998
882.1,6:12:31.00 PM,1.6987519999999998
882.2,6:12:31.10 PM,1.6987519999999998
882.3,6:12:31.20 PM,1.5959328
882.4,6:12:31.30 PM,1.5959328
882.5,6:12:31.40 PM,1.5959328
882.6,6:12:31.50 PM,1.5959328
882.7,6:12:31.60 PM,1.5959328
882.8,6:12:31.70 PM,1.5959328
882.9,6:12:31.76 PM,1.5959328
883.0,6:12:31.86 PM,1.5959328
883.1,6:12:31.96 PM,1.5959328
883.2,6:12:32.07 PM,1.5959328
883.3,6:12:32.17 PM,1.5959328
883.4,6:12:32.27 PM,1.5959328
883.5,6:12:32.38 PM,1.5959328
883.6,6:12:32.48 PM,1.5959328
883.7,6:12:32.59 PM,1.5959328
883.8,6:12:32.69 PM,1.5959328
883.9,6:12:32.79 PM,1.5959328
884.0,6:12:32.90 PM,1.5959328
884.1,6:12:33.00 PM,1.5959328
884.2,6:12:33.10 PM,1.5959328
884.3,6:12:33.21 PM,1.5959328
884.4,6:12:33.30 PM,1.5959328
884.5,6:12:33.41 PM,1.5959328
884.6,6:12:33.51 PM,1.497584
884.7,6:12:33.62 PM,1.497584
884.8,6:12:33.72 PM,1.497584
884.9,6:12:33.80 PM,1.497584
885.0,6:12:33.90 PM,1.497584
885.1,6:12:34.03 PM,1.497584
885.2,6:12:34.10 PM,1.497584
885.3,6:12:34.24 PM,1.497584
885.4,6:12:34.30 PM,1.497584
885.5,6:12:34.40 PM,1.497584
885.6,6:12:34.50 PM,1.497584
885.7,6:12:34.60 PM,1.497584
885.8,6:12:34.70 PM,1.497584
885.9,6:12:34.80 PM,1.497584
886.0,6:12:34.90 PM,1.497584
886.1,6:12:35.00 PM,1.497584
886.2,6:12:35.06 PM,1.497584
886.3,6:12:35.16 PM,1.497584
886.4,6:12:35.26 PM,1.497584
886.5,6:12:35.37 PM,1.497584
886.6,6:12:35.47 PM,1.497584
886.7,6:12:35.57 PM,1.497584
886.8,6:12:35.67 PM,1.497584
886.9,6:12:35.78 PM,1.497584
887.0,6:12:35.88 PM,1.497584
887.1,6:12:35.99 PM,1.497584
887.2,6:12:36.09 PM,1.497584
887.3,6:12:36.20 PM,1.497584
887.4,6:12:36.30 PM,1.497584
887.5,6:12:36.41 PM,1.3992352
887.6,6:12:36.51 PM,1.3992352
887.7,6:12:36.62 PM,1.3992352
887.8,6:12:36.72 PM,1.3992352
887.9,6:12:36.83 PM,1.3992352
888.0,6:12:36.90 PM,1.3992352
888.1,6:12:37.03 PM,1.3992352
888.2,6:12:37.10 PM,1.3992352
888.3,6:12:37.20 PM,1.3992352
888.4,6:12:37.30 PM,1.3992352
888.5,6:12:37.40 PM,1.3992352
888.6,6:12:37.50 PM,1.3992352
888.7,6:12:37.60 PM,1.3992352
888.8,6:12:37.70 PM,1.3992352
888.9,6:12:37.80 PM,1.3992352
889.0,6:12:37.86 PM,1.3992352
889.1,6:12:37.96 PM,1.3992352
889.2,6:12:38.07 PM,1.3992352
889.3,6:12:38.17 PM,1.3992352
889.4,6:12:38.28 PM,1.3992352
889.5,6:12:38.38 PM,1.3992352
889.6,6:12:38.48 PM,1.3992352
889.7,6:12:38.58 PM,1.3992352
889.8,6:12:38.68 PM,1.3992352
889.9,6:12:38.79 PM,1.3992352
890.0,6:12:38.89 PM,1.3992352
890.1,6:12:38.99 PM,1.3992352
890.2,6:12:39.09 PM,1.3992352
890.3,6:12:39.20 PM,1.3992352
890.4,6:12:39.30 PM,1.3992352
890.5,6:12:39.40 PM,1.3992352
890.6,6:12:39.50 PM,1.3992352
890.7,6:12:39.60 PM,1.3992352
890.8,6:12:39.71 PM,1.3992352
890.9,6:12:39.81 PM,1.3992352
891.0,6:12:39.91 PM,1.3992352
891.1,6:12:40.02 PM,1.3992352
891.2,6:12:40.12 PM,1.3992352
891.3,6:12:40.22 PM,1.3992352
891.4,6:12:40.33 PM,1.3992352
891.5,6:12:40.43 PM,1.3992352
891.6,6:12:40.50 PM,1.3992352
891.7,6:12:40.60 PM,1.3992352
891.8,6:12:40.73 PM,1.3992352
891.9,6:12:40.80 PM,1.3992352
892.0,6:12:40.90 PM,1.3992352
892.1,6:12:41.00 PM,1.3992352
892.2,6:12:41.10 PM,1.3992352
892.3,6:12:41.20 PM,1.3992352
892.4,6:12:41.30 PM,1.296416
892.5,6:12:41.40 PM,1.296416
892.6,6:12:41.50 PM,1.296416
892.7,6:12:41.60 PM,1.296416
892.8,6:12:41.66 PM,1.296416
892.9,6:12:41.76 PM,1.296416
893.0,6:12:41.86 PM,1.296416
893.1,6:12:41.97 PM,1.296416
893.2,6:12:42.07 PM,1.296416
893.3,6:12:42.17 PM,1.296416
893.4,6:12:42.28 PM,1.296416
893.5,6:12:42.38 PM,1.296416
893.6,6:12:42.48 PM,1.296416
893.7,6:12:42.58 PM,1.296416
893.8,6:12:42.69 PM,1.296416
893.9,6:12:42.79 PM,1.296416
894.0,6:12:42.89 PM,1.296416
894.1,6:12:42.99 PM,1.296416
894.2,6:12:43.10 PM,1.296416
894.3,6:12:43.20 PM,1.296416
894.4,6:12:43.30 PM,1.296416
894.5,6:12:43.41 PM,1.296416
894.6,6:12:43.51 PM,1.296416
894.7,6:12:43.61 PM,1.296416
894.8,6:12:43.72 PM,1.296416
894.9,6:12:43.82 PM,1.3992352
895.0,6:12:43.92 PM,1.3992352
895.1,6:12:44.00 PM,1.3992352
895.2,6:12:44.13 PM,1.3992352
895.3,6:12:44.20 PM,1.3992352
895.4,6:12:44.34 PM,1.3992352
895.5,6:12:44.40 PM,1.3992352
895.6,6:12:44.50 PM,1.3992352
895.7,6:12:44.60 PM,1.3992352
895.8,6:12:44.70 PM,1.3992352
895.9,6:12:44.80 PM,1.3992352
896.0,6:12:44.90 PM,1.3992352
896.1,6:12:45.00 PM,1.3992352
896.2,6:12:45.06 PM,1.3992352
896.3,6:12:45.16 PM,1.3992352
896.4,6:12:45.26 PM,1.3992352
896.5,6:12:45.37 PM,1.3992352
896.6,6:12:45.47 PM,1.3992352
896.7,6:12:45.57 PM,1.3992352
896.8,6:12:45.67 PM,1.3992352
896.9,6:12:45.78 PM,1.3992352
897.0,6:12:45.88 PM,1.3992352
897.1,6:12:45.98 PM,1.3992352
897.2,6:12:46.08 PM,1.3992352
897.3,6:12:46.19 PM,1.3992352
897.4,6:12:46.29 PM,1.3992352
897.5,6:12:46.39 PM,1.3992352
897.6,6:12:46.49 PM,1.3992352
897.7,6:12:46.60 PM,1.3992352
897.8,6:12:46.71 PM,1.3992352
897.9,6:12:46.81 PM,1.3992352
898.0,6:12:46.91 PM,1.3992352
898.1,6:12:47.02 PM,1.3992352
898.2,6:12:47.12 PM,1.3992352
898.3,6:12:47.20 PM,1.3992352
898.4,6:12:47.30 PM,1.3992352
898.5,6:12:47.43 PM,1.3992352
898.6,6:12:47.53 PM,1.3992352
898.7,6:12:47.60 PM,1.3992352
898.8,6:12:47.70 PM,1.3992352
898.9,6:12:47.80 PM,1.3992352
899.0,6:12:47.90 PM,1.3992352
899.1,6:12:48.00 PM,1.3992352
899.2,6:12:48.10 PM,1.3992352
899.3,6:12:48.20 PM,1.3992352
899.4,6:12:48.26 PM,1.3992352
899.5,6:12:48.36 PM,1.3992352
899.6,6:12:48.46 PM,1.3992352
899.7,6:12:48.57 PM,1.3992352
899.8,6:12:48.70 PM,1.3992352
899.9,6:12:48.77 PM,1.3992352
900.0,6:12:48.87 PM,1.3992352
900.1,6:12:49.00 PM,1.3992352
900.2,6:12:49.08 PM,1.3992352
900.3,6:12:49.18 PM,1.3992352
900.4,6:12:49.29 PM,1.3992352
900.5,6:12:49.39 PM,1.3992352
900.6,6:12:49.49 PM,1.3992352
900.7,6:12:49.59 PM,1.3992352
900.8,6:12:49.69 PM,1.3992352
900.9,6:12:49.80 PM,1.3992352
901.0,6:12:49.90 PM,1.3992352
901.1,6:12:50.00 PM,1.3992352
901.2,6:12:50.11 PM,1.3992352
901.3,6:12:50.21 PM,1.3992352
901.4,6:12:50.32 PM,1.3992352
901.5,6:12:50.42 PM,1.3992352
901.6,6:12:50.50 PM,1.3992352
901.7,6:12:50.62 PM,1.3992352
901.8,6:12:50.70 PM,1.3992352
901.9,6:12:50.80 PM,1.3992352
902.0,6:12:50.90 PM,1.3992352
902.1,6:12:51.00 PM,1.3992352
902.2,6:12:51.10 PM,1.3992352
902.3,6:12:51.20 PM,1.3992352
902.4,6:12:51.30 PM,1.3992352
902.5,6:12:51.40 PM,1.3992352
902.6,6:12:51.50 PM,1.3992352
902.7,6:12:51.56 PM,1.3992352
902.8,6:12:51.66 PM,1.3992352
902.9,6:12:51.77 PM,1.3992352
903.0,6:12:51.90 PM,1.3992352
903.1,6:12:51.98 PM,1.3992352
903.2,6:12:52.08 PM,1.3992352
903.3,6:12:52.20 PM,1.3992352
903.4,6:12:52.29 PM,1.3992352
903.5,6:12:52.39 PM,1.3992352
903.6,6:12:52.49 PM,1.3992352
903.7,6:12:52.59 PM,1.3992352
903.8,6:12:52.69 PM,1.3992352
903.9,6:12:52.80 PM,1.3992352
904.0,6:12:52.90 PM,1.497584
904.1,6:12:53.01 PM,1.497584
904.2,6:12:53.11 PM,1.497584
904.3,6:12:53.21 PM,1.497584
904.4,6:12:53.32 PM,1.497584
904.5,6:12:53.42 PM,1.497584
904.6,6:12:53.52 PM,1.497584
904.7,6:12:53.62 PM,1.497584
904.8,6:12:53.70 PM,1.497584
904.9,6:12:53.80 PM,1.497584
905.0,6:12:53.90 PM,1.497584
905.1,6:12:54.03 PM,1.497584
905.2,6:12:54.10 PM,1.497584
905.3,6:12:54.20 PM,1.497584
905.4,6:12:54.30 PM,1.497584
905.5,6:12:54.40 PM,1.497584
905.6,6:12:54.50 PM,1.497584
905.7,6:12:54.60 PM,1.5959328
905.8,6:12:54.70 PM,1.5959328
905.9,6:12:54.80 PM,1.5959328
906.0,6:12:54.90 PM,1.5959328
906.1,6:12:54.96 PM,1.5959328
906.2,6:12:55.10 PM,1.5959328
906.3,6:12:55.16 PM,1.5959328
906.4,6:12:55.27 PM,1.5959328
906.5,6:12:55.40 PM,1.5959328
906.6,6:12:55.47 PM,1.5959328
906.7,6:12:55.57 PM,1.5959328
906.8,6:12:55.68 PM,1.5959328
906.9,6:12:55.78 PM,1.5959328
907.0,6:12:55.88 PM,1.5959328
907.1,6:12:55.98 PM,1.5959328
907.2,6:12:56.09 PM,1.5959328
907.3,6:12:56.19 PM,1.5959328
907.4,6:12:56.29 PM,1.5959328
907.5,6:12:56.40 PM,1.5959328
907.6,6:12:56.50 PM,1.5959328
907.7,6:12:56.60 PM,1.5959328
907.8,6:12:56.71 PM,1.5959328
907.9,6:12:56.81 PM,1.6987519999999998
908.0,6:12:56.91 PM,1.6987519999999998
908.1,6:12:57.01 PM,1.6987519999999998
908.2,6:12:57.12 PM,1.6987519999999998
908.3,6:12:57.22 PM,1.6987519999999998
908.4,6:12:57.30 PM,1.6987519999999998
908.5,6:12:57.43 PM,1.6987519999999998
908.6,6:12:57.53 PM,1.6987519999999998
908.7,6:12:57.63 PM,1.6987519999999998
908.8,6:12:57.73 PM,1.6987519999999998
908.9,6:12:57.80 PM,1.6987519999999998
909.0,6:12:57.90 PM,1.6987519999999998
909.1,6:12:58.00 PM,1.6987519999999998
909.2,6:12:58.10 PM,1.6987519999999998
909.3,6:12:58.20 PM,1.6987519999999998
909.4,6:12:58.30 PM,1.6987519999999998
909.5,6:12:58.40 PM,1.6987519999999998
909.6,6:12:58.50 PM,1.6987519999999998
909.7,6:12:58.60 PM,1.6987519999999998
909.8,6:12:58.70 PM,1.6987519999999998
909.9,6:12:58.80 PM,1.6987519999999998
910.0,6:12:58.86 PM,1.6987519999999998
910.1,6:12:58.96 PM,1.7971007999999997
910.2,6:12:59.07 PM,1.7971007999999997
910.3,6:12:59.17 PM,1.7971007999999997
910.4,6:12:59.27 PM,1.7971007999999997
910.5,6:12:59.37 PM,1.7971007999999997
910.6,6:12:59.48 PM,1.7971007999999997
910.7,6:12:59.58 PM,1.7971007999999997
910.8,6:12:59.68 PM,1.7971007999999997
910.9,6:12:59.79 PM,1.7971007999999997
911.0,6:12:59.89 PM,1.7971007999999997
911.1,6:12:59.99 PM,1.7971007999999997
911.2,6:13:00.09 PM,1.7971007999999997
911.3,6:13:00.20 PM,1.7971007999999997
911.4,6:13:00.31 PM,1.7971007999999997
911.5,6:13:00.41 PM,1.7971007999999997
911.6,6:13:00.51 PM,1.7971007999999997
911.7,6:13:00.61 PM,1.7971007999999997
911.8,6:13:00.72 PM,1.7971007999999997
911.9,6:13:00.80 PM,1.7971007999999997
912.0,6:13:00.92 PM,1.7971007999999997
912.1,6:13:01.03 PM,1.7971007999999997
912.2,6:13:01.13 PM,1.7971007999999997
912.3,6:13:01.23 PM,1.7971007999999997
912.4,6:13:01.34 PM,1.7971007999999997
912.5,6:13:01.40 PM,1.7971007999999997
912.6,6:13:01.50 PM,1.7971007999999997
912.7,6:13:01.60 PM,1.7971007999999997
912.8,6:13:01.70 PM,1.7971007999999997
912.9,6:13:01.80 PM,1.7971007999999997
913.0,6:13:01.90 PM,1.7971007999999997
913.1,6:13:02.00 PM,1.7971007999999997
913.2,6:13:02.10 PM,1.7971007999999997
913.3,6:13:02.20 PM,1.7971007999999997
913.4,6:13:02.30 PM,1.7971007999999997
913.5,6:13:02.36 PM,1.7971007999999997
913.6,6:13:02.46 PM,1.7971007999999997
913.7,6:13:02.57 PM,1.7971007999999997
913.8,6:13:02.67 PM,1.7971007999999997
913.9,6:13:02.77 PM,1.7971007999999997
914.0,6:13:02.87 PM,1.7971007999999997
914.1,6:13:02.98 PM,1.7971007999999997
914.2,6:13:03.08 PM,1.7971007999999997
914.3,6:13:03.19 PM,1.7971007999999997
914.4,6:13:03.29 PM,1.6987519999999998
914.5,6:13:03.39 PM,1.6987519999999998
914.6,6:13:03.49 PM,1.6987519999999998
914.7,6:13:03.59 PM,1.6987519999999998
914.8,6:13:03.70 PM,1.6987519999999998
914.9,6:13:03.80 PM,1.6987519999999998
915.0,6:13:03.90 PM,1.6987519999999998
915.1,6:13:04.00 PM,1.6987519999999998
915.2,6:13:04.11 PM,1.6987519999999998
915.3,6:13:04.22 PM,1.6987519999999998
915.4,6:13:04.32 PM,1.6987519999999998
915.5,6:13:04.42 PM,1.6987519999999998
915.6,6:13:04.52 PM,1.6987519999999998
915.7,6:13:04.60 PM,1.6987519999999998
915.8,6:13:04.73 PM,1.6987519999999998
915.9,6:13:04.80 PM,1.6987519999999998
916.0,6:13:04.90 PM,1.6987519999999998
916.1,6:13:05.04 PM,1.6987519999999998
916.2,6:13:05.10 PM,1.6987519999999998
916.3,6:13:05.20 PM,1.6987519999999998
916.4,6:13:05.30 PM,1.6987519999999998
916.5,6:13:05.40 PM,1.6987519999999998
916.6,6:13:05.50 PM,1.6987519999999998
916.7,6:13:05.60 PM,1.6987519999999998
916.8,6:13:05.70 PM,1.6987519999999998
916.9,6:13:05.80 PM,1.6987519999999998
917.0,6:13:05.90 PM,1.6987519999999998
917.1,6:13:06.00 PM,1.6987519999999998
917.2,6:13:06.06 PM,1.6987519999999998
917.3,6:13:06.17 PM,1.6987519999999998
917.4,6:13:06.27 PM,1.6987519999999998
917.5,6:13:06.37 PM,1.6987519999999998
917.6,6:13:06.47 PM,1.6987519999999998
917.7,6:13:06.58 PM,1.6987519999999998
917.8,6:13:06.68 PM,1.6987519999999998
917.9,6:13:06.78 PM,1.6987519999999998
918.0,6:13:06.89 PM,1.6987519999999998
918.1,6:13:06.99 PM,1.6987519999999998
918.2,6:13:07.09 PM,1.6987519999999998
918.3,6:13:07.20 PM,1.6987519999999998
918.4,6:13:07.30 PM,1.6987519999999998
918.5,6:13:07.40 PM,1.6987519999999998
918.6,6:13:07.50 PM,1.6987519999999998
918.7,6:13:07.61 PM,1.6987519999999998
918.8,6:13:07.71 PM,1.7971007999999997
918.9,6:13:07.81 PM,1.7971007999999997
919.0,6:13:07.92 PM,1.7971007999999997
919.1,6:13:08.02 PM,1.7971007999999997
919.2,6:13:08.12 PM,1.7971007999999997
919.3,6:13:08.23 PM,1.7971007999999997
919.4,6:13:08.30 PM,1.7971007999999997
919.5,6:13:08.43 PM,1.7971007999999997
919.6,6:13:08.53 PM,1.7971007999999997
919.7,6:13:08.64 PM,1.6987519999999998
919.8,6:13:08.70 PM,1.6987519999999998
919.9,6:13:08.80 PM,1.6987519999999998
920.0,6:13:08.90 PM,1.6987519999999998
920.1,6:13:09.00 PM,1.6987519999999998
920.2,6:13:09.10 PM,1.6987519999999998
920.3,6:13:09.20 PM,1.6987519999999998
920.4,6:13:09.30 PM,1.6987519999999998
920.5,6:13:09.40 PM,1.6987519999999998
920.6,6:13:09.50 PM,1.6987519999999998
920.7,6:13:09.56 PM,1.6987519999999998
920.8,6:13:09.66 PM,1.6987519999999998
920.9,6:13:09.76 PM,1.6987519999999998
921.0,6:13:09.87 PM,1.6987519999999998
921.1,6:13:09.97 PM,1.6987519999999998
921.2,6:13:10.07 PM,1.6987519999999998
921.3,6:13:10.17 PM,1.6987519999999998
921.4,6:13:10.27 PM,1.6987519999999998
921.5,6:13:10.38 PM,1.6987519999999998
921.6,6:13:10.48 PM,1.6987519999999998
921.7,6:13:10.58 PM,1.5959328
921.8,6:13:10.68 PM,1.5959328
921.9,6:13:10.78 PM,1.5959328
922.0,6:13:10.89 PM,1.5959328
922.1,6:13:10.99 PM,1.5959328
922.2,6:13:11.09 PM,1.5959328
922.3,6:13:11.20 PM,1.5959328
922.4,6:13:11.30 PM,1.5959328
922.5,6:13:11.40 PM,1.5959328
922.6,6:13:11.50 PM,1.5959328
922.7,6:13:11.61 PM,1.5959328
922.8,6:13:11.71 PM,1.5959328
922.9,6:13:11.82 PM,1.5959328
923.0,6:13:11.92 PM,1.5959328
923.1,6:13:12.02 PM,1.5959328
923.2,6:13:12.13 PM,1.5959328
923.3,6:13:12.20 PM,1.5959328
923.4,6:13:12.30 PM,1.5959328
923.5,6:13:12.40 PM,1.5959328
923.6,6:13:12.50 PM,1.5959328
923.7,6:13:12.60 PM,1.5959328
923.8,6:13:12.70 PM,1.5959328
923.9,6:13:12.80 PM,1.5959328
924.0,6:13:12.90 PM,1.5959328
924.1,6:13:13.00 PM,1.5959328
924.2,6:13:13.10 PM,1.5959328
924.3,6:13:13.20 PM,1.5959328
924.4,6:13:13.26 PM,1.5959328
924.5,6:13:13.36 PM,1.5959328
924.6,6:13:13.50 PM,1.5959328
924.7,6:13:13.57 PM,1.5959328
924.8,6:13:13.67 PM,1.5959328
924.9,6:13:13.78 PM,1.5959328
925.0,6:13:13.88 PM,1.5959328
925.1,6:13:13.98 PM,1.5959328
925.2,6:13:14.09 PM,1.5959328
925.3,6:13:14.19 PM,1.5959328
925.4,6:13:14.29 PM,1.5959328
925.5,6:13:14.40 PM,1.5959328
925.6,6:13:14.50 PM,1.5959328
925.7,6:13:14.60 PM,1.5959328
925.8,6:13:14.71 PM,1.5959328
925.9,6:13:14.81 PM,1.5959328
926.0,6:13:14.91 PM,1.497584
926.1,6:13:15.01 PM,1.497584
926.2,6:13:15.12 PM,1.497584
926.3,6:13:15.20 PM,1.497584
926.4,6:13:15.32 PM,1.497584
926.5,6:13:15.43 PM,1.497584
926.6,6:13:15.53 PM,1.497584
926.7,6:13:15.63 PM,1.497584
926.8,6:13:15.70 PM,1.497584
926.9,6:13:15.80 PM,1.497584
927.0,6:13:15.90 PM,1.497584
927.1,6:13:16.00 PM,1.497584
927.2,6:13:16.10 PM,1.497584
927.3,6:13:16.20 PM,1.497584
927.4,6:13:16.30 PM,1.497584
927.5,6:13:16.40 PM,1.497584
927.6,6:13:16.50 PM,1.497584
927.7,6:13:16.56 PM,1.497584
927.8,6:13:16.70 PM,1.497584
927.9,6:13:16.77 PM,1.497584
928.0,6:13:16.87 PM,1.497584
928.1,6:13:16.97 PM,1.497584
928.2,6:13:17.07 PM,1.497584
928.3,6:13:17.18 PM,1.497584
928.4,6:13:17.28 PM,1.497584
928.5,6:13:17.39 PM,1.497584
928.6,6:13:17.49 PM,1.497584
928.7,6:13:17.59 PM,1.497584
928.8,6:13:17.70 PM,1.497584
928.9,6:13:17.80 PM,1.497584
929.0,6:13:17.90 PM,1.497584
929.1,6:13:18.00 PM,1.497584
929.2,6:13:18.11 PM,1.497584
929.3,6:13:18.21 PM,1.497584
929.4,6:13:18.31 PM,1.497584
929.5,6:13:18.40 PM,1.497584
929.6,6:13:18.52 PM,1.497584
929.7,6:13:18.60 PM,1.497584
929.8,6:13:18.70 PM,1.497584
929.9,6:13:18.83 PM,1.5959328
930.0,6:13:18.90 PM,1.5959328
930.1,6:13:19.04 PM,1.5959328
930.2,6:13:19.10 PM,1.5959328
930.3,6:13:19.20 PM,1.5959328
930.4,6:13:19.30 PM,1.5959328
930.5,6:13:19.40 PM,1.5959328
930.6,6:13:19.50 PM,1.5959328
930.7,6:13:19.60 PM,1.5959328
930.8,6:13:19.66 PM,1.5959328
930.9,6:13:19.76 PM,1.5959328
931.0,6:13:19.87 PM,1.5959328
931.1,6:13:19.97 PM,1.5959328
931.2,6:13:20.08 PM,1.5959328
931.3,6:13:20.19 PM,1.5959328
931.4,6:13:20.28 PM,1.5959328
931.5,6:13:20.39 PM,1.5959328
931.6,6:13:20.49 PM,1.5959328
931.7,6:13:20.60 PM,1.5959328
931.8,6:13:20.70 PM,1.5959328
931.9,6:13:20.80 PM,1.5959328
932.0,6:13:20.90 PM,1.5959328
932.1,6:13:21.01 PM,1.5959328
932.2,6:13:21.11 PM,1.5959328
932.3,6:13:21.21 PM,1.5959328
932.4,6:13:21.32 PM,1.5959328
932.5,6:13:21.42 PM,1.5959328
932.6,6:13:21.52 PM,1.5959328
932.7,6:13:21.60 PM,1.5959328
932.8,6:13:21.72 PM,1.5959328
932.9,6:13:21.83 PM,1.5959328
933.0,6:13:21.93 PM,1.5959328
933.1,6:13:22.00 PM,1.5959328
933.2,6:13:22.10 PM,1.5959328
933.3,6:13:22.20 PM,1.497584
933.4,6:13:22.30 PM,1.497584
933.5,6:13:22.40 PM,1.497584
933.6,6:13:22.50 PM,1.497584
933.7,6:13:22.60 PM,1.497584
933.8,6:13:22.66 PM,1.497584
933.9,6:13:22.76 PM,1.497584
934.0,6:13:22.86 PM,1.497584
934.1,6:13:22.97 PM,1.497584
934.2,6:13:23.10 PM,1.497584
934.3,6:13:23.18 PM,1.497584
934.4,6:13:23.28 PM,1.497584
934.5,6:13:23.39 PM,1.497584
934.6,6:13:23.49 PM,1.497584
934.7,6:13:23.59 PM,1.497584
934.8,6:13:23.70 PM,1.497584
934.9,6:13:23.80 PM,1.497584
935.0,6:13:23.91 PM,1.497584
935.1,6:13:24.01 PM,1.497584
935.2,6:13:24.11 PM,1.497584
935.3,6:13:24.22 PM,1.497584
935.4,6:13:24.32 PM,1.497584
935.5,6:13:24.43 PM,1.5959328
935.6,6:13:24.53 PM,1.5959328
935.7,6:13:24.63 PM,1.5959328
935.8,6:13:24.73 PM,1.5959328
935.9,6:13:24.80 PM,1.5959328
936.0,6:13:24.90 PM,1.5959328
936.1,6:13:25.00 PM,1.5959328
936.2,6:13:25.10 PM,1.5959328
936.3,6:13:25.20 PM,1.5959328
936.4,6:13:25.30 PM,1.5959328
936.5,6:13:25.36 PM,1.5959328
936.6,6:13:25.46 PM,1.5959328
936.7,6:13:25.56 PM,1.5959328
936.8,6:13:25.67 PM,1.5959328
936.9,6:13:25.77 PM,1.5959328
937.0,6:13:25.87 PM,1.5959328
937.1,6:13:25.98 PM,1.5959328
937.2,6:13:26.08 PM,1.5959328
937.3,6:13:26.18 PM,1.5959328
937.4,6:13:26.29 PM,1.497584
937.5,6:13:26.39 PM,1.497584
937.6,6:13:26.49 PM,1.497584
937.7,6:13:26.60 PM,1.497584
937.8,6:13:26.70 PM,1.497584
937.9,6:13:26.80 PM,1.497584
938.0,6:13:26.90 PM,1.497584
938.1,6:13:27.01 PM,1.497584
938.2,6:13:27.11 PM,1.497584
938.3,6:13:27.22 PM,1.497584
938.4,6:13:27.32 PM,1.497584
938.5,6:13:27.42 PM,1.497584
938.6,6:13:27.52 PM,1.497584
938.7,6:13:27.63 PM,1.497584
938.8,6:13:27.70 PM,1.497584
938.9,6:13:27.80 PM,1.497584
939.0,6:13:27.94 PM,1.497584
939.1,6:13:28.00 PM,1.497584
939.2,6:13:28.10 PM,1.497584
939.3,6:13:28.20 PM,1.3992352
939.4,6:13:28.30 PM,1.3992352
939.5,6:13:28.40 PM,1.3992352
939.6,6:13:28.50 PM,1.3992352
939.7,6:13:28.60 PM,1.3992352
939.8,6:13:28.66 PM,1.3992352
939.9,6:13:28.76 PM,1.3992352
940.0,6:13:28.87 PM,1.3992352
940.1,6:13:28.97 PM,1.3992352
940.2,6:13:29.07 PM,1.3992352
940.3,6:13:29.17 PM,1.3992352
940.4,6:13:29.28 PM,1.3992352
940.5,6:13:29.38 PM,1.3992352
940.6,6:13:29.49 PM,1.296416
940.7,6:13:29.59 PM,1.296416
940.8,6:13:29.69 PM,1.296416
940.9,6:13:29.79 PM,1.296416
941.0,6:13:29.90 PM,1.296416
941.1,6:13:30.00 PM,1.296416
941.2,6:13:30.11 PM,1.296416
941.3,6:13:30.21 PM,1.296416
941.4,6:13:30.32 PM,1.296416
941.5,6:13:30.42 PM,1.296416
941.6,6:13:30.52 PM,1.296416
941.7,6:13:30.63 PM,1.296416
941.8,6:13:30.73 PM,1.296416
941.9,6:13:30.83 PM,1.296416
942.0,6:13:30.90 PM,1.296416
942.1,6:13:31.00 PM,1.296416
942.2,6:13:31.10 PM,1.296416
942.3,6:13:31.20 PM,1.296416
942.4,6:13:31.30 PM,1.296416
942.5,6:13:31.40 PM,1.296416
942.6,6:13:31.50 PM,1.296416
942.7,6:13:31.60 PM,1.296416
942.8,6:13:31.66 PM,1.296416
942.9,6:13:31.76 PM,1.296416
943.0,6:13:31.90 PM,1.296416
943.1,6:13:31.97 PM,1.296416
943.2,6:13:32.07 PM,1.296416
943.3,6:13:32.17 PM,1.3992352
943.4,6:13:32.27 PM,1.3992352
943.5,6:13:32.38 PM,1.3992352
943.6,6:13:32.48 PM,1.3992352
943.7,6:13:32.58 PM,1.3992352
943.8,6:13:32.69 PM,1.3992352
943.9,6:13:32.79 PM,1.3992352
944.0,6:13:32.89 PM,1.3992352
944.1,6:13:33.00 PM,1.3992352
944.2,6:13:33.10 PM,1.3992352
944.3,6:13:33.20 PM,1.3992352
944.4,6:13:33.31 PM,1.3992352
944.5,6:13:33.41 PM,1.3992352
944.6,6:13:33.51 PM,1.3992352
944.7,6:13:33.60 PM,1.3992352
944.8,6:13:33.71 PM,1.3992352
944.9,6:13:33.80 PM,1.3992352
945.0,6:13:33.90 PM,1.3992352
945.1,6:13:34.02 PM,1.3992352
945.2,6:13:34.12 PM,1.3992352
945.3,6:13:34.23 PM,1.3992352
945.4,6:13:34.33 PM,1.3992352
945.5,6:13:34.40 PM,1.3992352
945.6,6:13:34.50 PM,1.3992352
945.7,6:13:34.60 PM,1.3992352
945.8,6:13:34.70 PM,1.3992352
945.9,6:13:34.80 PM,1.3992352
946.0,6:13:34.90 PM,1.3992352
946.1,6:13:35.00 PM,1.3992352
946.2,6:13:35.10 PM,1.3992352
946.3,6:13:35.16 PM,1.3992352
946.4,6:13:35.30 PM,1.296416
946.5,6:13:35.37 PM,1.296416
946.6,6:13:35.47 PM,1.296416
946.7,6:13:35.58 PM,1.296416
946.8,6:13:35.68 PM,1.296416
946.9,6:13:35.79 PM,1.296416
947.0,6:13:35.89 PM,1.296416
947.1,6:13:36.00 PM,1.296416
947.2,6:13:36.10 PM,1.296416
947.3,6:13:36.20 PM,1.296416
947.4,6:13:36.31 PM,1.296416
947.5,6:13:36.41 PM,1.296416
947.6,6:13:36.51 PM,1.296416
947.7,6:13:36.61 PM,1.296416
947.8,6:13:36.72 PM,1.296416
947.9,6:13:36.80 PM,1.296416
948.0,6:13:36.92 PM,1.296416
948.1,6:13:37.02 PM,1.296416
948.2,6:13:37.13 PM,1.296416
948.3,6:13:37.23 PM,1.296416
948.4,6:13:37.33 PM,1.296416
948.5,6:13:37.40 PM,1.296416
948.6,6:13:37.50 PM,1.296416
948.7,6:13:37.60 PM,1.296416
948.8,6:13:37.70 PM,1.296416
948.9,6:13:37.80 PM,1.296416
949.0,6:13:37.90 PM,1.296416
949.1,6:13:38.00 PM,1.296416
949.2,6:13:38.10 PM,1.296416
949.3,6:13:38.16 PM,1.296416
949.4,6:13:38.27 PM,1.296416
949.5,6:13:38.37 PM,1.296416
949.6,6:13:38.47 PM,1.3992352
949.7,6:13:38.57 PM,1.3992352
949.8,6:13:38.68 PM,1.3992352
949.9,6:13:38.78 PM,1.3992352
950.0,6:13:38.88 PM,1.3992352
950.1,6:13:38.98 PM,1.3992352
950.2,6:13:39.08 PM,1.3992352
950.3,6:13:39.19 PM,1.3992352
950.4,6:13:39.29 PM,1.3992352
950.5,6:13:39.39 PM,1.3992352
950.6,6:13:39.49 PM,1.3992352
950.7,6:13:39.59 PM,1.3992352
950.8,6:13:39.70 PM,1.3992352
950.9,6:13:39.80 PM,1.3992352
951.0,6:13:39.90 PM,1.3992352
951.1,6:13:40.01 PM,1.3992352
951.2,6:13:40.11 PM,1.3992352
951.3,6:13:40.22 PM,1.3992352
951.4,6:13:40.30 PM,1.3992352
951.5,6:13:40.43 PM,1.3992352
951.6,6:13:40.53 PM,1.3992352
951.7,6:13:40.60 PM,1.3992352
951.8,6:13:40.74 PM,1.3992352
951.9,6:13:40.80 PM,1.3992352
952.0,6:13:40.90 PM,1.3992352
952.1,6:13:41.00 PM,1.3992352
952.2,6:13:41.10 PM,1.3992352
952.3,6:13:41.20 PM,1.3992352
952.4,6:13:41.30 PM,1.3992352
952.5,6:13:41.40 PM,1.3992352
952.6,6:13:41.50 PM,1.3992352
952.7,6:13:41.60 PM,1.3992352
952.8,6:13:41.70 PM,1.3992352
952.9,6:13:41.76 PM,1.3992352
953.0,6:13:41.86 PM,1.296416
953.1,6:13:41.96 PM,1.296416
953.2,6:13:42.07 PM,1.296416
953.3,6:13:42.18 PM,1.296416
953.4,6:13:42.28 PM,1.296416
953.5,6:13:42.39 PM,1.296416
953.6,6:13:42.49 PM,1.296416
953.7,6:13:42.60 PM,1.296416
953.8,6:13:42.70 PM,1.296416
953.9,6:13:42.80 PM,1.296416
954.0,6:13:42.90 PM,1.296416
954.1,6:13:43.00 PM,1.296416
954.2,6:13:43.11 PM,1.296416
954.3,6:13:43.21 PM,1.296416
954.4,6:13:43.30 PM,1.296416
954.5,6:13:43.42 PM,1.296416
954.6,6:13:43.52 PM,1.296416
954.7,6:13:43.60 PM,1.296416
954.8,6:13:43.70 PM,1.296416
954.9,6:13:43.80 PM,1.296416
955.0,6:13:43.90 PM,1.296416
955.1,6:13:44.03 PM,1.296416
955.2,6:13:44.10 PM,1.296416
955.3,6:13:44.20 PM,1.296416
955.4,6:13:44.30 PM,1.296416
955.5,6:13:44.40 PM,1.296416
955.6,6:13:44.50 PM,1.296416
955.7,6:13:44.60 PM,1.296416
955.8,6:13:44.70 PM,1.296416
955.9,6:13:44.76 PM,1.296416
956.0,6:13:44.86 PM,1.296416
956.1,6:13:44.97 PM,1.296416
956.2,6:13:45.07 PM,1.3992352
956.3,6:13:45.17 PM,1.3992352
956.4,6:13:45.28 PM,1.3992352
956.5,6:13:45.38 PM,1.3992352
956.6,6:13:45.50 PM,1.3992352
956.7,6:13:45.58 PM,1.3992352
956.8,6:13:45.69 PM,1.3992352
956.9,6:13:45.79 PM,1.3992352
957.0,6:13:45.90 PM,1.3992352
957.1,6:13:46.00 PM,1.3992352
957.2,6:13:46.10 PM,1.3992352
957.3,6:13:46.21 PM,1.3992352
957.4,6:13:46.32 PM,1.3992352
957.5,6:13:46.42 PM,1.3992352
957.6,6:13:46.50 PM,1.3992352
957.7,6:13:46.60 PM,1.3992352
957.8,6:13:46.73 PM,1.3992352
957.9,6:13:46.80 PM,1.3992352
958.0,6:13:46.90 PM,1.3992352
958.1,6:13:47.00 PM,1.3992352
958.2,6:13:47.10 PM,1.3992352
958.3,6:13:47.20 PM,1.3992352
958.4,6:13:47.30 PM,1.3992352
958.5,6:13:47.40 PM,1.3992352
958.6,6:13:47.50 PM,1.3992352
958.7,6:13:47.60 PM,1.3992352
958.8,6:13:47.70 PM,1.3992352
958.9,6:13:47.76 PM,1.3992352
959.0,6:13:47.86 PM,1.296416
959.1,6:13:47.97 PM,1.296416
959.2,6:13:48.07 PM,1.296416
959.3,6:13:48.17 PM,1.296416
959.4,6:13:48.27 PM,1.296416
959.5,6:13:48.38 PM,1.296416
959.6,6:13:48.48 PM,1.296416
959.7,6:13:48.58 PM,1.296416
959.8,6:13:48.68 PM,1.296416
959.9,6:13:48.79 PM,1.296416
960.0,6:13:48.89 PM,1.296416
960.1,6:13:48.99 PM,1.296416
960.2,6:13:49.09 PM,1.296416
960.3,6:13:49.19 PM,1.296416
960.4,6:13:49.30 PM,1.296416
960.5,6:13:49.40 PM,1.296416
960.6,6:13:49.50 PM,1.296416
960.7,6:13:49.61 PM,1.296416
960.8,6:13:49.71 PM,1.296416
960.9,6:13:49.80 PM,1.296416
961.0,6:13:49.91 PM,1.296416
961.1,6:13:50.01 PM,1.296416
961.2,6:13:50.12 PM,1.296416
961.3,6:13:50.22 PM,1.296416
961.4,6:13:50.32 PM,1.296416
961.5,6:13:50.43 PM,1.296416
961.6,6:13:50.50 PM,1.296416
961.7,6:13:50.63 PM,1.296416
961.8,6:13:50.70 PM,1.296416
961.9,6:13:50.80 PM,1.296416
962.0,6:13:50.90 PM,1.296416
962.1,6:13:51.00 PM,1.296416
962.2,6:13:51.10 PM,1.296416
962.3,6:13:51.16 PM,1.296416
962.4,6:13:51.27 PM,1.296416
962.5,6:13:51.37 PM,1.296416
962.6,6:13:51.47 PM,1.296416
962.7,6:13:51.57 PM,1.296416
962.8,6:13:51.68 PM,1.296416
962.9,6:13:51.78 PM,1.296416
963.0,6:13:51.88 PM,1.296416
963.1,6:13:51.99 PM,1.296416
963.2,6:13:52.09 PM,1.296416
963.3,6:13:52.19 PM,1.296416
963.4,6:13:52.29 PM,1.296416
963.5,6:13:52.40 PM,1.296416
963.6,6:13:52.50 PM,1.296416
963.7,6:13:52.60 PM,1.296416
963.8,6:13:52.71 PM,1.296416
963.9,6:13:52.81 PM,1.296416
964.0,6:13:52.91 PM,1.296416
964.1,6:13:53.02 PM,1.296416
964.2,6:13:53.10 PM,1.296416
964.3,6:13:53.23 PM,1.296416
964.4,6:13:53.30 PM,1.296416
964.5,6:13:53.40 PM,1.3992352
964.6,6:13:53.50 PM,1.3992352
964.7,6:13:53.60 PM,1.3992352
964.8,6:13:53.70 PM,1.3992352
964.9,6:13:53.80 PM,1.3992352
965.0,6:13:53.90 PM,1.3992352
965.1,6:13:54.00 PM,1.3992352
965.2,6:13:54.06 PM,1.3992352
965.3,6:13:54.17 PM,1.3992352
965.4,6:13:54.27 PM,1.3992352
965.5,6:13:54.37 PM,1.3992352
965.6,6:13:54.48 PM,1.3992352
965.7,6:13:54.58 PM,1.497584
965.8,6:13:54.68 PM,1.497584
965.9,6:13:54.79 PM,1.497584
966.0,6:13:54.89 PM,1.497584
966.1,6:13:54.99 PM,1.497584
966.2,6:13:55.10 PM,1.497584
966.3,6:13:55.21 PM,1.497584
966.4,6:13:55.31 PM,1.497584
966.5,6:13:55.42 PM,1.497584
966.6,6:13:55.52 PM,1.497584
966.7,6:13:55.60 PM,1.497584
966.8,6:13:55.70 PM,1.497584
966.9,6:13:55.84 PM,1.497584
967.0,6:13:55.90 PM,1.497584
967.1,6:13:56.00 PM,1.497584
967.2,6:13:56.10 PM,1.497584
967.3,6:13:56.20 PM,1.497584
967.4,6:13:56.30 PM,1.497584
967.5,6:13:56.40 PM,1.497584
967.6,6:13:56.50 PM,1.497584
967.7,6:13:56.56 PM,1.497584
967.8,6:13:56.66 PM,1.497584
967.9,6:13:56.77 PM,1.497584
968.0,6:13:56.88 PM,1.497584
968.1,6:13:56.99 PM,1.497584
968.2,6:13:57.09 PM,1.5959328
968.3,6:13:57.20 PM,1.5959328
968.4,6:13:57.30 PM,1.5959328
968.5,6:13:57.40 PM,1.5959328
968.6,6:13:57.50 PM,1.5959328
968.7,6:13:57.61 PM,1.5959328
968.8,6:13:57.71 PM,1.5959328
968.9,6:13:57.81 PM,1.5959328
969.0,6:13:57.91 PM,1.5959328
969.1,6:13:58.02 PM,1.5959328
969.2,6:13:58.12 PM,1.5959328
969.3,6:13:58.23 PM,1.5959328
969.4,6:13:58.33 PM,1.5959328
969.5,6:13:58.40 PM,1.5959328
969.6,6:13:58.53 PM,1.5959328
969.7,6:13:58.60 PM,1.5959328
969.8,6:13:58.70 PM,1.5959328
969.9,6:13:58.80 PM,1.5959328
970.0,6:13:58.90 PM,1.5959328
970.1,6:13:59.00 PM,1.5959328
970.2,6:13:59.10 PM,1.5959328
970.3,6:13:59.20 PM,1.5959328
970.4,6:13:59.30 PM,1.5959328
970.5,6:13:59.40 PM,1.5959328
970.6,6:13:59.46 PM,1.5959328
970.7,6:13:59.60 PM,1.5959328
970.8,6:13:59.67 PM,1.5959328
970.9,6:13:59.77 PM,1.5959328
971.0,6:13:59.87 PM,1.5959328
971.1,6:13:59.98 PM,1.5959328
971.2,6:14:00.08 PM,1.5959328
971.3,6:14:00.18 PM,1.5959328
971.4,6:14:00.28 PM,1.5959328
971.5,6:14:00.39 PM,1.5959328
971.6,6:14:00.49 PM,1.5959328
971.7,6:14:00.59 PM,1.5959328
971.8,6:14:00.70 PM,1.5959328
971.9,6:14:00.80 PM,1.5959328
972.0,6:14:00.90 PM,1.5959328
972.1,6:14:01.01 PM,1.5959328
972.2,6:14:01.11 PM,1.5959328
972.3,6:14:01.22 PM,1.5959328
972.4,6:14:01.32 PM,1.5959328
972.5,6:14:01.43 PM,1.5959328
972.6,6:14:01.50 PM,1.5959328
972.7,6:14:01.63 PM,1.5959328
972.8,6:14:01.73 PM,1.5959328
972.9,6:14:01.80 PM,1.5959328
973.0,6:14:01.90 PM,1.5959328
973.1,6:14:02.00 PM,1.5959328
973.2,6:14:02.10 PM,1.5959328
973.3,6:14:02.20 PM,1.5959328
973.4,6:14:02.30 PM,1.5959328
973.5,6:14:02.40 PM,1.5959328
973.6,6:14:02.50 PM,1.497584
973.7,6:14:02.60 PM,1.497584
973.8,6:14:02.66 PM,1.497584
973.9,6:14:02.77 PM,1.497584
974.0,6:14:02.87 PM,1.497584
974.1,6:14:02.97 PM,1.497584
974.2,6:14:03.08 PM,1.497584
974.3,6:14:03.18 PM,1.497584
974.4,6:14:03.28 PM,1.497584
974.5,6:14:03.38 PM,1.497584
974.6,6:14:03.48 PM,1.497584
974.7,6:14:03.58 PM,1.497584
974.8,6:14:03.69 PM,1.497584
974.9,6:14:03.79 PM,1.497584
975.0,6:14:03.90 PM,1.497584
975.1,6:14:04.00 PM,1.497584
975.2,6:14:04.10 PM,1.497584
975.3,6:14:04.21 PM,1.497584
975.4,6:14:04.31 PM,1.497584
975.5,6:14:04.41 PM,1.497584
975.6,6:14:04.50 PM,1.497584
975.7,6:14:04.60 PM,1.497584
975.8,6:14:04.73 PM,1.497584
975.9,6:14:04.83 PM,1.497584
976.0,6:14:04.94 PM,1.497584
976.1,6:14:05.00 PM,1.497584
976.2,6:14:05.10 PM,1.497584
976.3,6:14:05.20 PM,1.497584
976.4,6:14:05.30 PM,1.497584
976.5,6:14:05.40 PM,1.497584
976.6,6:14:05.50 PM,1.497584
976.7,6:14:05.60 PM,1.497584
976.8,6:14:05.66 PM,1.497584
976.9,6:14:05.76 PM,1.497584
977.0,6:14:05.86 PM,1.497584
977.1,6:14:05.97 PM,1.497584
977.2,6:14:06.07 PM,1.497584
977.3,6:14:06.18 PM,1.497584
977.4,6:14:06.28 PM,1.497584
977.5,6:14:06.39 PM,1.497584
977.6,6:14:06.49 PM,1.497584
977.7,6:14:06.60 PM,1.497584
977.8,6:14:06.70 PM,1.497584
977.9,6:14:06.80 PM,1.497584
978.0,6:14:06.91 PM,1.497584
978.1,6:14:07.01 PM,1.497584
978.2,6:14:07.12 PM,1.497584
978.3,6:14:07.22 PM,1.497584
978.4,6:14:07.32 PM,1.497584
978.5,6:14:07.42 PM,1.497584
978.6,6:14:07.50 PM,1.497584
978.7,6:14:07.63 PM,1.497584
978.8,6:14:07.70 PM,1.497584
978.9,6:14:07.80 PM,1.497584
979.0,6:14:07.90 PM,1.497584
979.1,6:14:08.00 PM,1.497584
979.2,6:14:08.10 PM,1.497584
979.3,6:14:08.20 PM,1.497584
979.4,6:14:08.30 PM,1.497584
979.5,6:14:08.40 PM,1.497584
979.6,6:14:08.46 PM,1.497584
979.7,6:14:08.57 PM,1.497584
979.8,6:14:08.70 PM,1.497584
979.9,6:14:08.78 PM,1.497584
980.0,6:14:08.88 PM,1.497584
980.1,6:14:08.98 PM,1.497584
980.2,6:14:09.08 PM,1.497584
980.3,6:14:09.19 PM,1.497584
980.4,6:14:09.29 PM,1.497584
980.5,6:14:09.40 PM,1.497584
980.6,6:14:09.50 PM,1.497584
980.7,6:14:09.60 PM,1.497584
980.8,6:14:09.71 PM,1.497584
980.9,6:14:09.81 PM,1.497584
981.0,6:14:09.92 PM,1.497584
981.1,6:14:10.02 PM,1.497584
981.2,6:14:10.13 PM,1.497584
981.3,6:14:10.20 PM,1.497584
981.4,6:14:10.33 PM,1.497584
981.5,6:14:10.40 PM,1.497584
981.6,6:14:10.50 PM,1.497584
981.7,6:14:10.60 PM,1.497584
981.8,6:14:10.70 PM,1.497584
981.9,6:14:10.80 PM,1.497584
982.0,6:14:10.90 PM,1.497584
982.1,6:14:11.00 PM,1.497584
982.2,6:14:11.10 PM,1.497584
982.3,6:14:11.20 PM,1.497584
982.4,6:14:11.30 PM,1.3992352
982.5,6:14:11.36 PM,1.3992352
982.6,6:14:11.46 PM,1.3992352
982.7,6:14:11.60 PM,1.3992352
982.8,6:14:11.67 PM,1.3992352
982.9,6:14:11.78 PM,1.3992352
983.0,6:14:11.88 PM,1.3992352
983.1,6:14:11.98 PM,1.3992352
983.2,6:14:12.08 PM,1.3992352
983.3,6:14:12.18 PM,1.3992352
983.4,6:14:12.29 PM,1.3992352
983.5,6:14:12.39 PM,1.3992352
983.6,6:14:12.50 PM,1.3992352
983.7,6:14:12.60 PM,1.3992352
983.8,6:14:12.71 PM,1.3992352
983.9,6:14:12.81 PM,1.3992352
984.0,6:14:12.92 PM,1.3992352
984.1,6:14:13.02 PM,1.3992352
984.2,6:14:13.12 PM,1.3992352
984.3,6:14:13.20 PM,1.3992352
984.4,6:14:13.33 PM,1.3992352
984.5,6:14:13.43 PM,1.3992352
984.6,6:14:13.50 PM,1.3992352
984.7,6:14:13.60 PM,1.3992352
984.8,6:14:13.70 PM,1.296416
984.9,6:14:13.80 PM,1.296416
985.0,6:14:13.90 PM,1.296416
985.1,6:14:14.00 PM,1.296416
985.2,6:14:14.10 PM,1.296416
985.3,6:14:14.20 PM,1.296416
985.4,6:14:14.26 PM,1.296416
985.5,6:14:14.37 PM,1.296416
985.6,6:14:14.47 PM,1.296416
985.7,6:14:14.57 PM,1.296416
985.8,6:14:14.67 PM,1.296416
985.9,6:14:14.78 PM,1.1980672
986.0,6:14:14.88 PM,1.1980672
986.1,6:14:14.98 PM,1.1980672
986.2,6:14:15.08 PM,1.1980672
986.3,6:14:15.19 PM,1.1980672
986.4,6:14:15.29 PM,1.1980672
986.5,6:14:15.40 PM,1.1980672
986.6,6:14:15.50 PM,1.1980672
986.7,6:14:15.60 PM,1.1980672
986.8,6:14:15.71 PM,1.1980672
986.9,6:14:15.80 PM,1.1980672
987.0,6:14:15.91 PM,1.1980672
987.1,6:14:16.01 PM,1.1980672
987.2,6:14:16.12 PM,1.1980672
987.3,6:14:16.22 PM,1.0997184
987.4,6:14:16.32 PM,1.0997184
987.5,6:14:16.43 PM,1.0997184
987.6,6:14:16.50 PM,1.0997184
987.7,6:14:16.60 PM,1.0997184
987.8,6:14:16.73 PM,1.0997184
987.9,6:14:16.80 PM,1.0997184
988.0,6:14:16.90 PM,1.0997184
988.1,6:14:17.00 PM,1.0997184
988.2,6:14:17.10 PM,1.0997184
988.3,6:14:17.20 PM,1.0997184
988.4,6:14:17.30 PM,1.0997184
988.5,6:14:17.40 PM,1.0997184
988.6,6:14:17.46 PM,1.0997184
988.7,6:14:17.56 PM,1.0997184
988.8,6:14:17.67 PM,1.0997184
988.9,6:14:17.77 PM,1.0997184
989.0,6:14:17.87 PM,1.0997184
989.1,6:14:17.97 PM,1.0997184
989.2,6:14:18.08 PM,1.0997184
989.3,6:14:18.19 PM,1.0997184
989.4,6:14:18.29 PM,1.0997184
989.5,6:14:18.40 PM,1.0997184
989.6,6:14:18.50 PM,1.0997184
989.7,6:14:18.60 PM,1.0997184
989.8,6:14:18.71 PM,1.0997184
989.9,6:14:18.80 PM,1.0997184
990.0,6:14:18.90 PM,0.9968992
990.1,6:14:19.01 PM,0.9968992
990.2,6:14:19.12 PM,0.9968992
990.3,6:14:19.22 PM,0.9968992
990.4,6:14:19.32 PM,0.9968992
990.5,6:14:19.43 PM,1.0997184
990.6,6:14:19.50 PM,1.0997184
990.7,6:14:19.63 PM,1.0997184
990.8,6:14:19.70 PM,1.0997184
990.9,6:14:19.80 PM,1.0997184
991.0,6:14:19.90 PM,1.0997184
991.1,6:14:20.00 PM,1.0997184
991.2,6:14:20.10 PM,1.0997184
991.3,6:14:20.20 PM,1.0997184
991.4,6:14:20.30 PM,1.0997184
991.5,6:14:20.40 PM,1.0997184
991.6,6:14:20.50 PM,1.0997184
991.7,6:14:20.60 PM,1.0997184
991.8,6:14:20.70 PM,1.0997184
991.9,6:14:20.77 PM,1.0997184
992.0,6:14:20.87 PM,1.0997184
992.1,6:14:20.97 PM,1.0997184
992.2,6:14:21.07 PM,1.0997184
992.3,6:14:21.18 PM,0.9968992
992.4,6:14:21.28 PM,0.9968992
992.5,6:14:21.39 PM,0.9968992
992.6,6:14:21.49 PM,0.9968992
992.7,6:14:21.59 PM,0.9968992
992.8,6:14:21.70 PM,0.9968992
992.9,6:14:21.80 PM,0.9968992
993.0,6:14:21.90 PM,0.9968992
993.1,6:14:22.00 PM,0.9968992
993.2,6:14:22.11 PM,0.9968992
993.3,6:14:22.21 PM,0.9968992
993.4,6:14:22.31 PM,0.9968992
993.5,6:14:22.42 PM,0.9968992
993.6,6:14:22.50 PM,0.9968992
993.7,6:14:22.62 PM,0.9968992
993.8,6:14:22.70 PM,0.9968992
993.9,6:14:22.80 PM,0.9968992
994.0,6:14:22.90 PM,0.9968992
994.1,6:14:23.03 PM,0.9968992
994.2,6:14:23.13 PM,0.9968992
994.3,6:14:23.20 PM,0.9968992
994.4,6:14:23.30 PM,0.9968992
994.5,6:14:23.40 PM,0.9968992
994.6,6:14:23.50 PM,0.9968992
994.7,6:14:23.60 PM,0.9968992
994.8,6:14:23.70 PM,0.9968992
994.9,6:14:23.80 PM,0.9968992
995.0,6:14:23.86 PM,0.9968992
995.1,6:14:23.96 PM,0.9968992
995.2,6:14:24.06 PM,0.9968992
995.3,6:14:24.17 PM,0.9968992
995.4,6:14:24.27 PM,0.9968992
995.5,6:14:24.37 PM,0.9968992
995.6,6:14:24.48 PM,0.9968992
995.7,6:14:24.58 PM,1.0997184
995.8,6:14:24.70 PM,1.0997184
995.9,6:14:24.78 PM,1.0997184
996.0,6:14:24.88 PM,1.0997184
996.1,6:14:24.99 PM,1.0997184
996.2,6:14:25.10 PM,1.0997184
996.3,6:14:25.19 PM,1.0997184
996.4,6:14:25.30 PM,1.0997184
996.5,6:14:25.40 PM,1.0997184
996.6,6:14:25.50 PM,1.0997184
996.7,6:14:25.61 PM,1.0997184
996.8,6:14:25.71 PM,1.0997184
996.9,6:14:25.81 PM,1.0997184
997.0,6:14:25.92 PM,1.0997184
997.1,6:14:26.02 PM,1.0997184
997.2,6:14:26.12 PM,1.0997184
997.3,6:14:26.22 PM,1.0997184
997.4,6:14:26.33 PM,1.0997184
997.5,6:14:26.43 PM,1.0997184
997.6,6:14:26.53 PM,1.0997184
997.7,6:14:26.60 PM,0.9968992
997.8,6:14:26.70 PM,0.9968992
997.9,6:14:26.80 PM,0.9968992
998.0,6:14:26.90 PM,0.9968992
998.1,6:14:27.00 PM,0.9968992
998.2,6:14:27.10 PM,0.9968992
998.3,6:14:27.20 PM,0.9968992
998.4,6:14:27.30 PM,0.9968992
998.5,6:14:27.40 PM,0.9968992
998.6,6:14:27.50 PM,0.9968992
998.7,6:14:27.60 PM,0.9968992
998.8,6:14:27.66 PM,0.9968992
998.9,6:14:27.77 PM,0.9968992
999.0,6:14:27.87 PM,0.9968992
999.1,6:14:27.97 PM,0.9968992
999.2,6:14:28.07 PM,0.9968992
999.3,6:14:28.18 PM,0.9968992
999.4,6:14:28.28 PM,0.9968992
999.5,6:14:28.38 PM,0.9968992
999.6,6:14:28.48 PM,0.9968992
999.7,6:14:28.58 PM,0.8985503999999999
999.8,6:14:28.69 PM,0.8985503999999999
999.9,6:14:28.79 PM,0.8985503999999999
1000.0,6:14:28.90 PM,0.8985503999999999
1000.1,6:14:29.00 PM,0.8985503999999999
1000.2,6:14:29.10 PM,0.8985503999999999
1000.3,6:14:29.20 PM,0.8985503999999999
1000.4,6:14:29.30 PM,0.8985503999999999
1000.5,6:14:29.40 PM,0.8985503999999999
1000.6,6:14:29.51 PM,0.8985503999999999
1000.7,6:14:29.61 PM,0.8985503999999999
1000.8,6:14:29.71 PM,0.8985503999999999
1000.9,6:14:29.82 PM,0.8985503999999999
1001.0,6:14:29.92 PM,0.8985503999999999
1001.1,6:14:30.03 PM,0.8985503999999999
1001.2,6:14:30.10 PM,0.8985503999999999
1001.3,6:14:30.20 PM,0.8985503999999999
1001.4,6:14:30.34 PM,0.8985503999999999
1001.5,6:14:30.40 PM,0.8985503999999999
1001.6,6:14:30.50 PM,0.8985503999999999
1001.7,6:14:30.60 PM,0.8985503999999999
1001.8,6:14:30.70 PM,0.8985503999999999
1001.9,6:14:30.80 PM,0.8985503999999999
1002.0,6:14:30.90 PM,0.8985503999999999
1002.1,6:14:31.00 PM,0.8985503999999999
1002.2,6:14:31.10 PM,0.8985503999999999
1002.3,6:14:31.16 PM,0.8985503999999999
1002.4,6:14:31.26 PM,0.8985503999999999
1002.5,6:14:31.37 PM,0.8985503999999999
1002.6,6:14:31.47 PM,0.8985503999999999
1002.7,6:14:31.57 PM,0.8985503999999999
1002.8,6:14:31.68 PM,0.8985503999999999
1002.9,6:14:31.78 PM,0.8985503999999999
1003.0,6:14:31.88 PM,0.8985503999999999
1003.1,6:14:31.98 PM,0.8985503999999999
1003.2,6:14:32.09 PM,0.8985503999999999
1003.3,6:14:32.19 PM,0.8985503999999999
1003.4,6:14:32.29 PM,0.8985503999999999
1003.5,6:14:32.40 PM,0.8985503999999999
1003.6,6:14:32.50 PM,0.8985503999999999
1003.7,6:14:32.60 PM,0.8985503999999999
1003.8,6:14:32.70 PM,0.8985503999999999
1003.9,6:14:32.80 PM,0.8985503999999999
1004.0,6:14:32.91 PM,0.8985503999999999
1004.1,6:14:33.01 PM,0.8985503999999999
1004.2,6:14:33.11 PM,0.8985503999999999
1004.3,6:14:33.20 PM,0.8985503999999999
1004.4,6:14:33.33 PM,0.8985503999999999
1004.5,6:14:33.43 PM,0.8985503999999999
1004.6,6:14:33.53 PM,0.8985503999999999
1004.7,6:14:33.60 PM,0.9968992
1004.8,6:14:33.70 PM,0.9968992
1004.9,6:14:33.80 PM,0.9968992
1005.0,6:14:33.90 PM,0.9968992
1005.1,6:14:34.00 PM,0.9968992
1005.2,6:14:34.10 PM,0.9968992
1005.3,6:14:34.20 PM,0.9968992
1005.4,6:14:34.30 PM,0.9968992
1005.5,6:14:34.36 PM,0.9968992
1005.6,6:14:34.46 PM,0.9968992
1005.7,6:14:34.57 PM,0.9968992
1005.8,6:14:34.67 PM,0.9968992
1005.9,6:14:34.77 PM,0.9968992
1006.0,6:14:34.88 PM,0.9968992
1006.1,6:14:34.98 PM,0.9968992
1006.2,6:14:35.08 PM,0.9968992
1006.3,6:14:35.18 PM,0.9968992
1006.4,6:14:35.28 PM,0.9968992
1006.5,6:14:35.39 PM,1.0997184
1006.6,6:14:35.49 PM,1.0997184
1006.7,6:14:35.59 PM,1.0997184
1006.8,6:14:35.69 PM,1.0997184
1006.9,6:14:35.80 PM,1.0997184
1007.0,6:14:35.91 PM,1.0997184
1007.1,6:14:36.01 PM,1.0997184
1007.2,6:14:36.11 PM,1.0997184
1007.3,6:14:36.22 PM,1.0997184
1007.4,6:14:36.32 PM,1.0997184
1007.5,6:14:36.42 PM,1.0997184
1007.6,6:14:36.53 PM,1.0997184
1007.7,6:14:36.63 PM,0.9968992
1007.8,6:14:36.73 PM,0.9968992
1007.9,6:14:36.80 PM,0.9968992
1008.0,6:14:36.94 PM,0.9968992
1008.1,6:14:37.00 PM,0.9968992
1008.2,6:14:37.10 PM,0.9968992
1008.3,6:14:37.20 PM,0.9968992
1008.4,6:14:37.30 PM,0.9968992
1008.5,6:14:37.40 PM,0.9968992
1008.6,6:14:37.50 PM,0.9968992
1008.7,6:14:37.60 PM,0.9968992
1008.8,6:14:37.66 PM,0.9968992
1008.9,6:14:37.76 PM,0.9968992
1009.0,6:14:37.87 PM,0.9968992
1009.1,6:14:37.97 PM,0.9968992
1009.2,6:14:38.08 PM,0.9968992
1009.3,6:14:38.18 PM,0.9968992
1009.4,6:14:38.28 PM,0.9968992
1009.5,6:14:38.39 PM,0.9968992
1009.6,6:14:38.49 PM,0.9968992
1009.7,6:14:38.59 PM,0.9968992
1009.8,6:14:38.70 PM,0.9968992
1009.9,6:14:38.80 PM,0.9968992
1010.0,6:14:38.90 PM,0.9968992
1010.1,6:14:39.01 PM,0.9968992
1010.2,6:14:39.11 PM,0.9968992
1010.3,6:14:39.22 PM,0.9968992
1010.4,6:14:39.32 PM,0.9968992
1010.5,6:14:39.42 PM,0.9968992
1010.6,6:14:39.52 PM,0.9968992
1010.7,6:14:39.63 PM,0.9968992
1010.8,6:14:39.70 PM,1.0997184
1010.9,6:14:39.80 PM,1.0997184
1011.0,6:14:39.93 PM,1.0997184
1011.1,6:14:40.00 PM,1.0997184
1011.2,6:14:40.10 PM,1.0997184
1011.3,6:14:40.20 PM,1.0997184
1011.4,6:14:40.30 PM,1.0997184
1011.5,6:14:40.40 PM,1.0997184
1011.6,6:14:40.50 PM,1.0997184
1011.7,6:14:40.60 PM,1.0997184
1011.8,6:14:40.70 PM,1.0997184
1011.9,6:14:40.80 PM,1.0997184
1012.0,6:14:40.86 PM,1.0997184
1012.1,6:14:41.00 PM,1.0997184
1012.2,6:14:41.06 PM,1.1980672
1012.3,6:14:41.17 PM,1.1980672
1012.4,6:14:41.27 PM,1.1980672
1012.5,6:14:41.37 PM,1.1980672
1012.6,6:14:41.48 PM,1.1980672
1012.7,6:14:41.58 PM,1.1980672
1012.8,6:14:41.68 PM,1.1980672
1012.9,6:14:41.79 PM,1.1980672
1013.0,6:14:41.89 PM,1.296416
1013.1,6:14:41.99 PM,1.296416
1013.2,6:14:42.10 PM,1.296416
1013.3,6:14:42.20 PM,1.296416
1013.4,6:14:42.30 PM,1.296416
1013.5,6:14:42.41 PM,1.296416
1013.6,6:14:42.51 PM,1.296416
1013.7,6:14:42.61 PM,1.296416
1013.8,6:14:42.71 PM,1.296416
1013.9,6:14:42.82 PM,1.296416
1014.0,6:14:42.90 PM,1.296416
1014.1,6:14:43.03 PM,1.296416
1014.2,6:14:43.13 PM,1.296416
1014.3,6:14:43.20 PM,1.296416
1014.4,6:14:43.30 PM,1.296416
1014.5,6:14:43.40 PM,1.3992352
1014.6,6:14:43.50 PM,1.3992352
1014.7,6:14:43.56 PM,1.3992352
1014.8,6:14:43.66 PM,1.3992352
1014.9,6:14:43.76 PM,1.3992352
1015.0,6:14:43.87 PM,1.3992352
1015.1,6:14:43.97 PM,1.3992352
1015.2,6:14:44.07 PM,1.3992352
1015.3,6:14:44.18 PM,1.3992352
1015.4,6:14:44.28 PM,1.3992352
1015.5,6:14:44.38 PM,1.3992352
1015.6,6:14:44.48 PM,1.3992352
1015.7,6:14:44.58 PM,1.3992352
1015.8,6:14:44.69 PM,1.3992352
1015.9,6:14:44.79 PM,1.3992352
1016.0,6:14:44.89 PM,1.3992352
1016.1,6:14:45.00 PM,1.3992352
1016.2,6:14:45.10 PM,1.3992352
1016.3,6:14:45.20 PM,1.497584
1016.4,6:14:45.30 PM,1.497584
1016.5,6:14:45.40 PM,1.497584
1016.6,6:14:45.51 PM,1.497584
1016.7,6:14:45.61 PM,1.497584
1016.8,6:14:45.71 PM,1.497584
1016.9,6:14:45.82 PM,1.497584
1017.0,6:14:45.92 PM,1.497584
1017.1,6:14:46.03 PM,1.497584
1017.2,6:14:46.10 PM,1.497584
1017.3,6:14:46.20 PM,1.497584
1017.4,6:14:46.30 PM,1.497584
1017.5,6:14:46.40 PM,1.497584
1017.6,6:14:46.50 PM,1.497584
1017.7,6:14:46.60 PM,1.497584
1017.8,6:14:46.70 PM,1.497584
1017.9,6:14:46.76 PM,1.497584
1018.0,6:14:46.86 PM,1.497584
1018.1,6:14:46.97 PM,1.497584
1018.2,6:14:47.07 PM,1.497584
1018.3,6:14:47.18 PM,1.497584
1018.4,6:14:47.28 PM,1.497584
1018.5,6:14:47.39 PM,1.497584
1018.6,6:14:47.49 PM,1.497584
1018.7,6:14:47.59 PM,1.497584
1018.8,6:14:47.70 PM,1.497584
1018.9,6:14:47.80 PM,1.497584
1019.0,6:14:47.90 PM,1.497584
1019.1,6:14:48.01 PM,1.497584
1019.2,6:14:48.11 PM,1.497584
1019.3,6:14:48.22 PM,1.497584
1019.4,6:14:48.32 PM,1.497584
1019.5,6:14:48.42 PM,1.497584
1019.6,6:14:48.53 PM,1.497584
1019.7,6:14:48.63 PM,1.497584
1019.8,6:14:48.73 PM,1.5959328
1019.9,6:14:48.80 PM,1.5959328
1020.0,6:14:48.90 PM,1.5959328
1020.1,6:14:49.00 PM,1.5959328
1020.2,6:14:49.10 PM,1.5959328
1020.3,6:14:49.20 PM,1.5959328
1020.4,6:14:49.30 PM,1.5959328
1020.5,6:14:49.40 PM,1.5959328
1020.6,6:14:49.46 PM,1.5959328
1020.7,6:14:49.56 PM,1.5959328
1020.8,6:14:49.67 PM,1.6987519999999998
1020.9,6:14:49.77 PM,1.6987519999999998
1021.0,6:14:49.87 PM,1.6987519999999998
1021.1,6:14:49.97 PM,1.6987519999999998
1021.2,6:14:50.08 PM,1.6987519999999998
1021.3,6:14:50.18 PM,1.6987519999999998
1021.4,6:14:50.29 PM,1.6987519999999998
1021.5,6:14:50.39 PM,1.6987519999999998
1021.6,6:14:50.50 PM,1.6987519999999998
1021.7,6:14:50.60 PM,1.6987519999999998
1021.8,6:14:50.70 PM,1.6987519999999998
1021.9,6:14:50.81 PM,1.6987519999999998
1022.0,6:14:50.91 PM,1.6987519999999998
1022.1,6:14:51.01 PM,1.6987519999999998
1022.2,6:14:51.12 PM,1.6987519999999998
1022.3,6:14:51.22 PM,1.6987519999999998
1022.4,6:14:51.32 PM,1.6987519999999998
1022.5,6:14:51.40 PM,1.6987519999999998
1022.6,6:14:51.50 PM,1.6987519999999998
1022.7,6:14:51.60 PM,1.6987519999999998
1022.8,6:14:51.70 PM,1.6987519999999998
1022.9,6:14:51.80 PM,1.6987519999999998
1023.0,6:14:51.90 PM,1.6987519999999998
1023.1,6:14:52.00 PM,1.6987519999999998
1023.2,6:14:52.10 PM,1.6987519999999998
1023.3,6:14:52.20 PM,1.6987519999999998
1023.4,6:14:52.30 PM,1.6987519999999998
1023.5,6:14:52.36 PM,1.6987519999999998
1023.6,6:14:52.47 PM,1.6987519999999998
1023.7,6:14:52.57 PM,1.6987519999999998
1023.8,6:14:52.70 PM,1.6987519999999998
1023.9,6:14:52.78 PM,1.6987519999999998
1024.0,6:14:52.89 PM,1.6987519999999998
1024.1,6:14:53.00 PM,1.6987519999999998
1024.2,6:14:53.10 PM,1.6987519999999998
1024.3,6:14:53.21 PM,1.6987519999999998
1024.4,6:14:53.31 PM,1.6987519999999998
1024.5,6:14:53.42 PM,1.6987519999999998
1024.6,6:14:53.52 PM,1.6987519999999998
1024.7,6:14:53.62 PM,1.6987519999999998
1024.8,6:14:53.72 PM,1.6987519999999998
1024.9,6:14:53.82 PM,1.6987519999999998
1025.0,6:14:53.93 PM,1.6987519999999998
1025.1,6:14:54.03 PM,1.6987519999999998
1025.2,6:14:54.10 PM,1.6987519999999998
1025.3,6:14:54.20 PM,1.6987519999999998
1025.4,6:14:54.30 PM,1.6987519999999998
1025.5,6:14:54.40 PM,1.6987519999999998
1025.6,6:14:54.50 PM,1.6987519999999998
1025.7,6:14:54.60 PM,1.7971007999999997
1025.8,6:14:54.70 PM,1.7971007999999997
1025.9,6:14:54.76 PM,1.7971007999999997
1026.0,6:14:54.86 PM,1.7971007999999997
1026.1,6:14:54.97 PM,1.7971007999999997
1026.2,6:14:55.07 PM,1.7971007999999997
1026.3,6:14:55.18 PM,1.7971007999999997
1026.4,6:14:55.28 PM,1.7971007999999997
1026.5,6:14:55.38 PM,1.7971007999999997
1026.6,6:14:55.48 PM,1.7971007999999997
1026.7,6:14:55.59 PM,1.7971007999999997
1026.8,6:14:55.69 PM,1.7971007999999997
1026.9,6:14:55.79 PM,1.7971007999999997
1027.0,6:14:55.90 PM,1.7971007999999997
1027.1,6:14:56.00 PM,1.7971007999999997
1027.2,6:14:56.10 PM,1.7971007999999997
1027.3,6:14:56.21 PM,1.7971007999999997
1027.4,6:14:56.31 PM,1.7971007999999997
1027.5,6:14:56.41 PM,1.7971007999999997
1027.6,6:14:56.51 PM,1.7971007999999997
1027.7,6:14:56.62 PM,1.7971007999999997
1027.8,6:14:56.72 PM,1.7971007999999997
1027.9,6:14:56.82 PM,1.7971007999999997
1028.0,6:14:56.93 PM,1.7971007999999997
1028.1,6:14:57.03 PM,1.7971007999999997
1028.2,6:14:57.13 PM,1.89992
1028.3,6:14:57.20 PM,1.89992
1028.4,6:14:57.30 PM,1.89992
1028.5,6:14:57.40 PM,1.89992
1028.6,6:14:57.50 PM,1.89992
1028.7,6:14:57.60 PM,1.89992
1028.8,6:14:57.70 PM,1.89992
1028.9,6:14:57.80 PM,1.89992
1029.0,6:14:57.90 PM,1.89992
1029.1,6:14:58.00 PM,1.89992
1029.2,6:14:58.10 PM,1.89992
1029.3,6:14:58.20 PM,1.89992
1029.4,6:14:58.30 PM,1.89992
1029.5,6:14:58.36 PM,1.89992
1029.6,6:14:58.47 PM,1.89992
1029.7,6:14:58.57 PM,1.89992
1029.8,6:14:58.67 PM,1.89992
1029.9,6:14:58.77 PM,1.89992
1030.0,6:14:58.88 PM,1.89992
1030.1,6:14:58.98 PM,1.89992
1030.2,6:14:59.08 PM,1.89992
1030.3,6:14:59.19 PM,1.89992
1030.4,6:14:59.29 PM,1.89992
1030.5,6:14:59.39 PM,1.9982688
1030.6,6:14:59.50 PM,1.9982688
1030.7,6:14:59.60 PM,1.9982688
1030.8,6:14:59.71 PM,1.9982688
1030.9,6:14:59.81 PM,1.9982688
1031.0,6:14:59.91 PM,1.9982688
1031.1,6:15:00.01 PM,1.9982688
1031.2,6:15:00.12 PM,1.9982688
1031.3,6:15:00.22 PM,1.9982688
1031.4,6:15:00.32 PM,1.9982688
1031.5,6:15:00.43 PM,1.9982688
1031.6,6:15:00.50 PM,1.9982688
1031.7,6:15:00.60 PM,1.9982688
1031.8,6:15:00.70 PM,1.9982688
1031.9,6:15:00.80 PM,1.9982688
1032.0,6:15:00.90 PM,1.9982688
1032.1,6:15:01.00 PM,1.9982688
1032.2,6:15:01.10 PM,1.9982688
1032.3,6:15:01.20 PM,1.9982688
1032.4,6:15:01.26 PM,1.9982688
1032.5,6:15:01.40 PM,1.9982688
1032.6,6:15:01.50 PM,1.9982688
1032.7,6:15:01.56 PM,1.9982688
1032.8,6:15:01.66 PM,1.9982688
1032.9,6:15:01.77 PM,1.9982688
1033.0,6:15:01.87 PM,1.9982688
1033.1,6:15:01.98 PM,1.9982688
1033.2,6:15:02.08 PM,1.9982688
1033.3,6:15:02.19 PM,1.9982688
1033.4,6:15:02.29 PM,1.9982688
1033.5,6:15:02.39 PM,1.9982688
1033.6,6:15:02.49 PM,1.9982688
1033.7,6:15:02.60 PM,1.9982688
1033.8,6:15:02.70 PM,1.9982688
1033.9,6:15:02.80 PM,1.9982688
1034.0,6:15:02.90 PM,1.9982688
1034.1,6:15:03.00 PM,1.9982688
1034.2,6:15:03.11 PM,1.9982688
1034.3,6:15:03.21 PM,1.9982688
1034.4,6:15:03.30 PM,1.9982688
1034.5,6:15:03.41 PM,1.9982688
1034.6,6:15:03.51 PM,1.9982688
1034.7,6:15:03.62 PM,1.9982688
1034.8,6:15:03.72 PM,1.9982688
1034.9,6:15:03.82 PM,1.9982688
1035.0,6:15:03.93 PM,1.9982688
1035.1,6:15:04.03 PM,1.9982688
1035.2,6:15:04.13 PM,1.9982688
1035.3,6:15:04.20 PM,1.9982688
1035.4,6:15:04.30 PM,1.9982688
1035.5,6:15:04.40 PM,1.9982688
1035.6,6:15:04.50 PM,1.9982688
1035.7,6:15:04.60 PM,1.9982688
1035.8,6:15:04.70 PM,1.9982688
1035.9,6:15:04.80 PM,1.9982688
1036.0,6:15:04.86 PM,2.0966176
1036.1,6:15:05.00 PM,2.0966176
1036.2,6:15:05.06 PM,2.0966176
1036.3,6:15:05.17 PM,2.0966176
1036.4,6:15:05.27 PM,2.0966176
1036.5,6:15:05.37 PM,2.0966176
1036.6,6:15:05.48 PM,2.0966176
1036.7,6:15:05.58 PM,2.0966176
1036.8,6:15:05.69 PM,2.0966176
1036.9,6:15:05.79 PM,2.0966176
1037.0,6:15:05.89 PM,2.0966176
1037.1,6:15:06.00 PM,2.0966176
1037.2,6:15:06.10 PM,2.0966176
1037.3,6:15:06.21 PM,2.0966176
1037.4,6:15:06.31 PM,2.0966176
1037.5,6:15:06.40 PM,2.0966176
1037.6,6:15:06.51 PM,2.0966176
1037.7,6:15:06.60 PM,2.0966176
1037.8,6:15:06.72 PM,2.0966176
1037.9,6:15:06.82 PM,2.0966176
1038.0,6:15:06.90 PM,2.0966176
1038.1,6:15:07.03 PM,2.0966176
1038.2,6:15:07.14 PM,2.0966176
1038.3,6:15:07.20 PM,2.0966176
1038.4,6:15:07.30 PM,2.0966176
1038.5,6:15:07.40 PM,2.0966176
1038.6,6:15:07.50 PM,2.0966176
1038.7,6:15:07.60 PM,2.0966176
1038.8,6:15:07.70 PM,2.0966176
1038.9,6:15:07.76 PM,2.0966176
1039.0,6:15:07.86 PM,2.0966176
1039.1,6:15:07.97 PM,2.0966176
1039.2,6:15:08.07 PM,2.0966176
1039.3,6:15:08.17 PM,2.0966176
1039.4,6:15:08.28 PM,2.0966176
1039.5,6:15:08.38 PM,2.0966176
1039.6,6:15:08.48 PM,2.1994368
1039.7,6:15:08.59 PM,2.1994368
1039.8,6:15:08.69 PM,2.1994368
1039.9,6:15:08.79 PM,2.1994368
1040.0,6:15:08.90 PM,2.1994368
1040.1,6:15:09.00 PM,2.1994368
1040.2,6:15:09.11 PM,2.1994368
1040.3,6:15:09.21 PM,2.1994368
1040.4,6:15:09.32 PM,2.1994368
1040.5,6:15:09.42 PM,2.1994368
1040.6,6:15:09.52 PM,2.1994368
1040.7,6:15:09.60 PM,2.1994368
1040.8,6:15:09.72 PM,2.1994368
1040.9,6:15:09.82 PM,2.1994368
1041.0,6:15:09.93 PM,2.1994368
1041.1,6:15:10.03 PM,2.1994368
1041.2,6:15:10.10 PM,2.1994368
1041.3,6:15:10.20 PM,2.1994368
1041.4,6:15:10.30 PM,2.1994368
1041.5,6:15:10.40 PM,2.1994368
1041.6,6:15:10.50 PM,2.1994368
1041.7,6:15:10.60 PM,2.1994368
1041.8,6:15:10.70 PM,2.1994368
1041.9,6:15:10.80 PM,2.0966176
1042.0,6:15:10.90 PM,2.0966176
1042.1,6:15:10.96 PM,2.0966176
1042.2,6:15:11.06 PM,2.0966176
1042.3,6:15:11.16 PM,2.0966176
1042.4,6:15:11.26 PM,2.0966176
1042.5,6:15:11.37 PM,2.0966176
1042.6,6:15:11.47 PM,2.0966176
1042.7,6:15:11.60 PM,2.0966176
1042.8,6:15:11.68 PM,2.0966176
1042.9,6:15:11.78 PM,2.0966176
1043.0,6:15:11.88 PM,2.0966176
1043.1,6:15:11.99 PM,2.0966176
1043.2,6:15:12.09 PM,2.0966176
1043.3,6:15:12.20 PM,2.0966176
1043.4,6:15:12.30 PM,2.0966176
1043.5,6:15:12.40 PM,2.0966176
1043.6,6:15:12.50 PM,2.0966176
1043.7,6:15:12.61 PM,2.0966176
1043.8,6:15:12.71 PM,2.0966176
1043.9,6:15:12.82 PM,2.0966176
1044.0,6:15:12.90 PM,2.0966176
1044.1,6:15:13.02 PM,2.0966176
1044.2,6:15:13.13 PM,2.0966176
1044.3,6:15:13.20 PM,1.9982688
1044.4,6:15:13.30 PM,1.9982688
1044.5,6:15:13.40 PM,1.9982688
1044.6,6:15:13.50 PM,1.9982688
1044.7,6:15:13.60 PM,1.9982688
1044.8,6:15:13.70 PM,1.9982688
1044.9,6:15:13.80 PM,1.9982688
1045.0,6:15:13.90 PM,1.9982688
1045.1,6:15:14.00 PM,1.9982688
1045.2,6:15:14.10 PM,1.9982688
1045.3,6:15:14.16 PM,1.9982688
1045.4,6:15:14.26 PM,1.9982688
1045.5,6:15:14.37 PM,1.9982688
1045.6,6:15:14.47 PM,1.9982688
1045.7,6:15:14.57 PM,1.9982688
1045.8,6:15:14.68 PM,1.9982688
1045.9,6:15:14.78 PM,1.9982688
1046.0,6:15:14.88 PM,1.9982688
1046.1,6:15:14.98 PM,1.9982688
1046.2,6:15:15.09 PM,1.9982688
1046.3,6:15:15.19 PM,1.9982688
1046.4,6:15:15.30 PM,1.9982688
1046.5,6:15:15.40 PM,1.9982688
1046.6,6:15:15.51 PM,1.9982688
1046.7,6:15:15.61 PM,1.9982688
1046.8,6:15:15.71 PM,1.9982688
1046.9,6:15:15.82 PM,1.9982688
1047.0,6:15:15.92 PM,1.9982688
1047.1,6:15:16.02 PM,1.9982688
1047.2,6:15:16.12 PM,1.9982688
1047.3,6:15:16.22 PM,1.9982688
1047.4,6:15:16.30 PM,1.9982688
1047.5,6:15:16.43 PM,1.9982688
1047.6,6:15:16.50 PM,1.9982688
1047.7,6:15:16.60 PM,1.9982688
1047.8,6:15:16.70 PM,1.9982688
1047.9,6:15:16.80 PM,1.9982688
1048.0,6:15:16.90 PM,1.9982688
1048.1,6:15:17.00 PM,1.9982688
1048.2,6:15:17.10 PM,1.9982688
1048.3,6:15:17.20 PM,1.9982688
1048.4,6:15:17.30 PM,1.9982688
1048.5,6:15:17.40 PM,1.9982688
1048.6,6:15:17.46 PM,1.9982688
1048.7,6:15:17.56 PM,1.9982688
1048.8,6:15:17.67 PM,1.9982688
1048.9,6:15:17.77 PM,1.9982688
1049.0,6:15:17.87 PM,1.9982688
1049.1,6:15:17.97 PM,1.9982688
1049.2,6:15:18.08 PM,1.9982688
1049.3,6:15:18.18 PM,1.9982688
1049.4,6:15:18.28 PM,1.9982688
1049.5,6:15:18.38 PM,1.9982688
1049.6,6:15:18.49 PM,1.9982688
1049.7,6:15:18.59 PM,1.9982688
1049.8,6:15:18.69 PM,1.9982688
1049.9,6:15:18.79 PM,1.9982688
1050.0,6:15:18.90 PM,1.9982688
1050.1,6:15:19.00 PM,1.9982688
1050.2,6:15:19.10 PM,1.9982688
1050.3,6:15:19.21 PM,1.9982688
1050.4,6:15:19.31 PM,1.9982688
1050.5,6:15:19.41 PM,1.9982688
1050.6,6:15:19.50 PM,1.89992
1050.7,6:15:19.62 PM,1.89992
1050.8,6:15:19.70 PM,1.89992
1050.9,6:15:19.82 PM,1.89992
1051.0,6:15:19.93 PM,1.89992
1051.1,6:15:20.00 PM,1.89992
1051.2,6:15:20.14 PM,1.89992
1051.3,6:15:20.20 PM,1.89992
1051.4,6:15:20.34 PM,1.89992
1051.5,6:15:20.40 PM,1.89992
1051.6,6:15:20.50 PM,1.89992
1051.7,6:15:20.60 PM,1.89992
1051.8,6:15:20.70 PM,1.89992
1051.9,6:15:20.80 PM,1.89992
1052.0,6:15:20.90 PM,1.89992
1052.1,6:15:21.00 PM,1.89992
1052.2,6:15:21.10 PM,1.89992
1052.3,6:15:21.20 PM,1.89992
1052.4,6:15:21.30 PM,1.89992
1052.5,6:15:21.36 PM,1.89992
1052.6,6:15:21.47 PM,1.89992
1052.7,6:15:21.57 PM,1.89992
1052.8,6:15:21.67 PM,1.89992
1052.9,6:15:21.78 PM,1.89992
1053.0,6:15:21.88 PM,1.89992
1053.1,6:15:21.99 PM,1.89992
1053.2,6:15:22.09 PM,1.89992
1053.3,6:15:22.19 PM,1.89992
1053.4,6:15:22.30 PM,1.89992
1053.5,6:15:22.40 PM,1.89992
1053.6,6:15:22.50 PM,1.89992
1053.7,6:15:22.60 PM,1.7971007999999997
1053.8,6:15:22.71 PM,1.7971007999999997
1053.9,6:15:22.81 PM,1.7971007999999997
1054.0,6:15:22.91 PM,1.7971007999999997
1054.1,6:15:23.01 PM,1.7971007999999997
1054.2,6:15:23.12 PM,1.7971007999999997
1054.3,6:15:23.23 PM,1.7971007999999997
1054.4,6:15:23.30 PM,1.7971007999999997
1054.5,6:15:23.40 PM,1.7971007999999997
1054.6,6:15:23.50 PM,1.7971007999999997
1054.7,6:15:23.60 PM,1.7971007999999997
1054.8,6:15:23.70 PM,1.7971007999999997
1054.9,6:15:23.80 PM,1.7971007999999997
1055.0,6:15:23.90 PM,1.7971007999999997
1055.1,6:15:24.00 PM,1.7971007999999997
1055.2,6:15:24.10 PM,1.6987519999999998
1055.3,6:15:24.20 PM,1.6987519999999998
1055.4,6:15:24.26 PM,1.6987519999999998
1055.5,6:15:24.36 PM,1.6987519999999998
1055.6,6:15:24.47 PM,1.6987519999999998
1055.7,6:15:24.57 PM,1.6987519999999998
1055.8,6:15:24.67 PM,1.6987519999999998
1055.9,6:15:24.78 PM,1.6987519999999998
1056.0,6:15:24.88 PM,1.6987519999999998
1056.1,6:15:24.98 PM,1.6987519999999998
1056.2,6:15:25.09 PM,1.6987519999999998
1056.3,6:15:25.19 PM,1.6987519999999998
1056.4,6:15:25.30 PM,1.5959328
1056.5,6:15:25.40 PM,1.5959328
1056.6,6:15:25.50 PM,1.5959328
1056.7,6:15:25.61 PM,1.5959328
1056.8,6:15:25.71 PM,1.5959328
1056.9,6:15:25.81 PM,1.5959328
1057.0,6:15:25.92 PM,1.5959328
1057.1,6:15:26.03 PM,1.5959328
1057.2,6:15:26.10 PM,1.5959328
1057.3,6:15:26.20 PM,1.5959328
1057.4,6:15:26.30 PM,1.5959328
1057.5,6:15:26.40 PM,1.5959328
1057.6,6:15:26.50 PM,1.5959328
1057.7,6:15:26.60 PM,1.5959328
1057.8,6:15:26.70 PM,1.5959328
1057.9,6:15:26.80 PM,1.5959328
1058.0,6:15:26.90 PM,1.5959328
1058.1,6:15:26.96 PM,1.5959328
1058.2,6:15:27.06 PM,1.5959328
1058.3,6:15:27.17 PM,1.5959328
1058.4,6:15:27.28 PM,1.5959328
1058.5,6:15:27.38 PM,1.5959328
1058.6,6:15:27.49 PM,1.5959328
1058.7,6:15:27.59 PM,1.5959328
1058.8,6:15:27.69 PM,1.497584
1058.9,6:15:27.79 PM,1.497584
1059.0,6:15:27.90 PM,1.497584
1059.1,6:15:28.00 PM,1.497584
1059.2,6:15:28.10 PM,1.497584
1059.3,6:15:28.21 PM,1.497584
1059.4,6:15:28.31 PM,1.497584
1059.5,6:15:28.41 PM,1.497584
1059.6,6:15:28.52 PM,1.497584
1059.7,6:15:28.60 PM,1.497584
1059.8,6:15:28.72 PM,1.3992352
1059.9,6:15:28.80 PM,1.3992352
1060.0,6:15:28.90 PM,1.3992352
1060.1,6:15:29.03 PM,1.3992352
1060.2,6:15:29.14 PM,1.3992352
1060.3,6:15:29.20 PM,1.3992352
1060.4,6:15:29.30 PM,1.3992352
1060.5,6:15:29.40 PM,1.3992352
1060.6,6:15:29.50 PM,1.3992352
1060.7,6:15:29.60 PM,1.3992352
1060.8,6:15:29.70 PM,1.3992352
1060.9,6:15:29.80 PM,1.3992352
1061.0,6:15:29.90 PM,1.3992352
1061.1,6:15:30.00 PM,1.3992352
1061.2,6:15:30.06 PM,1.3992352
1061.3,6:15:30.17 PM,1.3992352
1061.4,6:15:30.30 PM,1.3992352
1061.5,6:15:30.37 PM,1.3992352
1061.6,6:15:30.48 PM,1.3992352
1061.7,6:15:30.58 PM,1.296416
1061.8,6:15:30.68 PM,1.296416
1061.9,6:15:30.78 PM,1.296416
1062.0,6:15:30.89 PM,1.296416
1062.1,6:15:30.99 PM,1.296416
1062.2,6:15:31.09 PM,1.296416
1062.3,6:15:31.20 PM,1.296416
1062.4,6:15:31.31 PM,1.296416
1062.5,6:15:31.41 PM,1.296416
1062.6,6:15:31.50 PM,1.296416
1062.7,6:15:31.61 PM,1.296416
1062.8,6:15:31.72 PM,1.296416
1062.9,6:15:31.80 PM,1.296416
1063.0,6:15:31.92 PM,1.296416
1063.1,6:15:32.02 PM,1.296416
1063.2,6:15:32.12 PM,1.296416
1063.3,6:15:32.23 PM,1.1980672
1063.4,6:15:32.33 PM,1.1980672
1063.5,6:15:32.43 PM,1.1980672
1063.6,6:15:32.53 PM,1.1980672
1063.7,6:15:32.60 PM,1.1980672
1063.8,6:15:32.70 PM,1.1980672
1063.9,6:15:32.80 PM,1.1980672
1064.0,6:15:32.90 PM,1.1980672
1064.1,6:15:33.00 PM,1.1980672
1064.2,6:15:33.10 PM,1.1980672
1064.3,6:15:33.20 PM,1.1980672
1064.4,6:15:33.30 PM,1.1980672
1064.5,6:15:33.40 PM,1.1980672
1064.6,6:15:33.46 PM,1.1980672
1064.7,6:15:33.56 PM,1.1980672
1064.8,6:15:33.66 PM,1.1980672
1064.9,6:15:33.77 PM,1.1980672
1065.0,6:15:33.90 PM,1.1980672
1065.1,6:15:34.00 PM,1.1980672
1065.2,6:15:34.07 PM,1.0997184
1065.3,6:15:34.18 PM,1.0997184
1065.4,6:15:34.28 PM,1.0997184
1065.5,6:15:34.40 PM,1.0997184
1065.6,6:15:34.48 PM,1.0997184
1065.7,6:15:34.58 PM,1.0997184
1065.8,6:15:34.69 PM,1.0997184
1065.9,6:15:34.79 PM,1.0997184
1066.0,6:15:34.89 PM,1.0997184
1066.1,6:15:34.99 PM,1.0997184
1066.2,6:15:35.10 PM,1.0997184
1066.3,6:15:35.20 PM,1.0997184
1066.4,6:15:35.30 PM,1.0997184
1066.5,6:15:35.40 PM,1.0997184
1066.6,6:15:35.51 PM,1.0997184
1066.7,6:15:35.61 PM,1.0997184
1066.8,6:15:35.72 PM,1.0997184
1066.9,6:15:35.82 PM,1.0997184
1067.0,6:15:35.92 PM,1.0997184
1067.1,6:15:36.02 PM,1.0997184
1067.2,6:15:36.12 PM,1.0997184
1067.3,6:15:36.23 PM,1.0997184
1067.4,6:15:36.33 PM,1.0997184
1067.5,6:15:36.43 PM,1.0997184
1067.6,6:15:36.53 PM,1.0997184
1067.7,6:15:36.60 PM,1.0997184
1067.8,6:15:36.70 PM,1.0997184
1067.9,6:15:36.80 PM,1.0997184
1068.0,6:15:36.90 PM,1.0997184
1068.1,6:15:37.00 PM,1.0997184
1068.2,6:15:37.10 PM,1.0997184
1068.3,6:15:37.20 PM,1.0997184
1068.4,6:15:37.26 PM,1.0997184
1068.5,6:15:37.36 PM,1.0997184
1068.6,6:15:37.46 PM,1.0997184
1068.7,6:15:37.57 PM,1.0997184
1068.8,6:15:37.67 PM,1.0997184
1068.9,6:15:37.77 PM,1.0997184
1069.0,6:15:37.87 PM,1.0997184
1069.1,6:15:37.98 PM,1.0997184
1069.2,6:15:38.08 PM,1.0997184
1069.3,6:15:38.18 PM,1.0997184
1069.4,6:15:38.28 PM,1.0997184
1069.5,6:15:38.38 PM,0.9968992
1069.6,6:15:38.48 PM,0.9968992
1069.7,6:15:38.59 PM,0.9968992
1069.8,6:15:38.69 PM,0.9968992
1069.9,6:15:38.79 PM,0.9968992
1070.0,6:15:38.90 PM,0.9968992
1070.1,6:15:39.00 PM,0.9968992
1070.2,6:15:39.11 PM,0.9968992
1070.3,6:15:39.21 PM,0.9968992
1070.4,6:15:39.31 PM,0.9968992
1070.5,6:15:39.41 PM,0.9968992
1070.6,6:15:39.51 PM,0.9968992
1070.7,6:15:39.61 PM,0.9968992
1070.8,6:15:39.70 PM,0.9968992
1070.9,6:15:39.80 PM,0.9968992
1071.0,6:15:39.93 PM,0.9968992
1071.1,6:15:40.03 PM,0.9968992
1071.2,6:15:40.10 PM,0.9968992
1071.3,6:15:40.20 PM,0.9968992
1071.4,6:15:40.34 PM,0.9968992
1071.5,6:15:40.40 PM,0.9968992
1071.6,6:15:40.50 PM,0.9968992
1071.7,6:15:40.60 PM,0.9968992
1071.8,6:15:40.70 PM,0.9968992
1071.9,6:15:40.80 PM,0.9968992
1072.0,6:15:40.90 PM,0.9968992
1072.1,6:15:41.00 PM,0.9968992
1072.2,6:15:41.10 PM,0.9968992
1072.3,6:15:41.16 PM,0.9968992
1072.4,6:15:41.27 PM,0.9968992
1072.5,6:15:41.37 PM,0.9968992
1072.6,6:15:41.47 PM,0.9968992
1072.7,6:15:41.58 PM,0.9968992
1072.8,6:15:41.68 PM,0.9968992
1072.9,6:15:41.78 PM,0.9968992
1073.0,6:15:41.89 PM,0.9968992
1073.1,6:15:41.99 PM,0.9968992
1073.2,6:15:42.09 PM,0.9968992
1073.3,6:15:42.19 PM,0.9968992
1073.4,6:15:42.29 PM,0.9968992
1073.5,6:15:42.40 PM,0.9968992
1073.6,6:15:42.50 PM,0.9968992
1073.7,6:15:42.60 PM,0.9968992
1073.8,6:15:42.70 PM,0.9968992
1073.9,6:15:42.81 PM,0.9968992
1074.0,6:15:42.90 PM,0.9968992
1074.1,6:15:43.01 PM,0.9968992
1074.2,6:15:43.11 PM,0.9968992
1074.3,6:15:43.22 PM,0.9968992
1074.4,6:15:43.30 PM,0.9968992
1074.5,6:15:43.42 PM,0.9968992
1074.6,6:15:43.50 PM,0.9968992
1074.7,6:15:43.63 PM,0.9968992
1074.8,6:15:43.73 PM,0.9968992
1074.9,6:15:43.80 PM,0.9968992
1075.0,6:15:43.90 PM,0.9968992
1075.1,6:15:44.00 PM,0.9968992
1075.2,6:15:44.10 PM,0.9968992
1075.3,6:15:44.20 PM,0.9968992
1075.4,6:15:44.30 PM,0.9968992
1075.5,6:15:44.40 PM,0.9968992
1075.6,6:15:44.50 PM,0.9968992
1075.7,6:15:44.56 PM,0.9968992
1075.8,6:15:44.66 PM,0.9968992
1075.9,6:15:44.76 PM,0.9968992
1076.0,6:15:44.86 PM,0.9968992
1076.1,6:15:45.00 PM,0.9968992
1076.2,6:15:45.07 PM,0.9968992
1076.3,6:15:45.18 PM,0.9968992
1076.4,6:15:45.28 PM,0.9968992
1076.5,6:15:45.39 PM,0.9968992
1076.6,6:15:45.49 PM,0.9968992
1076.7,6:15:45.59 PM,0.9968992
1076.8,6:15:45.70 PM,0.9968992
1076.9,6:15:45.80 PM,0.9968992
1077.0,6:15:45.90 PM,0.9968992
1077.1,6:15:46.00 PM,0.9968992
1077.2,6:15:46.11 PM,0.9968992
1077.3,6:15:46.21 PM,0.9968992
1077.4,6:15:46.31 PM,0.9968992
1077.5,6:15:46.41 PM,0.9968992
1077.6,6:15:46.50 PM,0.9968992
1077.7,6:15:46.60 PM,0.9968992
1077.8,6:15:46.70 PM,0.9968992
1077.9,6:15:46.82 PM,0.9968992
1078.0,6:15:46.90 PM,0.9968992
1078.1,6:15:47.04 PM,0.9968992
1078.2,6:15:47.10 PM,0.9968992
1078.3,6:15:47.24 PM,0.9968992
1078.4,6:15:47.30 PM,0.9968992
1078.5,6:15:47.40 PM,0.9968992
1078.6,6:15:47.50 PM,0.9968992
1078.7,6:15:47.60 PM,0.9968992
1078.8,6:15:47.70 PM,0.9968992
1078.9,6:15:47.80 PM,0.9968992
1079.0,6:15:47.90 PM,0.9968992
1079.1,6:15:48.00 PM,0.9968992
1079.2,6:15:48.10 PM,0.9968992
1079.3,6:15:48.20 PM,0.9968992
1079.4,6:15:48.30 PM,0.9968992
1079.5,6:15:48.36 PM,0.9968992
1079.6,6:15:48.46 PM,0.9968992
1079.7,6:15:48.56 PM,0.9968992
1079.8,6:15:48.67 PM,0.9968992
1079.9,6:15:48.77 PM,0.9968992
1080.0,6:15:48.87 PM,0.9968992
1080.1,6:15:48.97 PM,0.9968992
1080.2,6:15:49.07 PM,0.9968992
1080.3,6:15:49.18 PM,0.9968992
1080.4,6:15:49.29 PM,0.9968992
1080.5,6:15:49.39 PM,0.9968992
1080.6,6:15:49.49 PM,0.9968992
1080.7,6:15:49.59 PM,0.9968992
1080.8,6:15:49.70 PM,0.9968992
1080.9,6:15:49.80 PM,0.9968992
1081.0,6:15:49.90 PM,0.9968992
1081.1,6:15:50.00 PM,0.9968992
1081.2,6:15:50.11 PM,0.9968992
1081.3,6:15:50.21 PM,0.9968992
1081.4,6:15:50.31 PM,0.9968992
1081.5,6:15:50.41 PM,0.9968992
1081.6,6:15:50.50 PM,0.9968992
1081.7,6:15:50.62 PM,0.9968992
1081.8,6:15:50.70 PM,0.9968992
1081.9,6:15:50.80 PM,0.9968992
1082.0,6:15:50.90 PM,0.9968992
1082.1,6:15:51.00 PM,0.9968992
1082.2,6:15:51.10 PM,0.9968992
1082.3,6:15:51.20 PM,0.9968992
1082.4,6:15:51.30 PM,0.9968992
1082.5,6:15:51.40 PM,0.9968992
1082.6,6:15:51.50 PM,0.9968992
1082.7,6:15:51.60 PM,0.9968992
1082.8,6:15:51.70 PM,0.9968992
1082.9,6:15:51.80 PM,0.9968992
1083.0,6:15:51.86 PM,0.9968992
1083.1,6:15:51.96 PM,0.9968992
1083.2,6:15:52.06 PM,0.9968992
1083.3,6:15:52.17 PM,0.9968992
1083.4,6:15:52.27 PM,0.9968992
1083.5,6:15:52.37 PM,0.9968992
1083.6,6:15:52.48 PM,0.9968992
1083.7,6:15:52.58 PM,0.9968992
1083.8,6:15:52.68 PM,0.9968992
1083.9,6:15:52.79 PM,0.9968992
1084.0,6:15:52.89 PM,0.9968992
1084.1,6:15:53.00 PM,0.9968992
1084.2,6:15:53.10 PM,0.9968992
1084.3,6:15:53.20 PM,0.9968992
1084.4,6:15:53.31 PM,0.9968992
1084.5,6:15:53.41 PM,0.9968992
1084.6,6:15:53.51 PM,0.9968992
1084.7,6:15:53.61 PM,0.9968992
1084.8,6:15:53.72 PM,0.9968992
1084.9,6:15:53.80 PM,0.9968992
1085.0,6:15:53.90 PM,0.9968992
1085.1,6:15:54.03 PM,0.9968992
1085.2,6:15:54.10 PM,0.9968992
1085.3,6:15:54.20 PM,0.9968992
1085.4,6:15:54.30 PM,0.9968992
1085.5,6:15:54.40 PM,0.8985503999999999
1085.6,6:15:54.50 PM,0.8985503999999999
1085.7,6:15:54.60 PM,0.8985503999999999
1085.8,6:15:54.70 PM,0.8985503999999999
1085.9,6:15:54.80 PM,0.8985503999999999
1086.0,6:15:54.90 PM,0.8985503999999999
1086.1,6:15:55.00 PM,0.8985503999999999
1086.2,6:15:55.10 PM,0.8985503999999999
1086.3,6:15:55.16 PM,0.8985503999999999
1086.4,6:15:55.27 PM,0.8985503999999999
1086.5,6:15:55.37 PM,0.8985503999999999
1086.6,6:15:55.47 PM,0.8985503999999999
1086.7,6:15:55.57 PM,0.8985503999999999
1086.8,6:15:55.68 PM,0.8985503999999999
1086.9,6:15:55.78 PM,0.8985503999999999
1087.0,6:15:55.88 PM,0.8985503999999999
1087.1,6:15:55.99 PM,0.8985503999999999
1087.2,6:15:56.09 PM,0.8985503999999999
1087.3,6:15:56.19 PM,0.8985503999999999
1087.4,6:15:56.29 PM,0.8985503999999999
1087.5,6:15:56.39 PM,0.7957312
1087.6,6:15:56.50 PM,0.7957312
1087.7,6:15:56.60 PM,0.7957312
1087.8,6:15:56.70 PM,0.7957312
1087.9,6:15:56.81 PM,0.7957312
1088.0,6:15:56.90 PM,0.7957312
1088.1,6:15:57.02 PM,0.7957312
1088.2,6:15:57.12 PM,0.7957312
1088.3,6:15:57.22 PM,0.7957312
1088.4,6:15:57.33 PM,0.7957312
1088.5,6:15:57.43 PM,0.7957312
1088.6,6:15:57.53 PM,0.7957312
1088.7,6:15:57.60 PM,0.7957312
1088.8,6:15:57.70 PM,0.7957312
1088.9,6:15:57.80 PM,0.7957312
1089.0,6:15:57.90 PM,0.7957312
1089.1,6:15:58.00 PM,0.7957312
1089.2,6:15:58.10 PM,0.7957312
1089.3,6:15:58.20 PM,0.7957312
1089.4,6:15:58.30 PM,0.7957312
1089.5,6:15:58.40 PM,0.7957312
1089.6,6:15:58.46 PM,0.7957312
1089.7,6:15:58.56 PM,0.7957312
1089.8,6:15:58.67 PM,0.6973824
1089.9,6:15:58.77 PM,0.6973824
1090.0,6:15:58.87 PM,0.6973824
1090.1,6:15:58.97 PM,0.6973824
1090.2,6:15:59.07 PM,0.6973824
1090.3,6:15:59.18 PM,0.6973824
1090.4,6:15:59.28 PM,0.6973824
1090.5,6:15:59.39 PM,0.6973824
1090.6,6:15:59.49 PM,0.6973824
1090.7,6:15:59.59 PM,0.6973824
1090.8,6:15:59.69 PM,0.6973824
1090.9,6:15:59.80 PM,0.6973824
1091.0,6:15:59.90 PM,0.6973824
1091.1,6:16:00.00 PM,0.6973824
1091.2,6:16:00.10 PM,0.6973824
1091.3,6:16:00.21 PM,0.6973824
1091.4,6:16:00.31 PM,0.6973824
1091.5,6:16:00.41 PM,0.6973824
1091.6,6:16:00.52 PM,0.6973824
1091.7,6:16:00.62 PM,0.6973824
1091.8,6:16:00.73 PM,0.6973824
1091.9,6:16:00.80 PM,0.6973824
1092.0,6:16:00.90 PM,0.5990336
1092.1,6:16:01.00 PM,0.5990336
1092.2,6:16:01.10 PM,0.5990336
1092.3,6:16:01.20 PM,0.5990336
1092.4,6:16:01.30 PM,0.5990336
1092.5,6:16:01.40 PM,0.5990336
1092.6,6:16:01.46 PM,0.5990336
1092.7,6:16:01.56 PM,0.5990336
1092.8,6:16:01.66 PM,0.5990336
1092.9,6:16:01.77 PM,0.5990336
1093.0,6:16:01.87 PM,0.5990336
1093.1,6:16:02.00 PM,0.5990336
1093.2,6:16:02.07 PM,0.5990336
1093.3,6:16:02.18 PM,0.5990336
1093.4,6:16:02.28 PM,0.5990336
1093.5,6:16:02.38 PM,0.5990336
1093.6,6:16:02.48 PM,0.5990336
1093.7,6:16:02.59 PM,0.5990336
1093.8,6:16:02.69 PM,0.5990336
1093.9,6:16:02.79 PM,0.5990336
1094.0,6:16:02.90 PM,0.5990336
1094.1,6:16:03.00 PM,0.5990336
1094.2,6:16:03.10 PM,0.49621440000000006
1094.3,6:16:03.21 PM,0.49621440000000006
1094.4,6:16:03.31 PM,0.49621440000000006
1094.5,6:16:03.41 PM,0.49621440000000006
1094.6,6:16:03.51 PM,0.49621440000000006
1094.7,6:16:03.61 PM,0.49621440000000006
1094.8,6:16:03.72 PM,0.49621440000000006
1094.9,6:16:03.82 PM,0.49621440000000006
1095.0,6:16:03.92 PM,0.49621440000000006
1095.1,6:16:04.02 PM,0.49621440000000006
1095.2,6:16:04.13 PM,0.49621440000000006
1095.3,6:16:04.20 PM,0.49621440000000006
1095.4,6:16:04.30 PM,0.49621440000000006
1095.5,6:16:04.40 PM,0.49621440000000006
1095.6,6:16:04.50 PM,0.49621440000000006
1095.7,6:16:04.60 PM,0.49621440000000006
1095.8,6:16:04.70 PM,0.49621440000000006
1095.9,6:16:04.80 PM,0.49621440000000006
1096.0,6:16:04.90 PM,0.49621440000000006
1096.1,6:16:05.00 PM,0.49621440000000006
1096.2,6:16:05.07 PM,0.49621440000000006
1096.3,6:16:05.17 PM,0.49621440000000006
1096.4,6:16:05.28 PM,0.49621440000000006
1096.5,6:16:05.38 PM,0.49621440000000006
1096.6,6:16:05.48 PM,0.49621440000000006
1096.7,6:16:05.59 PM,0.3978656
1096.8,6:16:05.69 PM,0.3978656
1096.9,6:16:05.79 PM,0.3978656
1097.0,6:16:05.90 PM,0.3978656
1097.1,6:16:06.00 PM,0.3978656
1097.2,6:16:06.10 PM,0.3978656
1097.3,6:16:06.21 PM,0.3978656
1097.4,6:16:06.31 PM,0.3978656
1097.5,6:16:06.41 PM,0.3978656
1097.6,6:16:06.52 PM,0.3978656
1097.7,6:16:06.62 PM,0.3978656
1097.8,6:16:06.72 PM,0.3978656
1097.9,6:16:06.82 PM,0.3978656
1098.0,6:16:06.90 PM,0.3978656
1098.1,6:16:07.02 PM,0.3978656
1098.2,6:16:07.13 PM,0.3978656
1098.3,6:16:07.20 PM,0.3978656
1098.4,6:16:07.30 PM,0.3978656
1098.5,6:16:07.40 PM,0.49621440000000006
1098.6,6:16:07.50 PM,0.49621440000000006
1098.7,6:16:07.60 PM,0.49621440000000006
1098.8,6:16:07.70 PM,0.49621440000000006
1098.9,6:16:07.80 PM,0.49621440000000006
1099.0,6:16:07.90 PM,0.49621440000000006
1099.1,6:16:08.00 PM,0.49621440000000006
1099.2,6:16:08.10 PM,0.49621440000000006
1099.3,6:16:08.16 PM,0.49621440000000006
1099.4,6:16:08.26 PM,0.49621440000000006
1099.5,6:16:08.37 PM,0.49621440000000006
1099.6,6:16:08.47 PM,0.49621440000000006
1099.7,6:16:08.57 PM,0.49621440000000006
1099.8,6:16:08.67 PM,0.49621440000000006
1099.9,6:16:08.78 PM,0.49621440000000006
1100.0,6:16:08.88 PM,0.49621440000000006
1100.1,6:16:08.99 PM,0.49621440000000006
1100.2,6:16:09.09 PM,0.49621440000000006
1100.3,6:16:09.20 PM,0.49621440000000006
1100.4,6:16:09.30 PM,0.49621440000000006
1100.5,6:16:09.40 PM,0.49621440000000006
1100.6,6:16:09.51 PM,0.49621440000000006
1100.7,6:16:09.61 PM,0.49621440000000006
1100.8,6:16:09.72 PM,0.49621440000000006
1100.9,6:16:09.82 PM,0.49621440000000006
1101.0,6:16:09.90 PM,0.49621440000000006
1101.1,6:16:10.02 PM,0.5990336
1101.2,6:16:10.13 PM,0.5990336
1101.3,6:16:10.20 PM,0.5990336
1101.4,6:16:10.30 PM,0.5990336
1101.5,6:16:10.40 PM,0.5990336
1101.6,6:16:10.50 PM,0.5990336
1101.7,6:16:10.60 PM,0.5990336
1101.8,6:16:10.70 PM,0.5990336
1101.9,6:16:10.80 PM,0.5990336
1102.0,6:16:10.90 PM,0.5990336
1102.1,6:16:11.00 PM,0.5990336
1102.2,6:16:11.06 PM,0.5990336
1102.3,6:16:11.16 PM,0.5990336
1102.4,6:16:11.27 PM,0.5990336
1102.5,6:16:11.37 PM,0.5990336
1102.6,6:16:11.47 PM,0.5990336
1102.7,6:16:11.57 PM,0.5990336
1102.8,6:16:11.68 PM,0.5990336
1102.9,6:16:11.78 PM,0.5990336
1103.0,6:16:11.89 PM,0.5990336
1103.1,6:16:11.99 PM,0.5990336
1103.2,6:16:12.09 PM,0.5990336
1103.3,6:16:12.20 PM,0.6973824
1103.4,6:16:12.30 PM,0.6973824
1103.5,6:16:12.41 PM,0.6973824
1103.6,6:16:12.51 PM,0.6973824
1103.7,6:16:12.60 PM,0.6973824
1103.8,6:16:12.71 PM,0.6973824
1103.9,6:16:12.80 PM,0.6973824
1104.0,6:16:12.92 PM,0.6973824
1104.1,6:16:13.03 PM,0.6973824
1104.2,6:16:13.13 PM,0.6973824
1104.3,6:16:13.20 PM,0.6973824
1104.4,6:16:13.30 PM,0.6973824
1104.5,6:16:13.40 PM,0.6973824
1104.6,6:16:13.50 PM,0.6973824
1104.7,6:16:13.60 PM,0.6973824
1104.8,6:16:13.70 PM,0.6973824
1104.9,6:16:13.80 PM,0.6973824
1105.0,6:16:13.90 PM,0.6973824
1105.1,6:16:14.00 PM,0.6973824
1105.2,6:16:14.06 PM,0.6973824
1105.3,6:16:14.16 PM,0.6973824
1105.4,6:16:14.27 PM,0.6973824
1105.5,6:16:14.38 PM,0.6973824
1105.6,6:16:14.48 PM,0.6973824
1105.7,6:16:14.58 PM,0.6973824
1105.8,6:16:14.68 PM,0.6973824
1105.9,6:16:14.79 PM,0.6973824
1106.0,6:16:14.89 PM,0.6973824
1106.1,6:16:14.99 PM,0.6973824
1106.2,6:16:15.09 PM,0.7957312
1106.3,6:16:15.20 PM,0.7957312
1106.4,6:16:15.30 PM,0.7957312
1106.5,6:16:15.40 PM,0.7957312
1106.6,6:16:15.50 PM,0.7957312
1106.7,6:16:15.61 PM,0.7957312
1106.8,6:16:15.70 PM,0.7957312
1106.9,6:16:15.80 PM,0.7957312
1107.0,6:16:15.92 PM,0.7957312
1107.1,6:16:16.02 PM,0.7957312
1107.2,6:16:16.12 PM,0.7957312
1107.3,6:16:16.20 PM,0.7957312
1107.4,6:16:16.30 PM,0.7957312
1107.5,6:16:16.43 PM,0.7957312
1107.6,6:16:16.53 PM,0.7957312
1107.7,6:16:16.60 PM,0.7957312
1107.8,6:16:16.70 PM,0.7957312
1107.9,6:16:16.80 PM,0.7957312
1108.0,6:16:16.90 PM,0.7957312
1108.1,6:16:17.00 PM,0.7957312
1108.2,6:16:17.10 PM,0.7957312
1108.3,6:16:17.20 PM,0.7957312
1108.4,6:16:17.26 PM,0.7957312
1108.5,6:16:17.36 PM,0.7957312
1108.6,6:16:17.46 PM,0.7957312
1108.7,6:16:17.57 PM,0.7957312
1108.8,6:16:17.67 PM,0.7957312
1108.9,6:16:17.77 PM,0.7957312
1109.0,6:16:17.87 PM,0.7957312
1109.1,6:16:17.98 PM,0.7957312
1109.2,6:16:18.08 PM,0.7957312
1109.3,6:16:18.18 PM,0.7957312
1109.4,6:16:18.28 PM,0.7957312
1109.5,6:16:18.38 PM,0.7957312
1109.6,6:16:18.49 PM,0.7957312
1109.7,6:16:18.59 PM,0.7957312
1109.8,6:16:18.69 PM,0.7957312
1109.9,6:16:18.79 PM,0.7957312
1110.0,6:16:18.90 PM,0.7957312
1110.1,6:16:19.00 PM,0.7957312
1110.2,6:16:19.10 PM,0.7957312
1110.3,6:16:19.20 PM,0.7957312
1110.4,6:16:19.30 PM,0.7957312
1110.5,6:16:19.41 PM,0.7957312
1110.6,6:16:19.50 PM,0.7957312
1110.7,6:16:19.61 PM,0.7957312
1110.8,6:16:19.72 PM,0.7957312
1110.9,6:16:19.80 PM,0.7957312
1111.0,6:16:19.90 PM,0.7957312
1111.1,6:16:20.02 PM,0.7957312
1111.2,6:16:20.13 PM,0.7957312
1111.3,6:16:20.20 PM,0.7957312
1111.4,6:16:20.30 PM,0.7957312
1111.5,6:16:20.44 PM,0.7957312
1111.6,6:16:20.50 PM,0.7957312
1111.7,6:16:20.60 PM,0.7957312
1111.8,6:16:20.70 PM,0.7957312
1111.9,6:16:20.80 PM,0.7957312
1112.0,6:16:20.90 PM,0.7957312
1112.1,6:16:20.96 PM,0.7957312
1112.2,6:16:21.07 PM,0.7957312
1112.3,6:16:21.17 PM,0.7957312
1112.4,6:16:21.27 PM,0.7957312
1112.5,6:16:21.37 PM,0.7957312
1112.6,6:16:21.47 PM,0.7957312
1112.7,6:16:21.58 PM,0.7957312
1112.8,6:16:21.68 PM,0.7957312
1112.9,6:16:21.78 PM,0.7957312
1113.0,6:16:21.89 PM,0.7957312
1113.1,6:16:21.99 PM,0.7957312
1113.2,6:16:22.10 PM,0.7957312
1113.3,6:16:22.19 PM,0.7957312
1113.4,6:16:22.30 PM,0.7957312
1113.5,6:16:22.40 PM,0.7957312
1113.6,6:16:22.50 PM,0.7957312
1113.7,6:16:22.60 PM,0.7957312
1113.8,6:16:22.71 PM,0.7957312
1113.9,6:16:22.81 PM,0.7957312
1114.0,6:16:22.92 PM,0.7957312
1114.1,6:16:23.02 PM,0.7957312
1114.2,6:16:23.12 PM,0.7957312
1114.3,6:16:23.20 PM,0.7957312
1114.4,6:16:23.30 PM,0.7957312
1114.5,6:16:23.43 PM,0.7957312
1114.6,6:16:23.50 PM,0.7957312
1114.7,6:16:23.63 PM,0.7957312
1114.8,6:16:23.70 PM,0.7957312
1114.9,6:16:23.80 PM,0.7957312
1115.0,6:16:23.90 PM,0.7957312
1115.1,6:16:24.00 PM,0.7957312
1115.2,6:16:24.10 PM,0.7957312
1115.3,6:16:24.20 PM,0.7957312
1115.4,6:16:24.30 PM,0.7957312
1115.5,6:16:24.40 PM,0.7957312
1115.6,6:16:24.50 PM,0.7957312
1115.7,6:16:24.60 PM,0.7957312
1115.8,6:16:24.66 PM,0.7957312
1115.9,6:16:24.76 PM,0.7957312
1116.0,6:16:24.87 PM,0.7957312
1116.1,6:16:24.97 PM,0.7957312
1116.2,6:16:25.07 PM,0.7957312
1116.3,6:16:25.17 PM,0.7957312
1116.4,6:16:25.28 PM,0.7957312
1116.5,6:16:25.38 PM,0.7957312
1116.6,6:16:25.49 PM,0.7957312
1116.7,6:16:25.59 PM,0.7957312
1116.8,6:16:25.69 PM,0.7957312
1116.9,6:16:25.80 PM,0.7957312
1117.0,6:16:25.90 PM,0.7957312
1117.1,6:16:26.00 PM,0.7957312
1117.2,6:16:26.11 PM,0.7957312
1117.3,6:16:26.21 PM,0.7957312
1117.4,6:16:26.31 PM,0.7957312
1117.5,6:16:26.42 PM,0.7957312
1117.6,6:16:26.52 PM,0.7957312
1117.7,6:16:26.60 PM,0.7957312
1117.8,6:16:26.72 PM,0.7957312
1117.9,6:16:26.80 PM,0.7957312
1118.0,6:16:26.90 PM,0.7957312
1118.1,6:16:27.03 PM,0.7957312
1118.2,6:16:27.10 PM,0.7957312
1118.3,6:16:27.20 PM,0.7957312
1118.4,6:16:27.30 PM,0.7957312
1118.5,6:16:27.40 PM,0.7957312
1118.6,6:16:27.50 PM,0.7957312
1118.7,6:16:27.60 PM,0.7957312
1118.8,6:16:27.70 PM,0.7957312
1118.9,6:16:27.80 PM,0.7957312
1119.0,6:16:27.90 PM,0.7957312
1119.1,6:16:28.00 PM,0.7957312
1119.2,6:16:28.10 PM,0.7957312
1119.3,6:16:28.17 PM,0.7957312
1119.4,6:16:28.27 PM,0.7957312
1119.5,6:16:28.37 PM,0.7957312
1119.6,6:16:28.47 PM,0.7957312
1119.7,6:16:28.58 PM,0.7957312
1119.8,6:16:28.68 PM,0.7957312
1119.9,6:16:28.79 PM,0.7957312
1120.0,6:16:28.89 PM,0.7957312
1120.1,6:16:28.99 PM,0.7957312
1120.2,6:16:29.09 PM,0.7957312
1120.3,6:16:29.20 PM,0.7957312
1120.4,6:16:29.30 PM,0.7957312
1120.5,6:16:29.41 PM,0.7957312
1120.6,6:16:29.51 PM,0.7957312
1120.7,6:16:29.61 PM,0.7957312
1120.8,6:16:29.71 PM,0.7957312
1120.9,6:16:29.80 PM,0.7957312
1121.0,6:16:29.92 PM,0.7957312
1121.1,6:16:30.02 PM,0.7957312
1121.2,6:16:30.12 PM,0.7957312
1121.3,6:16:30.22 PM,0.7957312
1121.4,6:16:30.33 PM,0.7957312
1121.5,6:16:30.40 PM,0.7957312
1121.6,6:16:30.53 PM,0.7957312
1121.7,6:16:30.64 PM,0.7957312
1121.8,6:16:30.70 PM,0.7957312
1121.9,6:16:30.80 PM,0.7957312
1122.0,6:16:30.90 PM,0.7957312
1122.1,6:16:31.00 PM,0.7957312
1122.2,6:16:31.10 PM,0.7957312
1122.3,6:16:31.20 PM,0.7957312
1122.4,6:16:31.30 PM,0.7957312
1122.5,6:16:31.40 PM,0.7957312
1122.6,6:16:31.50 PM,0.7957312
1122.7,6:16:31.56 PM,0.7957312
1122.8,6:16:31.66 PM,0.7957312
1122.9,6:16:31.77 PM,0.7957312
1123.0,6:16:31.87 PM,0.7957312
1123.1,6:16:31.97 PM,0.7957312
1123.2,6:16:32.07 PM,0.7957312
1123.3,6:16:32.17 PM,0.7957312
1123.4,6:16:32.28 PM,0.7957312
1123.5,6:16:32.38 PM,0.7957312
1123.6,6:16:32.49 PM,0.7957312
1123.7,6:16:32.59 PM,0.7957312
1123.8,6:16:32.70 PM,0.7957312
1123.9,6:16:32.80 PM,0.7957312
1124.0,6:16:32.90 PM,0.7957312
1124.1,6:16:33.00 PM,0.7957312
1124.2,6:16:33.10 PM,0.7957312
1124.3,6:16:33.21 PM,0.7957312
1124.4,6:16:33.31 PM,0.7957312
1124.5,6:16:33.41 PM,0.7957312
1124.6,6:16:33.52 PM,0.7957312
1124.7,6:16:33.62 PM,0.7957312
1124.8,6:16:33.72 PM,0.7957312
1124.9,6:16:33.80 PM,0.7957312
1125.0,6:16:33.90 PM,0.7957312
1125.1,6:16:34.03 PM,0.7957312
1125.2,6:16:34.13 PM,0.7957312
1125.3,6:16:34.20 PM,0.7957312
1125.4,6:16:34.30 PM,0.7957312
1125.5,6:16:34.40 PM,0.7957312
1125.6,6:16:34.50 PM,0.7957312
1125.7,6:16:34.60 PM,0.7957312
1125.8,6:16:34.70 PM,0.7957312
1125.9,6:16:34.80 PM,0.7957312
1126.0,6:16:34.90 PM,0.7957312
1126.1,6:16:34.96 PM,0.7957312
1126.2,6:16:35.07 PM,0.7957312
1126.3,6:16:35.17 PM,0.7957312
1126.4,6:16:35.28 PM,0.7957312
1126.5,6:16:35.38 PM,0.7957312
1126.6,6:16:35.48 PM,0.7957312
1126.7,6:16:35.58 PM,0.7957312
1126.8,6:16:35.69 PM,0.7957312
1126.9,6:16:35.79 PM,0.7957312
1127.0,6:16:35.89 PM,0.7957312
1127.1,6:16:36.00 PM,0.7957312
1127.2,6:16:36.10 PM,0.7957312
1127.3,6:16:36.20 PM,0.7957312
1127.4,6:16:36.31 PM,0.7957312
1127.5,6:16:36.41 PM,0.7957312
1127.6,6:16:36.51 PM,0.7957312
1127.7,6:16:36.62 PM,0.7957312
1127.8,6:16:36.72 PM,0.7957312
1127.9,6:16:36.80 PM,0.7957312
1128.0,6:16:36.93 PM,0.7957312
1128.1,6:16:37.03 PM,0.7957312
1128.2,6:16:37.13 PM,0.7957312
1128.3,6:16:37.20 PM,0.7957312
1128.4,6:16:37.30 PM,0.7957312
1128.5,6:16:37.40 PM,0.7957312
1128.6,6:16:37.50 PM,0.7957312
1128.7,6:16:37.60 PM,0.7957312
1128.8,6:16:37.70 PM,0.7957312
1128.9,6:16:37.80 PM,0.7957312
1129.0,6:16:37.90 PM,0.7957312
1129.1,6:16:38.00 PM,0.7957312
1129.2,6:16:38.10 PM,0.7957312
1129.3,6:16:38.16 PM,0.7957312
1129.4,6:16:38.30 PM,0.7957312
1129.5,6:16:38.38 PM,0.7957312
1129.6,6:16:38.48 PM,0.7957312
1129.7,6:16:38.58 PM,0.7957312
1129.8,6:16:38.69 PM,0.7957312
1129.9,6:16:38.79 PM,0.7957312
1130.0,6:16:38.89 PM,0.7957312
1130.1,6:16:39.00 PM,0.7957312
1130.2,6:16:39.10 PM,0.7957312
1130.3,6:16:39.20 PM,0.7957312
1130.4,6:16:39.31 PM,0.7957312
1130.5,6:16:39.41 PM,0.7957312
1130.6,6:16:39.51 PM,0.7957312
1130.7,6:16:39.62 PM,0.7957312
1130.8,6:16:39.72 PM,0.7957312
1130.9,6:16:39.82 PM,0.7957312
1131.0,6:16:39.92 PM,0.7957312
1131.1,6:16:40.03 PM,0.7957312
1131.2,6:16:40.10 PM,0.7957312
1131.3,6:16:40.20 PM,0.7957312
1131.4,6:16:40.30 PM,0.7957312
1131.5,6:16:40.40 PM,0.7957312
1131.6,6:16:40.50 PM,0.7957312
1131.7,6:16:40.60 PM,0.7957312
1131.8,6:16:40.70 PM,0.7957312
1131.9,6:16:40.80 PM,0.7957312
1132.0,6:16:40.90 PM,0.7957312
1132.1,6:16:41.00 PM,0.7957312
1132.2,6:16:41.06 PM,0.7957312
1132.3,6:16:41.16 PM,0.7957312
1132.4,6:16:41.27 PM,0.6973824
1132.5,6:16:41.37 PM,0.6973824
1132.6,6:16:41.47 PM,0.6973824
1132.7,6:16:41.58 PM,0.6973824
1132.8,6:16:41.68 PM,0.6973824
1132.9,6:16:41.79 PM,0.6973824
1133.0,6:16:41.89 PM,0.6973824
1133.1,6:16:41.99 PM,0.6973824
1133.2,6:16:42.10 PM,0.6973824
1133.3,6:16:42.20 PM,0.6973824
1133.4,6:16:42.30 PM,0.6973824
1133.5,6:16:42.40 PM,0.6973824
1133.6,6:16:42.51 PM,0.6973824
1133.7,6:16:42.61 PM,0.6973824
1133.8,6:16:42.70 PM,0.6973824
1133.9,6:16:42.80 PM,0.6973824
1134.0,6:16:42.92 PM,0.6973824
1134.1,6:16:43.02 PM,0.6973824
1134.2,6:16:43.12 PM,0.6973824
1134.3,6:16:43.23 PM,0.6973824
1134.4,6:16:43.30 PM,0.6973824
1134.5,6:16:43.40 PM,0.6973824
1134.6,6:16:43.50 PM,0.6973824
1134.7,6:16:43.60 PM,0.6973824
1134.8,6:16:43.70 PM,0.6973824
1134.9,6:16:43.80 PM,0.6973824
1135.0,6:16:43.90 PM,0.6973824
1135.1,6:16:44.00 PM,0.6973824
1135.2,6:16:44.06 PM,0.6973824
1135.3,6:16:44.20 PM,0.6973824
1135.4,6:16:44.26 PM,0.6973824
1135.5,6:16:44.37 PM,0.6973824
1135.6,6:16:44.47 PM,0.6973824
1135.7,6:16:44.57 PM,0.6973824
1135.8,6:16:44.70 PM,0.7957312
1135.9,6:16:44.78 PM,0.7957312
1136.0,6:16:44.88 PM,0.7957312
1136.1,6:16:44.98 PM,0.7957312
1136.2,6:16:45.09 PM,0.7957312
1136.3,6:16:45.19 PM,0.7957312
1136.4,6:16:45.30 PM,0.7957312
1136.5,6:16:45.40 PM,0.7957312
1136.6,6:16:45.50 PM,0.7957312
1136.7,6:16:45.60 PM,0.6973824
1136.8,6:16:45.71 PM,0.6973824
1136.9,6:16:45.80 PM,0.6973824
1137.0,6:16:45.92 PM,0.6973824
1137.1,6:16:46.02 PM,0.6973824
1137.2,6:16:46.10 PM,0.6973824
1137.3,6:16:46.23 PM,0.6973824
1137.4,6:16:46.33 PM,0.6973824
1137.5,6:16:46.40 PM,0.6973824
1137.6,6:16:46.50 PM,0.6973824
1137.7,6:16:46.60 PM,0.6973824
1137.8,6:16:46.70 PM,0.6973824
1137.9,6:16:46.80 PM,0.6973824
1138.0,6:16:46.90 PM,0.6973824
1138.1,6:16:47.00 PM,0.6973824
1138.2,6:16:47.10 PM,0.6973824
1138.3,6:16:47.20 PM,0.6973824
1138.4,6:16:47.26 PM,0.6973824
1138.5,6:16:47.37 PM,0.6973824
1138.6,6:16:47.47 PM,0.6973824
1138.7,6:16:47.57 PM,0.6973824
1138.8,6:16:47.68 PM,0.6973824
1138.9,6:16:47.78 PM,0.6973824
1139.0,6:16:47.88 PM,0.6973824
1139.1,6:16:47.99 PM,0.6973824
1139.2,6:16:48.09 PM,0.6973824
1139.3,6:16:48.20 PM,0.6973824
1139.4,6:16:48.30 PM,0.6973824
1139.5,6:16:48.41 PM,0.6973824
1139.6,6:16:48.51 PM,0.6973824
1139.7,6:16:48.60 PM,0.6973824
1139.8,6:16:48.71 PM,0.6973824
1139.9,6:16:48.82 PM,0.6973824
1140.0,6:16:48.92 PM,0.6973824
1140.1,6:16:49.02 PM,0.6973824
1140.2,6:16:49.12 PM,0.6973824
1140.3,6:16:49.20 PM,0.6973824
1140.4,6:16:49.33 PM,0.6973824
1140.5,6:16:49.43 PM,0.6973824
1140.6,6:16:49.53 PM,0.6973824
1140.7,6:16:49.60 PM,0.6973824
1140.8,6:16:49.70 PM,0.6973824
1140.9,6:16:49.80 PM,0.6973824
1141.0,6:16:49.90 PM,0.6973824
1141.1,6:16:50.00 PM,0.6973824
1141.2,6:16:50.10 PM,0.6973824
1141.3,6:16:50.20 PM,0.6973824
1141.4,6:16:50.30 PM,0.6973824
1141.5,6:16:50.40 PM,0.6973824
1141.6,6:16:50.46 PM,0.6973824
1141.7,6:16:50.57 PM,0.6973824
1141.8,6:16:50.66 PM,0.6973824
1141.9,6:16:50.77 PM,0.6973824
1142.0,6:16:50.87 PM,0.6973824
1142.1,6:16:50.97 PM,0.6973824
1142.2,6:16:51.07 PM,0.6973824
1142.3,6:16:51.18 PM,0.6973824
1142.4,6:16:51.28 PM,0.6973824
1142.5,6:16:51.38 PM,0.6973824
1142.6,6:16:51.48 PM,0.6973824
1142.7,6:16:51.59 PM,0.6973824
1142.8,6:16:51.69 PM,0.6973824
1142.9,6:16:51.80 PM,0.6973824
1143.0,6:16:51.90 PM,0.6973824
1143.1,6:16:52.00 PM,0.6973824
1143.2,6:16:52.10 PM,0.6973824
1143.3,6:16:52.20 PM,0.6973824
1143.4,6:16:52.30 PM,0.6973824
1143.5,6:16:52.41 PM,0.6973824
1143.6,6:16:52.51 PM,0.7957312
1143.7,6:16:52.60 PM,0.7957312
1143.8,6:16:52.72 PM,0.7957312
1143.9,6:16:52.80 PM,0.7957312
1144.0,6:16:52.92 PM,0.7957312
1144.1,6:16:53.03 PM,0.7957312
1144.2,6:16:53.10 PM,0.7957312
1144.3,6:16:53.23 PM,0.7957312
1144.4,6:16:53.34 PM,0.7957312
1144.5,6:16:53.40 PM,0.7957312
1144.6,6:16:53.50 PM,0.8985503999999999
1144.7,6:16:53.60 PM,0.8985503999999999
1144.8,6:16:53.70 PM,0.8985503999999999
1144.9,6:16:53.80 PM,0.8985503999999999
1145.0,6:16:53.90 PM,0.8985503999999999
1145.1,6:16:54.00 PM,0.8985503999999999
1145.2,6:16:54.10 PM,0.8985503999999999
1145.3,6:16:54.20 PM,0.8985503999999999
1145.4,6:16:54.26 PM,0.8985503999999999
1145.5,6:16:54.37 PM,0.9968992
1145.6,6:16:54.47 PM,0.9968992
1145.7,6:16:54.58 PM,0.9968992
1145.8,6:16:54.68 PM,0.9968992
1145.9,6:16:54.78 PM,0.9968992
1146.0,6:16:54.88 PM,0.9968992
1146.1,6:16:54.99 PM,0.9968992
1146.2,6:16:55.09 PM,0.9968992
1146.3,6:16:55.19 PM,0.9968992
1146.4,6:16:55.30 PM,0.9968992
1146.5,6:16:55.40 PM,0.9968992
1146.6,6:16:55.50 PM,0.9968992
1146.7,6:16:55.61 PM,0.9968992
1146.8,6:16:55.71 PM,0.9968992
1146.9,6:16:55.80 PM,0.9968992
1147.0,6:16:55.91 PM,0.9968992
1147.1,6:16:56.02 PM,0.9968992
1147.2,6:16:56.10 PM,0.9968992
1147.3,6:16:56.20 PM,0.9968992
1147.4,6:16:56.30 PM,0.9968992
1147.5,6:16:56.43 PM,0.9968992
1147.6,6:16:56.50 PM,0.9968992
1147.7,6:16:56.60 PM,0.9968992
1147.8,6:16:56.70 PM,0.9968992
1147.9,6:16:56.80 PM,0.9968992
1148.0,6:16:56.90 PM,0.9968992
1148.1,6:16:56.96 PM,0.9968992
1148.2,6:16:57.06 PM,0.9968992
1148.3,6:16:57.17 PM,0.9968992
1148.4,6:16:57.27 PM,0.9968992
1148.5,6:16:57.38 PM,0.9968992
1148.6,6:16:57.48 PM,0.9968992
1148.7,6:16:57.58 PM,0.9968992
1148.8,6:16:57.68 PM,0.9968992
1148.9,6:16:57.79 PM,1.0997184
1149.0,6:16:57.89 PM,1.0997184
1149.1,6:16:58.00 PM,1.0997184
1149.2,6:16:58.10 PM,1.0997184
1149.3,6:16:58.21 PM,1.0997184
1149.4,6:16:58.31 PM,1.0997184
1149.5,6:16:58.42 PM,1.0997184
1149.6,6:16:58.50 PM,1.0997184
1149.7,6:16:58.60 PM,1.0997184
1149.8,6:16:58.70 PM,1.0997184
1149.9,6:16:58.83 PM,1.0997184
1150.0,6:16:58.93 PM,1.0997184
1150.1,6:16:59.00 PM,1.0997184
1150.2,6:16:59.10 PM,1.0997184
1150.3,6:16:59.20 PM,1.0997184
1150.4,6:16:59.30 PM,1.1980672
1150.5,6:16:59.40 PM,1.1980672
1150.6,6:16:59.50 PM,1.1980672
1150.7,6:16:59.60 PM,1.1980672
1150.8,6:16:59.70 PM,1.1980672
1150.9,6:16:59.80 PM,1.1980672
1151.0,6:16:59.90 PM,1.1980672
1151.1,6:17:00.00 PM,1.1980672
1151.2,6:17:00.06 PM,1.1980672
1151.3,6:17:00.17 PM,1.1980672
1151.4,6:17:00.27 PM,1.1980672
1151.5,6:17:00.38 PM,1.1980672
1151.6,6:17:00.48 PM,1.1980672
1151.7,6:17:00.58 PM,1.1980672
1151.8,6:17:00.68 PM,1.1980672
1151.9,6:17:00.79 PM,1.1980672
1152.0,6:17:00.89 PM,1.296416
1152.1,6:17:00.99 PM,1.296416
1152.2,6:17:01.10 PM,1.296416
1152.3,6:17:01.20 PM,1.296416
1152.4,6:17:01.30 PM,1.296416
1152.5,6:17:01.40 PM,1.296416
1152.6,6:17:01.51 PM,1.296416
1152.7,6:17:01.61 PM,1.296416
1152.8,6:17:01.71 PM,1.296416
1152.9,6:17:01.82 PM,1.296416
1153.0,6:17:01.90 PM,1.296416
1153.1,6:17:02.02 PM,1.296416
1153.2,6:17:02.10 PM,1.296416
1153.3,6:17:02.23 PM,1.296416
1153.4,6:17:02.33 PM,1.296416
1153.5,6:17:02.44 PM,1.296416
1153.6,6:17:02.50 PM,1.296416
1153.7,6:17:02.60 PM,1.296416
1153.8,6:17:02.70 PM,1.296416
1153.9,6:17:02.80 PM,1.296416
1154.0,6:17:02.90 PM,1.296416
1154.1,6:17:03.00 PM,1.296416
1154.2,6:17:03.10 PM,1.296416
1154.3,6:17:03.20 PM,1.296416
1154.4,6:17:03.30 PM,1.296416
1154.5,6:17:03.36 PM,1.296416
1154.6,6:17:03.46 PM,1.296416
1154.7,6:17:03.56 PM,1.296416
1154.8,6:17:03.67 PM,1.296416
1154.9,6:17:03.77 PM,1.296416
1155.0,6:17:03.87 PM,1.296416
1155.1,6:17:03.98 PM,1.3992352
1155.2,6:17:04.08 PM,1.3992352
1155.3,6:17:04.19 PM,1.3992352
1155.4,6:17:04.29 PM,1.3992352
1155.5,6:17:04.39 PM,1.3992352
1155.6,6:17:04.50 PM,1.3992352
1155.7,6:17:04.60 PM,1.3992352
1155.8,6:17:04.71 PM,1.3992352
1155.9,6:17:04.81 PM,1.3992352
1156.0,6:17:04.90 PM,1.497584
1156.1,6:17:05.02 PM,1.497584
1156.2,6:17:05.12 PM,1.497584
1156.3,6:17:05.20 PM,1.497584
1156.4,6:17:05.33 PM,1.497584
1156.5,6:17:05.43 PM,1.497584
1156.6,6:17:05.50 PM,1.497584
1156.7,6:17:05.63 PM,1.497584
1156.8,6:17:05.73 PM,1.497584
1156.9,6:17:05.80 PM,1.497584
1157.0,6:17:05.90 PM,1.497584
1157.1,6:17:06.00 PM,1.497584
1157.2,6:17:06.10 PM,1.497584
1157.3,6:17:06.20 PM,1.497584
1157.4,6:17:06.30 PM,1.497584
1157.5,6:17:06.36 PM,1.497584
1157.6,6:17:06.47 PM,1.497584
1157.7,6:17:06.60 PM,1.497584
1157.8,6:17:06.67 PM,1.497584
1157.9,6:17:06.77 PM,1.497584
1158.0,6:17:06.88 PM,1.497584
1158.1,6:17:06.98 PM,1.497584
1158.2,6:17:07.08 PM,1.497584
1158.3,6:17:07.19 PM,1.497584
1158.4,6:17:07.29 PM,1.497584
1158.5,6:17:07.40 PM,1.497584
1158.6,6:17:07.50 PM,1.497584
1158.7,6:17:07.61 PM,1.497584
1158.8,6:17:07.71 PM,1.497584
1158.9,6:17:07.81 PM,1.497584
1159.0,6:17:07.92 PM,1.5959328
1159.1,6:17:08.02 PM,1.5959328
1159.2,6:17:08.10 PM,1.5959328
1159.3,6:17:08.22 PM,1.5959328
1159.4,6:17:08.32 PM,1.5959328
1159.5,6:17:08.43 PM,1.5959328
1159.6,6:17:08.50 PM,1.5959328
1159.7,6:17:08.63 PM,1.5959328
1159.8,6:17:08.74 PM,1.5959328
1159.9,6:17:08.80 PM,1.5959328
1160.0,6:17:08.90 PM,1.5959328
1160.1,6:17:09.00 PM,1.5959328
1160.2,6:17:09.10 PM,1.5959328
1160.3,6:17:09.20 PM,1.5959328
1160.4,6:17:09.30 PM,1.5959328
1160.5,6:17:09.40 PM,1.5959328
1160.6,6:17:09.46 PM,1.6987519999999998
1160.7,6:17:09.56 PM,1.6987519999999998
1160.8,6:17:09.66 PM,1.6987519999999998
1160.9,6:17:09.77 PM,1.6987519999999998
1161.0,6:17:09.87 PM,1.6987519999999998
1161.1,6:17:09.97 PM,1.6987519999999998
1161.2,6:17:10.07 PM,1.6987519999999998
1161.3,6:17:10.18 PM,1.6987519999999998
1161.4,6:17:10.29 PM,1.6987519999999998
1161.5,6:17:10.39 PM,1.6987519999999998
1161.6,6:17:10.49 PM,1.6987519999999998
1161.7,6:17:10.59 PM,1.7971007999999997
1161.8,6:17:10.70 PM,1.7971007999999997
1161.9,6:17:10.80 PM,1.7971007999999997
1162.0,6:17:10.91 PM,1.7971007999999997
1162.1,6:17:11.01 PM,1.7971007999999997
1162.2,6:17:11.11 PM,1.7971007999999997
1162.3,6:17:11.22 PM,1.7971007999999997
1162.4,6:17:11.32 PM,1.7971007999999997
1162.5,6:17:11.42 PM,1.7971007999999997
1162.6,6:17:11.50 PM,1.7971007999999997
1162.7,6:17:11.63 PM,1.7971007999999997
1162.8,6:17:11.73 PM,1.7971007999999997
1162.9,6:17:11.80 PM,1.7971007999999997
1163.0,6:17:11.93 PM,1.7971007999999997
1163.1,6:17:12.00 PM,1.7971007999999997
1163.2,6:17:12.10 PM,1.7971007999999997
1163.3,6:17:12.20 PM,1.7971007999999997
1163.4,6:17:12.30 PM,1.7971007999999997
1163.5,6:17:12.40 PM,1.89992
1163.6,6:17:12.50 PM,1.89992
1163.7,6:17:12.60 PM,1.89992
1163.8,6:17:12.70 PM,1.89992
1163.9,6:17:12.76 PM,1.89992
1164.0,6:17:12.90 PM,1.89992
1164.1,6:17:12.96 PM,1.89992
1164.2,6:17:13.07 PM,1.89992
1164.3,6:17:13.17 PM,1.89992
1164.4,6:17:13.27 PM,1.89992
1164.5,6:17:13.37 PM,1.89992
1164.6,6:17:13.48 PM,1.89992
1164.7,6:17:13.58 PM,1.89992
1164.8,6:17:13.68 PM,1.89992
1164.9,6:17:13.79 PM,1.89992
1165.0,6:17:13.89 PM,1.89992
1165.1,6:17:13.99 PM,1.89992
1165.2,6:17:14.09 PM,1.89992
1165.3,6:17:14.19 PM,1.89992
1165.4,6:17:14.30 PM,1.89992
1165.5,6:17:14.41 PM,1.89992
1165.6,6:17:14.51 PM,1.89992
1165.7,6:17:14.60 PM,1.89992
1165.8,6:17:14.70 PM,1.89992
1165.9,6:17:14.82 PM,1.9982688
1166.0,6:17:14.93 PM,1.9982688
1166.1,6:17:15.03 PM,1.9982688
1166.2,6:17:15.13 PM,1.9982688
1166.3,6:17:15.20 PM,1.9982688
1166.4,6:17:15.34 PM,1.9982688
1166.5,6:17:15.40 PM,1.9982688
1166.6,6:17:15.50 PM,1.9982688
1166.7,6:17:15.60 PM,1.9982688
1166.8,6:17:15.70 PM,1.9982688
1166.9,6:17:15.80 PM,1.9982688
1167.0,6:17:15.90 PM,1.9982688
1167.1,6:17:16.00 PM,1.9982688
1167.2,6:17:16.10 PM,1.9982688
1167.3,6:17:16.20 PM,1.9982688
1167.4,6:17:16.30 PM,2.0966176
1167.5,6:17:16.36 PM,2.0966176
1167.6,6:17:16.46 PM,2.0966176
1167.7,6:17:16.56 PM,2.0966176
1167.8,6:17:16.67 PM,1.9982688
1167.9,6:17:16.77 PM,1.9982688
1168.0,6:17:16.87 PM,1.9982688
1168.1,6:17:16.98 PM,1.9982688
1168.2,6:17:17.08 PM,1.9982688
1168.3,6:17:17.18 PM,1.9982688
1168.4,6:17:17.29 PM,1.9982688
1168.5,6:17:17.39 PM,1.9982688
1168.6,6:17:17.49 PM,1.9982688
1168.7,6:17:17.59 PM,1.9982688
1168.8,6:17:17.70 PM,1.9982688
1168.9,6:17:17.80 PM,1.9982688
1169.0,6:17:17.90 PM,1.9982688
1169.1,6:17:18.01 PM,1.9982688
1169.2,6:17:18.11 PM,1.9982688
1169.3,6:17:18.21 PM,1.9982688
1169.4,6:17:18.31 PM,1.9982688
1169.5,6:17:18.42 PM,1.9982688
1169.6,6:17:18.52 PM,1.9982688
1169.7,6:17:18.63 PM,1.9982688
1169.8,6:17:18.73 PM,1.9982688
1169.9,6:17:18.80 PM,1.9982688
1170.0,6:17:18.90 PM,1.9982688
1170.1,6:17:19.00 PM,1.9982688
1170.2,6:17:19.13 PM,1.9982688
1170.3,6:17:19.20 PM,1.9982688
1170.4,6:17:19.30 PM,1.9982688
1170.5,6:17:19.40 PM,1.9982688
1170.6,6:17:19.50 PM,1.9982688
1170.7,6:17:19.60 PM,1.9982688
1170.8,6:17:19.70 PM,1.9982688
1170.9,6:17:19.80 PM,1.9982688
1171.0,6:17:19.90 PM,2.0966176
1171.1,6:17:19.96 PM,2.0966176
1171.2,6:17:20.07 PM,2.0966176
1171.3,6:17:20.18 PM,2.0966176
1171.4,6:17:20.28 PM,2.0966176
1171.5,6:17:20.38 PM,2.0966176
1171.6,6:17:20.49 PM,2.0966176
1171.7,6:17:20.59 PM,2.0966176
1171.8,6:17:20.69 PM,2.0966176
1171.9,6:17:20.80 PM,2.0966176
1172.0,6:17:20.90 PM,2.0966176
1172.1,6:17:21.01 PM,2.0966176
1172.2,6:17:21.11 PM,2.0966176
1172.3,6:17:21.21 PM,2.1994368
1172.4,6:17:21.30 PM,2.1994368
1172.5,6:17:21.42 PM,2.1994368
1172.6,6:17:21.52 PM,2.1994368
1172.7,6:17:21.60 PM,2.1994368
1172.8,6:17:21.72 PM,2.1994368
1172.9,6:17:21.82 PM,2.1994368
1173.0,6:17:21.90 PM,2.1994368
1173.1,6:17:22.03 PM,2.1994368
1173.2,6:17:22.13 PM,2.1994368
1173.3,6:17:22.20 PM,2.1994368
1173.4,6:17:22.30 PM,2.1994368
1173.5,6:17:22.40 PM,2.1994368
1173.6,6:17:22.50 PM,2.1994368
1173.7,6:17:22.60 PM,2.1994368
1173.8,6:17:22.70 PM,2.1994368
1173.9,6:17:22.76 PM,2.2977855999999997
1174.0,6:17:22.86 PM,2.2977855999999997
1174.1,6:17:22.96 PM,2.2977855999999997
1174.2,6:17:23.07 PM,2.2977855999999997
1174.3,6:17:23.17 PM,2.2977855999999997
1174.4,6:17:23.27 PM,2.2977855999999997
1174.5,6:17:23.38 PM,2.2977855999999997
1174.6,6:17:23.48 PM,2.1994368
1174.7,6:17:23.58 PM,2.1994368
1174.8,6:17:23.68 PM,2.1994368
1174.9,6:17:23.79 PM,2.1994368
1175.0,6:17:23.89 PM,2.2977855999999997
1175.1,6:17:23.99 PM,2.2977855999999997
1175.2,6:17:24.09 PM,2.2977855999999997
1175.3,6:17:24.20 PM,2.2977855999999997
1175.4,6:17:24.30 PM,2.2977855999999997
1175.5,6:17:24.40 PM,2.2977855999999997
1175.6,6:17:24.51 PM,2.2977855999999997
1175.7,6:17:24.60 PM,2.2977855999999997
1175.8,6:17:24.72 PM,2.2977855999999997
1175.9,6:17:24.82 PM,2.2977855999999997
1176.0,6:17:24.90 PM,2.2977855999999997
1176.1,6:17:25.03 PM,2.2977855999999997
1176.2,6:17:25.13 PM,2.2977855999999997
1176.3,6:17:25.24 PM,2.2977855999999997
1176.4,6:17:25.30 PM,2.2977855999999997
1176.5,6:17:25.40 PM,2.2977855999999997
1176.6,6:17:25.50 PM,2.2977855999999997
1176.7,6:17:25.60 PM,2.2977855999999997
1176.8,6:17:25.70 PM,2.2977855999999997
1176.9,6:17:25.80 PM,2.2977855999999997
1177.0,6:17:25.90 PM,2.2977855999999997
1177.1,6:17:26.00 PM,2.2977855999999997
1177.2,6:17:26.10 PM,2.2977855999999997
1177.3,6:17:26.17 PM,2.2977855999999997
1177.4,6:17:26.27 PM,2.2977855999999997
1177.5,6:17:26.38 PM,2.2977855999999997
1177.6,6:17:26.48 PM,2.2977855999999997
1177.7,6:17:26.59 PM,2.2977855999999997
1177.8,6:17:26.69 PM,2.2977855999999997
1177.9,6:17:26.79 PM,2.2977855999999997
1178.0,6:17:26.89 PM,2.2977855999999997
1178.1,6:17:27.00 PM,2.2977855999999997
1178.2,6:17:27.10 PM,2.2977855999999997
1178.3,6:17:27.21 PM,2.2977855999999997
1178.4,6:17:27.31 PM,2.2977855999999997
1178.5,6:17:27.41 PM,2.2977855999999997
1178.6,6:17:27.52 PM,2.2977855999999997
1178.7,6:17:27.62 PM,2.2977855999999997
1178.8,6:17:27.72 PM,2.2977855999999997
1178.9,6:17:27.80 PM,2.2977855999999997
1179.0,6:17:27.93 PM,2.2977855999999997
1179.1,6:17:28.00 PM,2.2977855999999997
1179.2,6:17:28.10 PM,2.2977855999999997
1179.3,6:17:28.20 PM,2.2977855999999997
1179.4,6:17:28.30 PM,2.2977855999999997
1179.5,6:17:28.40 PM,2.2977855999999997
1179.6,6:17:28.50 PM,2.2977855999999997
1179.7,6:17:28.60 PM,2.2977855999999997
1179.8,6:17:28.70 PM,2.2977855999999997
1179.9,6:17:28.80 PM,2.2977855999999997
1180.0,6:17:28.86 PM,2.2977855999999997
1180.1,6:17:29.00 PM,2.2977855999999997
1180.2,6:17:29.07 PM,2.2977855999999997
1180.3,6:17:29.17 PM,2.2977855999999997
1180.4,6:17:29.28 PM,2.2977855999999997
1180.5,6:17:29.38 PM,2.2977855999999997
1180.6,6:17:29.48 PM,2.3961344
1180.7,6:17:29.58 PM,2.3961344
1180.8,6:17:29.69 PM,2.3961344
1180.9,6:17:29.79 PM,2.3961344
1181.0,6:17:29.89 PM,2.3961344
1181.1,6:17:29.99 PM,2.3961344
1181.2,6:17:30.10 PM,2.3961344
1181.3,6:17:30.20 PM,2.3961344
1181.4,6:17:30.31 PM,2.3961344
1181.5,6:17:30.41 PM,2.3961344
1181.6,6:17:30.51 PM,2.3961344
1181.7,6:17:30.62 PM,2.3961344
1181.8,6:17:30.72 PM,2.3961344
1181.9,6:17:30.80 PM,2.3961344
1182.0,6:17:30.90 PM,2.3961344
1182.1,6:17:31.00 PM,2.4989536
1182.2,6:17:31.10 PM,2.4989536
1182.3,6:17:31.20 PM,2.4989536
1182.4,6:17:31.30 PM,2.4989536
1182.5,6:17:31.40 PM,2.3961344
1182.6,6:17:31.50 PM,2.3961344
1182.7,6:17:31.60 PM,2.3961344
1182.8,6:17:31.70 PM,2.3961344
1182.9,6:17:31.80 PM,2.3961344
1183.0,6:17:31.90 PM,2.3961344
1183.1,6:17:31.96 PM,2.3961344
1183.2,6:17:32.06 PM,2.3961344
1183.3,6:17:32.16 PM,2.3961344
1183.4,6:17:32.27 PM,2.3961344
1183.5,6:17:32.37 PM,2.3961344
1183.6,6:17:32.47 PM,2.4989536
1183.7,6:17:32.57 PM,2.4989536
1183.8,6:17:32.68 PM,2.4989536
1183.9,6:17:32.78 PM,2.4989536
1184.0,6:17:32.88 PM,2.4989536
1184.1,6:17:32.98 PM,2.4989536
1184.2,6:17:33.09 PM,2.4989536
1184.3,6:17:33.19 PM,2.4989536
1184.4,6:17:33.29 PM,2.4989536
1184.5,6:17:33.39 PM,2.4989536
1184.6,6:17:33.50 PM,2.3961344
1184.7,6:17:33.60 PM,2.3961344
1184.8,6:17:33.70 PM,2.3961344
1184.9,6:17:33.80 PM,2.3961344
1185.0,6:17:33.91 PM,2.3961344
1185.1,6:17:34.01 PM,2.3961344
1185.2,6:17:34.12 PM,2.3961344
1185.3,6:17:34.20 PM,2.3961344
1185.4,6:17:34.33 PM,2.4989536
1185.5,6:17:34.40 PM,2.4989536
1185.6,6:17:34.53 PM,2.4989536
1185.7,6:17:34.60 PM,2.4989536
1185.8,6:17:34.70 PM,2.4989536
1185.9,6:17:34.80 PM,2.4989536
1186.0,6:17:34.90 PM,2.4989536
1186.1,6:17:35.00 PM,2.4989536
1186.2,6:17:35.10 PM,2.4989536
1186.3,6:17:35.20 PM,2.4989536
1186.4,6:17:35.30 PM,2.4989536
1186.5,6:17:35.40 PM,2.4989536
1186.6,6:17:35.46 PM,2.4989536
1186.7,6:17:35.56 PM,2.4989536
1186.8,6:17:35.66 PM,2.4989536
1186.9,6:17:35.77 PM,2.4989536
1187.0,6:17:35.87 PM,2.4989536
1187.1,6:17:35.97 PM,2.4989536
1187.2,6:17:36.07 PM,2.4989536
1187.3,6:17:36.18 PM,2.4989536
1187.4,6:17:36.28 PM,2.4989536
1187.5,6:17:36.38 PM,2.4989536
1187.6,6:17:36.48 PM,2.4989536
1187.7,6:17:36.59 PM,2.4989536
1187.8,6:17:36.69 PM,2.4989536
1187.9,6:17:36.79 PM,2.4989536
1188.0,6:17:36.89 PM,2.4989536
1188.1,6:17:36.99 PM,2.4989536
1188.2,6:17:37.10 PM,2.4989536
1188.3,6:17:37.20 PM,2.3961344
1188.4,6:17:37.30 PM,2.3961344
1188.5,6:17:37.41 PM,2.3961344
1188.6,6:17:37.51 PM,2.3961344
1188.7,6:17:37.62 PM,2.3961344
1188.8,6:17:37.72 PM,2.3961344
1188.9,6:17:37.80 PM,2.3961344
1189.0,6:17:37.92 PM,2.3961344
1189.1,6:17:38.03 PM,2.3961344
1189.2,6:17:38.13 PM,2.3961344
1189.3,6:17:38.20 PM,2.3961344
1189.4,6:17:38.34 PM,2.4989536
1189.5,6:17:38.40 PM,2.4989536
1189.6,6:17:38.50 PM,2.4989536
1189.7,6:17:38.60 PM,2.4989536
1189.8,6:17:38.70 PM,2.4989536
1189.9,6:17:38.80 PM,2.4989536
1190.0,6:17:38.86 PM,2.4989536
1190.1,6:17:39.00 PM,2.4989536
1190.2,6:17:39.10 PM,2.4989536
1190.3,6:17:39.16 PM,2.4989536
1190.4,6:17:39.30 PM,2.4989536
1190.5,6:17:39.37 PM,2.4989536
1190.6,6:17:39.47 PM,2.4989536
1190.7,6:17:39.57 PM,2.4989536
1190.8,6:17:39.67 PM,2.4989536
1190.9,6:17:39.78 PM,2.4989536
1191.0,6:17:39.88 PM,2.4989536
1191.1,6:17:39.98 PM,2.4989536
1191.2,6:17:40.09 PM,2.4989536
1191.3,6:17:40.19 PM,2.4989536
1191.4,6:17:40.29 PM,2.4989536
1191.5,6:17:40.39 PM,2.4989536
1191.6,6:17:40.50 PM,2.4989536
1191.7,6:17:40.60 PM,2.4989536
1191.8,6:17:40.70 PM,2.4989536
1191.9,6:17:40.81 PM,2.4989536
1192.0,6:17:40.91 PM,2.4989536
1192.1,6:17:41.02 PM,2.4989536
1192.2,6:17:41.12 PM,2.4989536
1192.3,6:17:41.20 PM,2.4989536
1192.4,6:17:41.30 PM,2.4989536
1192.5,6:17:41.40 PM,2.4989536
1192.6,6:17:41.53 PM,2.4989536
1192.7,6:17:41.60 PM,2.4989536
1192.8,6:17:41.70 PM,2.4989536
1192.9,6:17:41.80 PM,2.4989536
1193.0,6:17:41.90 PM,2.4989536
1193.1,6:17:42.00 PM,2.4989536
1193.2,6:17:42.10 PM,2.4989536
1193.3,6:17:42.20 PM,2.4989536
1193.4,6:17:42.30 PM,2.4989536
1193.5,6:17:42.40 PM,2.4989536
1193.6,6:17:42.50 PM,2.4989536
1193.7,6:17:42.60 PM,2.4989536
1193.8,6:17:42.70 PM,2.4989536
1193.9,6:17:42.76 PM,2.4989536
1194.0,6:17:42.86 PM,2.4989536
1194.1,6:17:42.97 PM,2.4989536
1194.2,6:17:43.07 PM,2.4989536
1194.3,6:17:43.18 PM,2.4989536
1194.4,6:17:43.28 PM,2.4989536
1194.5,6:17:43.39 PM,2.4989536
1194.6,6:17:43.49 PM,2.4989536
1194.7,6:17:43.60 PM,2.4989536
1194.8,6:17:43.70 PM,2.4989536
1194.9,6:17:43.80 PM,2.4989536
1195.0,6:17:43.90 PM,2.4989536
1195.1,6:17:44.00 PM,2.4989536
1195.2,6:17:44.11 PM,2.4989536
1195.3,6:17:44.21 PM,2.4989536
1195.4,6:17:44.30 PM,2.4989536
1195.5,6:17:44.42 PM,2.4989536
1195.6,6:17:44.52 PM,2.4989536
1195.7,6:17:44.62 PM,2.4989536
1195.8,6:17:44.73 PM,2.4989536
1195.9,6:17:44.80 PM,2.4989536
1196.0,6:17:44.93 PM,2.4989536
1196.1,6:17:45.00 PM,2.4989536
1196.2,6:17:45.10 PM,2.4989536
1196.3,6:17:45.20 PM,2.4989536
1196.4,6:17:45.30 PM,2.3961344
1196.5,6:17:45.40 PM,2.3961344
1196.6,6:17:45.50 PM,2.3961344
1196.7,6:17:45.60 PM,2.3961344
1196.8,6:17:45.70 PM,2.3961344
1196.9,6:17:45.76 PM,2.3961344
1197.0,6:17:45.86 PM,2.3961344
1197.1,6:17:45.97 PM,2.3961344
1197.2,6:17:46.07 PM,2.3961344
1197.3,6:17:46.17 PM,2.3961344
1197.4,6:17:46.28 PM,2.3961344
1197.5,6:17:46.38 PM,2.3961344
1197.6,6:17:46.48 PM,2.3961344
1197.7,6:17:46.58 PM,2.3961344
1197.8,6:17:46.69 PM,2.3961344
1197.9,6:17:46.79 PM,2.3961344
1198.0,6:17:46.90 PM,2.2977855999999997
1198.1,6:17:47.00 PM,2.2977855999999997
1198.2,6:17:47.10 PM,2.2977855999999997
1198.3,6:17:47.21 PM,2.2977855999999997
1198.4,6:17:47.30 PM,2.2977855999999997
1198.5,6:17:47.42 PM,2.2977855999999997
1198.6,6:17:47.50 PM,2.2977855999999997
1198.7,6:17:47.60 PM,2.2977855999999997
1198.8,6:17:47.70 PM,2.3961344
1198.9,6:17:47.80 PM,2.3961344
1199.0,6:17:47.93 PM,2.3961344
1199.1,6:17:48.03 PM,2.3961344
1199.2,6:17:48.13 PM,2.3961344
1199.3,6:17:48.20 PM,2.3961344
1199.4,6:17:48.30 PM,2.3961344
1199.5,6:17:48.40 PM,2.2977855999999997
1199.6,6:17:48.50 PM,2.2977855999999997
1199.7,6:17:48.60 PM,2.2977855999999997
1199.8,6:17:48.70 PM,2.2977855999999997
1199.9,6:17:48.76 PM,2.2977855999999997
1200.0,6:17:48.87 PM,2.2977855999999997
1200.1,6:17:48.97 PM,2.2977855999999997
1200.2,6:17:49.07 PM,2.2977855999999997
1200.3,6:17:49.18 PM,2.3961344
1200.4,6:17:49.28 PM,2.3961344
1200.5,6:17:49.39 PM,2.3961344
1200.6,6:17:49.49 PM,2.3961344
1200.7,6:17:49.59 PM,2.3961344
1200.8,6:17:49.69 PM,2.3961344
1200.9,6:17:49.80 PM,2.3961344
1201.0,6:17:49.90 PM,2.3961344
1201.1,6:17:50.00 PM,2.3961344
1201.2,6:17:50.11 PM,2.3961344
1201.3,6:17:50.21 PM,2.3961344
1201.4,6:17:50.31 PM,2.3961344
1201.5,6:17:50.42 PM,2.3961344
1201.6,6:17:50.50 PM,2.3961344
1201.7,6:17:50.62 PM,2.3961344
1201.8,6:17:50.73 PM,2.3961344
1201.9,6:17:50.83 PM,2.3961344
1202.0,6:17:50.90 PM,2.3961344
1202.1,6:17:51.03 PM,2.3961344
1202.2,6:17:51.14 PM,2.3961344
1202.3,6:17:51.20 PM,2.3961344
1202.4,6:17:51.30 PM,2.2977855999999997
1202.5,6:17:51.40 PM,2.2977855999999997
1202.6,6:17:51.50 PM,2.2977855999999997
1202.7,6:17:51.60 PM,2.2977855999999997
1202.8,6:17:51.66 PM,2.2977855999999997
1202.9,6:17:51.76 PM,2.2977855999999997
1203.0,6:17:51.86 PM,2.2977855999999997
1203.1,6:17:51.97 PM,2.2977855999999997
1203.2,6:17:52.07 PM,2.2977855999999997
1203.3,6:17:52.18 PM,2.2977855999999997
1203.4,6:17:52.28 PM,2.2977855999999997
1203.5,6:17:52.38 PM,2.2977855999999997
1203.6,6:17:52.48 PM,2.2977855999999997
1203.7,6:17:52.59 PM,2.2977855999999997
1203.8,6:17:52.69 PM,2.2977855999999997
1203.9,6:17:52.79 PM,2.2977855999999997
1204.0,6:17:52.89 PM,2.2977855999999997
1204.1,6:17:53.00 PM,2.2977855999999997
1204.2,6:17:53.10 PM,2.1994368
1204.3,6:17:53.20 PM,2.1994368
1204.4,6:17:53.31 PM,2.1994368
1204.5,6:17:53.41 PM,2.1994368
1204.6,6:17:53.51 PM,2.1994368
1204.7,6:17:53.62 PM,2.1994368
1204.8,6:17:53.72 PM,2.1994368
1204.9,6:17:53.82 PM,2.1994368
1205.0,6:17:53.90 PM,2.1994368
1205.1,6:17:54.02 PM,2.1994368
1205.2,6:17:54.13 PM,2.1994368
1205.3,6:17:54.20 PM,2.1994368
1205.4,6:17:54.30 PM,2.1994368
1205.5,6:17:54.43 PM,2.1994368
1205.6,6:17:54.54 PM,2.1994368
1205.7,6:17:54.60 PM,2.1994368
1205.8,6:17:54.70 PM,2.1994368
1205.9,6:17:54.80 PM,2.1994368
1206.0,6:17:54.90 PM,2.1994368
1206.1,6:17:55.00 PM,2.1994368
1206.2,6:17:55.10 PM,2.1994368
1206.3,6:17:55.20 PM,2.1994368
1206.4,6:17:55.30 PM,2.1994368
1206.5,6:17:55.40 PM,2.1994368
1206.6,6:17:55.50 PM,2.1994368
1206.7,6:17:55.56 PM,2.1994368
1206.8,6:17:55.66 PM,2.1994368
1206.9,6:17:55.77 PM,2.1994368
1207.0,6:17:55.87 PM,2.1994368
1207.1,6:17:55.98 PM,2.1994368
1207.2,6:17:56.08 PM,2.1994368
1207.3,6:17:56.18 PM,2.1994368
1207.4,6:17:56.29 PM,2.1994368
1207.5,6:17:56.39 PM,2.1994368
1207.6,6:17:56.49 PM,2.0966176
1207.7,6:17:56.60 PM,2.0966176
1207.8,6:17:56.70 PM,2.0966176
1207.9,6:17:56.81 PM,2.0966176
1208.0,6:17:56.91 PM,2.0966176
1208.1,6:17:57.01 PM,2.0966176
1208.2,6:17:57.11 PM,2.0966176
1208.3,6:17:57.22 PM,2.0966176
1208.4,6:17:57.32 PM,2.0966176
1208.5,6:17:57.42 PM,2.0966176
1208.6,6:17:57.50 PM,2.0966176
1208.7,6:17:57.60 PM,2.0966176
1208.8,6:17:57.72 PM,2.0966176
1208.9,6:17:57.80 PM,2.0966176
1209.0,6:17:57.90 PM,2.0966176
1209.1,6:17:58.03 PM,2.0966176
1209.2,6:17:58.10 PM,2.0966176
1209.3,6:17:58.20 PM,2.0966176
1209.4,6:17:58.30 PM,2.0966176
1209.5,6:17:58.40 PM,2.0966176
1209.6,6:17:58.50 PM,2.0966176
1209.7,6:17:58.60 PM,2.0966176
1209.8,6:17:58.70 PM,2.0966176
1209.9,6:17:58.80 PM,2.0966176
1210.0,6:17:58.90 PM,2.0966176
1210.1,6:17:59.00 PM,2.0966176
1210.2,6:17:59.06 PM,2.0966176
1210.3,6:17:59.16 PM,2.0966176
1210.4,6:17:59.27 PM,1.9982688
1210.5,6:17:59.37 PM,1.9982688
1210.6,6:17:59.47 PM,1.9982688
1210.7,6:17:59.57 PM,1.9982688
1210.8,6:17:59.68 PM,1.9982688
1210.9,6:17:59.78 PM,1.9982688
1211.0,6:17:59.88 PM,1.9982688
1211.1,6:17:59.99 PM,1.9982688
1211.2,6:18:00.09 PM,1.9982688
1211.3,6:18:00.20 PM,1.9982688
1211.4,6:18:00.30 PM,1.9982688
1211.5,6:18:00.41 PM,1.9982688
1211.6,6:18:00.51 PM,1.9982688
1211.7,6:18:00.61 PM,1.9982688
1211.8,6:18:00.72 PM,2.0966176
1211.9,6:18:00.80 PM,2.0966176
1212.0,6:18:00.92 PM,2.0966176
1212.1,6:18:01.03 PM,1.9982688
1212.2,6:18:01.10 PM,1.9982688
1212.3,6:18:01.23 PM,1.9982688
1212.4,6:18:01.30 PM,1.9982688
1212.5,6:18:01.40 PM,1.9982688
1212.6,6:18:01.50 PM,1.9982688
1212.7,6:18:01.60 PM,1.9982688
1212.8,6:18:01.70 PM,1.9982688
1212.9,6:18:01.80 PM,1.9982688
1213.0,6:18:01.90 PM,1.9982688
1213.1,6:18:02.00 PM,1.9982688
1213.2,6:18:02.10 PM,1.9982688
1213.3,6:18:02.20 PM,1.9982688
1213.4,6:18:02.30 PM,1.9982688
1213.5,6:18:02.40 PM,1.9982688
1213.6,6:18:02.46 PM,1.9982688
1213.7,6:18:02.56 PM,1.9982688
1213.8,6:18:02.66 PM,1.9982688
1213.9,6:18:02.77 PM,1.9982688
1214.0,6:18:02.87 PM,1.9982688
1214.1,6:18:02.97 PM,1.9982688
1214.2,6:18:03.08 PM,1.9982688
1214.3,6:18:03.18 PM,1.9982688
1214.4,6:18:03.29 PM,1.9982688
1214.5,6:18:03.39 PM,1.9982688
1214.6,6:18:03.49 PM,1.9982688
1214.7,6:18:03.59 PM,1.9982688
1214.8,6:18:03.70 PM,1.9982688
1214.9,6:18:03.80 PM,1.9982688
1215.0,6:18:03.90 PM,1.9982688
1215.1,6:18:04.01 PM,1.9982688
1215.2,6:18:04.11 PM,1.9982688
1215.3,6:18:04.22 PM,1.9982688
1215.4,6:18:04.32 PM,1.9982688
1215.5,6:18:04.43 PM,1.9982688
1215.6,6:18:04.50 PM,1.9982688
1215.7,6:18:04.60 PM,1.9982688
1215.8,6:18:04.73 PM,1.9982688
1215.9,6:18:04.80 PM,1.9982688
1216.0,6:18:04.90 PM,1.9982688
1216.1,6:18:05.00 PM,1.9982688
1216.2,6:18:05.10 PM,1.9982688
1216.3,6:18:05.20 PM,1.9982688
1216.4,6:18:05.30 PM,1.9982688
1216.5,6:18:05.40 PM,1.9982688
1216.6,6:18:05.50 PM,1.9982688
1216.7,6:18:05.56 PM,1.9982688
1216.8,6:18:05.66 PM,1.9982688
1216.9,6:18:05.77 PM,1.9982688
1217.0,6:18:05.87 PM,1.9982688
1217.1,6:18:05.98 PM,1.9982688
1217.2,6:18:06.08 PM,1.9982688
1217.3,6:18:06.18 PM,1.9982688
1217.4,6:18:06.29 PM,1.9982688
1217.5,6:18:06.39 PM,1.9982688
1217.6,6:18:06.49 PM,1.9982688
1217.7,6:18:06.59 PM,1.9982688
1217.8,6:18:06.69 PM,1.9982688
1217.9,6:18:06.80 PM,1.9982688
1218.0,6:18:06.90 PM,1.9982688
1218.1,6:18:07.00 PM,1.9982688
1218.2,6:18:07.11 PM,1.9982688
1218.3,6:18:07.21 PM,1.9982688
1218.4,6:18:07.31 PM,1.9982688
1218.5,6:18:07.41 PM,1.9982688
1218.6,6:18:07.50 PM,1.9982688
1218.7,6:18:07.62 PM,1.9982688
1218.8,6:18:07.70 PM,1.9982688
1218.9,6:18:07.80 PM,1.9982688
1219.0,6:18:07.93 PM,1.9982688
1219.1,6:18:08.03 PM,1.9982688
1219.2,6:18:08.10 PM,1.9982688
1219.3,6:18:08.20 PM,1.9982688
1219.4,6:18:08.30 PM,1.9982688
1219.5,6:18:08.40 PM,1.9982688
1219.6,6:18:08.50 PM,1.9982688
1219.7,6:18:08.60 PM,1.9982688
1219.8,6:18:08.70 PM,1.9982688
1219.9,6:18:08.76 PM,1.9982688
1220.0,6:18:08.86 PM,1.9982688
1220.1,6:18:08.97 PM,1.9982688
1220.2,6:18:09.07 PM,1.9982688
1220.3,6:18:09.17 PM,1.9982688
1220.4,6:18:09.28 PM,1.9982688
1220.5,6:18:09.39 PM,2.0966176
1220.6,6:18:09.49 PM,2.0966176
1220.7,6:18:09.59 PM,2.0966176
1220.8,6:18:09.70 PM,2.0966176
1220.9,6:18:09.80 PM,2.0966176
1221.0,6:18:09.90 PM,2.0966176
1221.1,6:18:10.01 PM,2.0966176
1221.2,6:18:10.11 PM,2.0966176
1221.3,6:18:10.22 PM,2.0966176
1221.4,6:18:10.32 PM,2.0966176
1221.5,6:18:10.43 PM,2.0966176
1221.6,6:18:10.50 PM,2.0966176
1221.7,6:18:10.60 PM,2.0966176
1221.8,6:18:10.70 PM,2.0966176
1221.9,6:18:10.80 PM,2.0966176
1222.0,6:18:10.90 PM,2.0966176
1222.1,6:18:11.00 PM,2.0966176
1222.2,6:18:11.10 PM,2.0966176
1222.3,6:18:11.20 PM,2.0966176
1222.4,6:18:11.30 PM,2.0966176
1222.5,6:18:11.36 PM,2.0966176
1222.6,6:18:11.46 PM,2.0966176
1222.7,6:18:11.57 PM,2.1994368
1222.8,6:18:11.67 PM,2.1994368
1222.9,6:18:11.77 PM,2.1994368
1223.0,6:18:11.87 PM,2.1994368
1223.1,6:18:11.98 PM,2.1994368
1223.2,6:18:12.08 PM,2.1994368
1223.3,6:18:12.18 PM,2.1994368
1223.4,6:18:12.29 PM,2.1994368
1223.5,6:18:12.39 PM,2.1994368
1223.6,6:18:12.49 PM,2.1994368
1223.7,6:18:12.59 PM,2.1994368
1223.8,6:18:12.70 PM,2.1994368
1223.9,6:18:12.80 PM,2.2977855999999997
1224.0,6:18:12.90 PM,2.2977855999999997
1224.1,6:18:13.01 PM,2.2977855999999997
1224.2,6:18:13.11 PM,2.2977855999999997
1224.3,6:18:13.21 PM,2.2977855999999997
1224.4,6:18:13.31 PM,2.2977855999999997
1224.5,6:18:13.40 PM,2.2977855999999997
1224.6,6:18:13.52 PM,2.2977855999999997
1224.7,6:18:13.62 PM,2.2977855999999997
1224.8,6:18:13.72 PM,2.2977855999999997
1224.9,6:18:13.80 PM,2.2977855999999997
1225.0,6:18:13.90 PM,2.2977855999999997
1225.1,6:18:14.00 PM,2.2977855999999997
1225.2,6:18:14.10 PM,2.2977855999999997
1225.3,6:18:14.20 PM,2.2977855999999997
1225.4,6:18:14.30 PM,2.2977855999999997
1225.5,6:18:14.40 PM,2.2977855999999997
1225.6,6:18:14.50 PM,2.2977855999999997
1225.7,6:18:14.60 PM,2.2977855999999997
1225.8,6:18:14.70 PM,2.2977855999999997
1225.9,6:18:14.80 PM,2.2977855999999997
1226.0,6:18:14.90 PM,2.2977855999999997
1226.1,6:18:15.00 PM,2.2977855999999997
1226.2,6:18:15.10 PM,2.2977855999999997
1226.3,6:18:15.20 PM,2.2977855999999997
1226.4,6:18:15.26 PM,2.2977855999999997
1226.5,6:18:15.36 PM,2.2977855999999997
1226.6,6:18:15.47 PM,2.2977855999999997
1226.7,6:18:15.57 PM,2.2977855999999997
1226.8,6:18:15.67 PM,2.2977855999999997
1226.9,6:18:15.78 PM,2.2977855999999997
1227.0,6:18:15.88 PM,2.2977855999999997
1227.1,6:18:15.98 PM,2.2977855999999997
1227.2,6:18:16.09 PM,2.2977855999999997
1227.3,6:18:16.19 PM,2.2977855999999997
1227.4,6:18:16.29 PM,2.2977855999999997
1227.5,6:18:16.40 PM,2.2977855999999997
1227.6,6:18:16.50 PM,2.2977855999999997
1227.7,6:18:16.60 PM,2.2977855999999997
1227.8,6:18:16.71 PM,2.2977855999999997
1227.9,6:18:16.81 PM,2.2977855999999997
1228.0,6:18:16.91 PM,2.2977855999999997
1228.1,6:18:17.02 PM,2.2977855999999997
1228.2,6:18:17.10 PM,2.2977855999999997
1228.3,6:18:17.20 PM,2.2977855999999997
1228.4,6:18:17.30 PM,2.2977855999999997
1228.5,6:18:17.43 PM,2.2977855999999997
1228.6,6:18:17.54 PM,2.2977855999999997
1228.7,6:18:17.60 PM,2.2977855999999997
1228.8,6:18:17.70 PM,2.2977855999999997
1228.9,6:18:17.80 PM,2.2977855999999997
1229.0,6:18:17.90 PM,2.2977855999999997
1229.1,6:18:18.00 PM,2.2977855999999997
1229.2,6:18:18.10 PM,2.2977855999999997
1229.3,6:18:18.20 PM,2.2977855999999997
1229.4,6:18:18.26 PM,2.2977855999999997
1229.5,6:18:18.36 PM,2.2977855999999997
1229.6,6:18:18.47 PM,2.2977855999999997
1229.7,6:18:18.58 PM,2.2977855999999997
1229.8,6:18:18.68 PM,2.3961344
1229.9,6:18:18.78 PM,2.3961344
1230.0,6:18:18.89 PM,2.3961344
1230.1,6:18:18.99 PM,2.3961344
1230.2,6:18:19.10 PM,2.3961344
1230.3,6:18:19.20 PM,2.3961344
1230.4,6:18:19.31 PM,2.3961344
1230.5,6:18:19.41 PM,2.3961344
1230.6,6:18:19.51 PM,2.3961344
1230.7,6:18:19.62 PM,2.3961344
1230.8,6:18:19.72 PM,2.3961344
1230.9,6:18:19.80 PM,2.3961344
1231.0,6:18:19.93 PM,2.3961344
1231.1,6:18:20.03 PM,2.3961344
1231.2,6:18:20.13 PM,2.3961344
1231.3,6:18:20.20 PM,2.3961344
1231.4,6:18:20.30 PM,2.3961344
1231.5,6:18:20.40 PM,2.3961344
1231.6,6:18:20.50 PM,2.3961344
1231.7,6:18:20.60 PM,2.3961344
1231.8,6:18:20.70 PM,2.3961344
1231.9,6:18:20.80 PM,2.3961344
1232.0,6:18:20.90 PM,2.3961344
1232.1,6:18:21.00 PM,2.3961344
1232.2,6:18:21.10 PM,2.3961344
1232.3,6:18:21.16 PM,2.3961344
1232.4,6:18:21.27 PM,2.3961344
1232.5,6:18:21.37 PM,2.3961344
1232.6,6:18:21.48 PM,2.3961344
1232.7,6:18:21.58 PM,2.3961344
1232.8,6:18:21.68 PM,2.3961344
1232.9,6:18:21.78 PM,2.3961344
1233.0,6:18:21.89 PM,2.3961344
1233.1,6:18:21.99 PM,2.3961344
1233.2,6:18:22.09 PM,2.3961344
1233.3,6:18:22.19 PM,2.3961344
1233.4,6:18:22.30 PM,2.3961344
1233.5,6:18:22.40 PM,2.3961344
1233.6,6:18:22.50 PM,2.3961344
1233.7,6:18:22.61 PM,2.3961344
1233.8,6:18:22.71 PM,2.3961344
1233.9,6:18:22.80 PM,2.3961344
1234.0,6:18:22.91 PM,2.3961344
1234.1,6:18:23.02 PM,2.3961344
1234.2,6:18:23.13 PM,2.3961344
1234.3,6:18:23.23 PM,2.3961344
1234.4,6:18:23.33 PM,2.3961344
1234.5,6:18:23.40 PM,2.3961344
1234.6,6:18:23.50 PM,2.3961344
1234.7,6:18:23.60 PM,2.3961344
1234.8,6:18:23.70 PM,2.3961344
1234.9,6:18:23.80 PM,2.3961344
1235.0,6:18:23.90 PM,2.3961344
1235.1,6:18:24.00 PM,2.3961344
1235.2,6:18:24.10 PM,2.3961344
1235.3,6:18:24.20 PM,2.3961344
1235.4,6:18:24.26 PM,2.3961344
1235.5,6:18:24.36 PM,2.3961344
1235.6,6:18:24.46 PM,2.3961344
1235.7,6:18:24.57 PM,2.3961344
1235.8,6:18:24.67 PM,2.4989536
1235.9,6:18:24.77 PM,2.4989536
1236.0,6:18:24.87 PM,2.4989536
1236.1,6:18:24.98 PM,2.4989536
1236.2,6:18:25.08 PM,2.4989536
1236.3,6:18:25.19 PM,2.4989536
1236.4,6:18:25.30 PM,2.4989536
1236.5,6:18:25.40 PM,2.4989536
1236.6,6:18:25.50 PM,2.4989536
1236.7,6:18:25.61 PM,2.4989536
1236.8,6:18:25.71 PM,2.4989536
1236.9,6:18:25.80 PM,2.4989536
1237.0,6:18:25.90 PM,2.4989536
1237.1,6:18:26.02 PM,2.4989536
1237.2,6:18:26.10 PM,2.4989536
1237.3,6:18:26.23 PM,2.4989536
1237.4,6:18:26.32 PM,2.4989536
1237.5,6:18:26.43 PM,2.4989536
1237.6,6:18:26.53 PM,2.4989536
1237.7,6:18:26.60 PM,2.4989536
1237.8,6:18:26.70 PM,2.4989536
1237.9,6:18:26.80 PM,2.4989536
1238.0,6:18:26.90 PM,2.4989536
1238.1,6:18:27.00 PM,2.4989536
1238.2,6:18:27.10 PM,2.4989536
1238.3,6:18:27.20 PM,2.4989536
1238.4,6:18:27.30 PM,2.4989536
1238.5,6:18:27.40 PM,2.5973024
1238.6,6:18:27.50 PM,2.5973024
1238.7,6:18:27.56 PM,2.5973024
1238.8,6:18:27.66 PM,2.5973024
1238.9,6:18:27.76 PM,2.5973024
1239.0,6:18:27.87 PM,2.5973024
1239.1,6:18:27.97 PM,2.5973024
1239.2,6:18:28.08 PM,2.5973024
1239.3,6:18:28.18 PM,2.5973024
1239.4,6:18:28.29 PM,2.5973024
1239.5,6:18:28.39 PM,2.5973024
1239.6,6:18:28.49 PM,2.5973024
1239.7,6:18:28.59 PM,2.5973024
1239.8,6:18:28.70 PM,2.5973024
1239.9,6:18:28.80 PM,2.5973024
1240.0,6:18:28.90 PM,2.5973024
1240.1,6:18:29.00 PM,2.5973024
1240.2,6:18:29.11 PM,2.5973024
1240.3,6:18:29.21 PM,2.5973024
1240.4,6:18:29.31 PM,2.5973024
1240.5,6:18:29.41 PM,2.5973024
1240.6,6:18:29.51 PM,2.5973024
1240.7,6:18:29.62 PM,2.5973024
1240.8,6:18:29.70 PM,2.5973024
1240.9,6:18:29.80 PM,2.5973024
1241.0,6:18:29.93 PM,2.5973024
1241.1,6:18:30.00 PM,2.5973024
1241.2,6:18:30.10 PM,2.5973024
1241.3,6:18:30.20 PM,2.5973024
1241.4,6:18:30.30 PM,2.5973024
1241.5,6:18:30.40 PM,2.5973024
1241.6,6:18:30.50 PM,2.5973024
1241.7,6:18:30.60 PM,2.6956512
1241.8,6:18:30.70 PM,2.6956512
1241.9,6:18:30.80 PM,2.6956512
1242.0,6:18:30.90 PM,2.6956512
1242.1,6:18:30.96 PM,2.6956512
1242.2,6:18:31.06 PM,2.6956512
1242.3,6:18:31.17 PM,2.6956512
1242.4,6:18:31.27 PM,2.6956512
1242.5,6:18:31.37 PM,2.6956512
1242.6,6:18:31.47 PM,2.6956512
1242.7,6:18:31.60 PM,2.6956512
1242.8,6:18:31.68 PM,2.6956512
1242.9,6:18:31.78 PM,2.6956512
1243.0,6:18:31.89 PM,2.6956512
1243.1,6:18:31.99 PM,2.6956512
1243.2,6:18:32.10 PM,2.6956512
1243.3,6:18:32.20 PM,2.6956512
1243.4,6:18:32.31 PM,2.6956512
1243.5,6:18:32.41 PM,2.6956512
1243.6,6:18:32.51 PM,2.6956512
1243.7,6:18:32.62 PM,2.6956512
1243.8,6:18:32.72 PM,2.6956512
1243.9,6:18:32.82 PM,2.6956512
1244.0,6:18:32.90 PM,2.6956512
1244.1,6:18:33.03 PM,2.6956512
1244.2,6:18:33.10 PM,2.6956512
1244.3,6:18:33.20 PM,2.6956512
1244.4,6:18:33.30 PM,2.6956512
1244.5,6:18:33.40 PM,2.6956512
1244.6,6:18:33.50 PM,2.6956512
1244.7,6:18:33.60 PM,2.6956512
1244.8,6:18:33.70 PM,2.6956512
1244.9,6:18:33.80 PM,2.6956512
1245.0,6:18:33.90 PM,2.6956512
1245.1,6:18:34.00 PM,2.6956512
1245.2,6:18:34.06 PM,2.6956512
1245.3,6:18:34.16 PM,2.6956512
1245.4,6:18:34.27 PM,2.6956512
1245.5,6:18:34.37 PM,2.6956512
1245.6,6:18:34.48 PM,2.7984704
1245.7,6:18:34.58 PM,2.7984704
1245.8,6:18:34.68 PM,2.7984704
1245.9,6:18:34.79 PM,2.7984704
1246.0,6:18:34.89 PM,2.7984704
1246.1,6:18:34.99 PM,2.7984704
1246.2,6:18:35.10 PM,2.7984704
1246.3,6:18:35.20 PM,2.7984704
1246.4,6:18:35.31 PM,2.7984704
1246.5,6:18:35.41 PM,2.7984704
1246.6,6:18:35.51 PM,2.7984704
1246.7,6:18:35.62 PM,2.7984704
1246.8,6:18:35.72 PM,2.7984704
1246.9,6:18:35.80 PM,2.7984704
1247.0,6:18:35.90 PM,2.7984704
1247.1,6:18:36.03 PM,2.7984704
1247.2,6:18:36.10 PM,2.7984704
1247.3,6:18:36.20 PM,2.7984704
1247.4,6:18:36.30 PM,2.7984704
1247.5,6:18:36.40 PM,2.7984704
1247.6,6:18:36.50 PM,2.7984704
1247.7,6:18:36.60 PM,2.7984704
1247.8,6:18:36.70 PM,2.7984704
1247.9,6:18:36.76 PM,2.7984704
1248.0,6:18:36.86 PM,2.7984704
1248.1,6:18:36.96 PM,2.7984704
1248.2,6:18:37.07 PM,2.6956512
1248.3,6:18:37.17 PM,2.6956512
1248.4,6:18:37.28 PM,2.6956512
1248.5,6:18:37.38 PM,2.6956512
1248.6,6:18:37.48 PM,2.6956512
1248.7,6:18:37.58 PM,2.6956512
1248.8,6:18:37.69 PM,2.6956512
1248.9,6:18:37.79 PM,2.6956512
1249.0,6:18:37.89 PM,2.6956512
1249.1,6:18:38.00 PM,2.6956512
1249.2,6:18:38.10 PM,2.7984704
1249.3,6:18:38.20 PM,2.7984704
1249.4,6:18:38.31 PM,2.7984704
1249.5,6:18:38.41 PM,2.7984704
1249.6,6:18:38.51 PM,2.7984704
1249.7,6:18:38.60 PM,2.7984704
1249.8,6:18:38.72 PM,2.7984704
1249.9,6:18:38.80 PM,2.7984704
1250.0,6:18:38.90 PM,2.7984704
1250.1,6:18:39.02 PM,2.7984704
1250.2,6:18:39.10 PM,2.7984704
1250.3,6:18:39.20 PM,2.7984704
1250.4,6:18:39.30 PM,2.7984704
1250.5,6:18:39.40 PM,2.8968192
1250.6,6:18:39.50 PM,2.8968192
1250.7,6:18:39.60 PM,2.8968192
1250.8,6:18:39.70 PM,2.8968192
1250.9,6:18:39.80 PM,2.8968192
1251.0,6:18:39.90 PM,2.8968192
1251.1,6:18:39.96 PM,2.8968192
1251.2,6:18:40.06 PM,2.7984704
1251.3,6:18:40.17 PM,2.7984704
1251.4,6:18:40.27 PM,2.7984704
1251.5,6:18:40.38 PM,2.7984704
1251.6,6:18:40.48 PM,2.7984704
1251.7,6:18:40.58 PM,2.7984704
1251.8,6:18:40.69 PM,2.7984704
1251.9,6:18:40.79 PM,2.7984704
1252.0,6:18:40.90 PM,2.7984704
1252.1,6:18:41.00 PM,2.7984704
1252.2,6:18:41.10 PM,2.7984704
1252.3,6:18:41.21 PM,2.7984704
1252.4,6:18:41.32 PM,2.7984704
1252.5,6:18:41.40 PM,2.7984704
1252.6,6:18:41.52 PM,2.7984704
1252.7,6:18:41.62 PM,2.7984704
1252.8,6:18:41.70 PM,2.7984704
1252.9,6:18:41.80 PM,2.7984704
1253.0,6:18:41.90 PM,2.7984704
1253.1,6:18:42.00 PM,2.7984704
1253.2,6:18:42.10 PM,2.7984704
1253.3,6:18:42.20 PM,2.7984704
1253.4,6:18:42.30 PM,2.7984704
1253.5,6:18:42.40 PM,2.7984704
1253.6,6:18:42.50 PM,2.7984704
1253.7,6:18:42.60 PM,2.7984704
1253.8,6:18:42.70 PM,2.7984704
1253.9,6:18:42.80 PM,2.7984704
1254.0,6:18:42.86 PM,2.7984704
1254.1,6:18:42.97 PM,2.7984704
1254.2,6:18:43.07 PM,2.7984704
1254.3,6:18:43.17 PM,2.7984704
1254.4,6:18:43.27 PM,2.7984704
1254.5,6:18:43.38 PM,2.7984704
1254.6,6:18:43.48 PM,2.7984704
1254.7,6:18:43.58 PM,2.7984704
1254.8,6:18:43.68 PM,2.7984704
1254.9,6:18:43.79 PM,2.7984704
1255.0,6:18:43.89 PM,2.7984704
1255.1,6:18:43.99 PM,2.7984704
1255.2,6:18:44.10 PM,2.7984704
1255.3,6:18:44.20 PM,2.7984704
1255.4,6:18:44.31 PM,2.7984704
1255.5,6:18:44.41 PM,2.7984704
1255.6,6:18:44.51 PM,2.8968192
1255.7,6:18:44.60 PM,2.8968192
1255.8,6:18:44.72 PM,2.8968192
1255.9,6:18:44.82 PM,2.8968192
1256.0,6:18:44.90 PM,2.8968192
1256.1,6:18:45.03 PM,2.8968192
1256.2,6:18:45.10 PM,2.8968192
1256.3,6:18:45.20 PM,2.8968192
1256.4,6:18:45.30 PM,2.8968192
1256.5,6:18:45.40 PM,2.8968192
1256.6,6:18:45.50 PM,2.8968192
1256.7,6:18:45.60 PM,2.8968192
1256.8,6:18:45.70 PM,2.8968192
1256.9,6:18:45.76 PM,2.8968192
1257.0,6:18:45.86 PM,2.8968192
1257.1,6:18:45.97 PM,2.7984704
1257.2,6:18:46.07 PM,2.7984704
1257.3,6:18:46.18 PM,2.7984704
1257.4,6:18:46.28 PM,2.7984704
1257.5,6:18:46.39 PM,2.7984704
1257.6,6:18:46.49 PM,2.7984704
1257.7,6:18:46.59 PM,2.7984704
1257.8,6:18:46.70 PM,2.7984704
1257.9,6:18:46.80 PM,2.7984704
1258.0,6:18:46.91 PM,2.7984704
1258.1,6:18:47.01 PM,2.7984704
1258.2,6:18:47.11 PM,2.7984704
1258.3,6:18:47.22 PM,2.7984704
1258.4,6:18:47.30 PM,2.7984704
1258.5,6:18:47.42 PM,2.7984704
1258.6,6:18:47.52 PM,2.7984704
1258.7,6:18:47.60 PM,2.7984704
1258.8,6:18:47.73 PM,2.7984704
1258.9,6:18:47.80 PM,2.7984704
1259.0,6:18:47.90 PM,2.8968192
1259.1,6:18:48.00 PM,2.8968192
1259.2,6:18:48.10 PM,2.8968192
1259.3,6:18:48.20 PM,2.8968192
1259.4,6:18:48.30 PM,2.8968192
1259.5,6:18:48.40 PM,2.8968192
1259.6,6:18:48.46 PM,2.8968192
1259.7,6:18:48.56 PM,2.8968192
1259.8,6:18:48.67 PM,2.8968192
1259.9,6:18:48.77 PM,2.8968192
1260.0,6:18:48.87 PM,2.8968192
1260.1,6:18:48.98 PM,2.8968192
1260.2,6:18:49.09 PM,2.8968192
1260.3,6:18:49.19 PM,2.8968192
1260.4,6:18:49.29 PM,2.8968192
1260.5,6:18:49.39 PM,2.8968192
1260.6,6:18:49.49 PM,2.8968192
1260.7,6:18:49.60 PM,2.8968192
1260.8,6:18:49.70 PM,2.8968192
1260.9,6:18:49.81 PM,2.8968192
1261.0,6:18:49.90 PM,2.8968192
1261.1,6:18:50.01 PM,2.8968192
1261.2,6:18:50.10 PM,2.8968192
1261.3,6:18:50.20 PM,2.8968192
1261.4,6:18:50.33 PM,2.8968192
1261.5,6:18:50.40 PM,2.8968192
1261.6,6:18:50.50 PM,2.8968192
1261.7,6:18:50.60 PM,2.8968192
1261.8,6:18:50.70 PM,2.8968192
1261.9,6:18:50.80 PM,2.8968192
1262.0,6:18:50.90 PM,2.8968192
1262.1,6:18:51.00 PM,2.8968192
1262.2,6:18:51.10 PM,2.8968192
1262.3,6:18:51.20 PM,2.8968192
1262.4,6:18:51.26 PM,2.8968192
1262.5,6:18:51.36 PM,2.8968192
1262.6,6:18:51.47 PM,2.8968192
1262.7,6:18:51.57 PM,2.8968192
1262.8,6:18:51.68 PM,2.8968192
1262.9,6:18:51.78 PM,2.8968192
1263.0,6:18:51.88 PM,2.8968192
1263.1,6:18:51.99 PM,2.8968192
1263.2,6:18:52.09 PM,2.8968192
1263.3,6:18:52.19 PM,2.8968192
1263.4,6:18:52.30 PM,2.8968192
1263.5,6:18:52.40 PM,2.8968192
1263.6,6:18:52.50 PM,2.8968192
1263.7,6:18:52.61 PM,2.8968192
1263.8,6:18:52.71 PM,2.8968192
1263.9,6:18:52.80 PM,2.8968192
1264.0,6:18:52.90 PM,2.8968192
1264.1,6:18:53.02 PM,2.8968192
1264.2,6:18:53.12 PM,2.8968192
1264.3,6:18:53.20 PM,2.8968192
1264.4,6:18:53.30 PM,2.8968192
1264.5,6:18:53.40 PM,2.8968192
1264.6,6:18:53.50 PM,2.8968192
1264.7,6:18:53.60 PM,2.8968192
1264.8,6:18:53.70 PM,2.8968192
1264.9,6:18:53.80 PM,2.8968192
1265.0,6:18:53.90 PM,2.8968192
1265.1,6:18:54.00 PM,2.8968192
1265.2,6:18:54.10 PM,2.8968192
1265.3,6:18:54.17 PM,2.8968192
1265.4,6:18:54.28 PM,2.8968192
1265.5,6:18:54.38 PM,2.8968192
1265.6,6:18:54.48 PM,2.8968192
1265.7,6:18:54.58 PM,2.8968192
1265.8,6:18:54.68 PM,2.8968192
1265.9,6:18:54.79 PM,2.8968192
1266.0,6:18:54.89 PM,2.8968192
1266.1,6:18:54.99 PM,2.8968192
1266.2,6:18:55.10 PM,2.8968192
1266.3,6:18:55.20 PM,2.8968192
1266.4,6:18:55.31 PM,2.8968192
1266.5,6:18:55.41 PM,2.8968192
1266.6,6:18:55.51 PM,2.8968192
1266.7,6:18:55.61 PM,2.8968192
1266.8,6:18:55.72 PM,2.8968192
1266.9,6:18:55.82 PM,2.8968192
1267.0,6:18:55.90 PM,2.8968192
1267.1,6:18:56.00 PM,2.8968192
1267.2,6:18:56.10 PM,2.8968192
1267.3,6:18:56.23 PM,2.8968192
1267.4,6:18:56.30 PM,2.8968192
1267.5,6:18:56.40 PM,2.8968192
1267.6,6:18:56.50 PM,2.8968192
1267.7,6:18:56.60 PM,2.8968192
1267.8,6:18:56.70 PM,2.8968192
1267.9,6:18:56.80 PM,2.8968192
1268.0,6:18:56.90 PM,2.8968192
1268.1,6:18:57.00 PM,2.8968192
1268.2,6:18:57.06 PM,2.8968192
1268.3,6:18:57.17 PM,2.8968192
1268.4,6:18:57.27 PM,2.8968192
1268.5,6:18:57.38 PM,2.8968192
1268.6,6:18:57.48 PM,2.8968192
1268.7,6:18:57.58 PM,2.8968192
1268.8,6:18:57.68 PM,2.8968192
1268.9,6:18:57.78 PM,2.8968192
1269.0,6:18:57.89 PM,2.8968192
1269.1,6:18:57.99 PM,2.8968192
1269.2,6:18:58.09 PM,2.8968192
1269.3,6:18:58.20 PM,2.8968192
1269.4,6:18:58.30 PM,2.8968192
1269.5,6:18:58.41 PM,2.8968192
1269.6,6:18:58.51 PM,2.8968192
1269.7,6:18:58.60 PM,2.8968192
1269.8,6:18:58.70 PM,2.8968192
1269.9,6:18:58.80 PM,2.8968192
1270.0,6:18:58.92 PM,2.8968192
1270.1,6:18:59.02 PM,2.8968192
1270.2,6:18:59.12 PM,2.8968192
1270.3,6:18:59.20 PM,2.8968192
1270.4,6:18:59.32 PM,2.8968192
1270.5,6:18:59.40 PM,2.8968192
1270.6,6:18:59.50 PM,2.8968192
1270.7,6:18:59.60 PM,2.8968192
1270.8,6:18:59.70 PM,2.8968192
1270.9,6:18:59.80 PM,2.8968192
1271.0,6:18:59.90 PM,2.8968192
1271.1,6:19:00.00 PM,2.8968192
1271.2,6:19:00.10 PM,2.8968192
1271.3,6:19:00.20 PM,2.8968192
1271.4,6:19:00.30 PM,2.8968192
1271.5,6:19:00.40 PM,2.8968192
1271.6,6:19:00.50 PM,2.8968192
1271.7,6:19:00.56 PM,2.8968192
1271.8,6:19:00.66 PM,2.8968192
1271.9,6:19:00.77 PM,2.8968192
1272.0,6:19:00.87 PM,2.8968192
1272.1,6:19:00.97 PM,2.8968192
1272.2,6:19:01.08 PM,2.8968192
1272.3,6:19:01.18 PM,2.8968192
1272.4,6:19:01.29 PM,2.8968192
1272.5,6:19:01.39 PM,2.8968192
1272.6,6:19:01.49 PM,2.8968192
1272.7,6:19:01.59 PM,2.8968192
1272.8,6:19:01.70 PM,2.8968192
1272.9,6:19:01.80 PM,2.8968192
1273.0,6:19:01.90 PM,2.8968192
1273.1,6:19:02.00 PM,2.8968192
1273.2,6:19:02.10 PM,2.8968192
1273.3,6:19:02.21 PM,2.8968192
1273.4,6:19:02.31 PM,2.8968192
1273.5,6:19:02.42 PM,2.8968192
1273.6,6:19:02.50 PM,2.8968192
1273.7,6:19:02.63 PM,2.8968192
1273.8,6:19:02.73 PM,2.8968192
1273.9,6:19:02.80 PM,2.8968192
1274.0,6:19:02.90 PM,2.8968192
1274.1,6:19:03.04 PM,2.8968192
1274.2,6:19:03.10 PM,2.8968192
1274.3,6:19:03.20 PM,2.8968192
1274.4,6:19:03.30 PM,2.8968192
1274.5,6:19:03.40 PM,2.8968192
1274.6,6:19:03.50 PM,2.8968192
1274.7,6:19:03.60 PM,2.8968192
1274.8,6:19:03.66 PM,2.8968192
1274.9,6:19:03.77 PM,2.8968192
1275.0,6:19:03.87 PM,2.8968192
1275.1,6:19:03.97 PM,2.8968192
1275.2,6:19:04.08 PM,2.8968192
1275.3,6:19:04.18 PM,2.8968192
1275.4,6:19:04.29 PM,2.8968192
1275.5,6:19:04.39 PM,2.8968192
1275.6,6:19:04.49 PM,2.8968192
1275.7,6:19:04.60 PM,2.8968192
1275.8,6:19:04.70 PM,2.8968192
1275.9,6:19:04.80 PM,2.8968192
1276.0,6:19:04.90 PM,2.8968192
1276.1,6:19:05.01 PM,2.8968192
1276.2,6:19:05.11 PM,2.8968192
1276.3,6:19:05.22 PM,2.8968192
1276.4,6:19:05.30 PM,2.8968192
1276.5,6:19:05.40 PM,2.8968192
1276.6,6:19:05.53 PM,2.8968192
1276.7,6:19:05.63 PM,2.8968192
1276.8,6:19:05.73 PM,2.8968192
1276.9,6:19:05.80 PM,2.8968192
1277.0,6:19:05.90 PM,2.8968192
1277.1,6:19:06.00 PM,2.8968192
1277.2,6:19:06.10 PM,2.8968192
1277.3,6:19:06.20 PM,2.8968192
1277.4,6:19:06.30 PM,2.8968192
1277.5,6:19:06.40 PM,2.8968192
1277.6,6:19:06.50 PM,2.8968192
1277.7,6:19:06.57 PM,2.7984704
1277.8,6:19:06.68 PM,2.7984704
1277.9,6:19:06.78 PM,2.7984704
1278.0,6:19:06.89 PM,2.7984704
1278.1,6:19:06.99 PM,2.7984704
1278.2,6:19:07.10 PM,2.7984704
1278.3,6:19:07.20 PM,2.7984704
1278.4,6:19:07.31 PM,2.7984704
1278.5,6:19:07.41 PM,2.7984704
1278.6,6:19:07.50 PM,2.7984704
1278.7,6:19:07.62 PM,2.7984704
1278.8,6:19:07.70 PM,2.7984704
1278.9,6:19:07.80 PM,2.7984704
1279.0,6:19:07.90 PM,2.7984704
1279.1,6:19:08.00 PM,2.7984704
1279.2,6:19:08.10 PM,2.7984704
1279.3,6:19:08.20 PM,2.8968192
1279.4,6:19:08.30 PM,2.8968192
1279.5,6:19:08.40 PM,2.8968192
1279.6,6:19:08.50 PM,2.8968192
1279.7,6:19:08.60 PM,2.8968192
1279.8,6:19:08.70 PM,2.8968192
1279.9,6:19:08.76 PM,2.8968192
1280.0,6:19:08.86 PM,2.8968192
1280.1,6:19:08.97 PM,2.8968192
1280.2,6:19:09.07 PM,2.8968192
1280.3,6:19:09.17 PM,2.8968192
1280.4,6:19:09.28 PM,2.8968192
1280.5,6:19:09.38 PM,2.8968192
1280.6,6:19:09.48 PM,2.8968192
1280.7,6:19:09.58 PM,2.8968192
1280.8,6:19:09.69 PM,2.8968192
1280.9,6:19:09.79 PM,2.8968192
1281.0,6:19:09.89 PM,2.8968192
1281.1,6:19:10.00 PM,2.8968192
1281.2,6:19:10.10 PM,2.8968192
1281.3,6:19:10.21 PM,2.8968192
1281.4,6:19:10.31 PM,2.8968192
1281.5,6:19:10.42 PM,2.8968192
1281.6,6:19:10.52 PM,2.8968192
1281.7,6:19:10.60 PM,2.8968192
1281.8,6:19:10.70 PM,2.7984704
1281.9,6:19:10.80 PM,2.7984704
1282.0,6:19:10.90 PM,2.7984704
1282.1,6:19:11.00 PM,2.7984704
1282.2,6:19:11.10 PM,2.7984704
1282.3,6:19:11.20 PM,2.7984704
1282.4,6:19:11.26 PM,2.7984704
1282.5,6:19:11.36 PM,2.7984704
1282.6,6:19:11.46 PM,2.7984704
1282.7,6:19:11.57 PM,2.7984704
1282.8,6:19:11.67 PM,2.7984704
1282.9,6:19:11.78 PM,2.7984704
1283.0,6:19:11.88 PM,2.7984704
1283.1,6:19:11.98 PM,2.7984704
1283.2,6:19:12.08 PM,2.7984704
1283.3,6:19:12.19 PM,2.7984704
1283.4,6:19:12.29 PM,2.7984704
1283.5,6:19:12.40 PM,2.7984704
1283.6,6:19:12.50 PM,2.7984704
1283.7,6:19:12.61 PM,2.7984704
1283.8,6:19:12.71 PM,2.7984704
1283.9,6:19:12.80 PM,2.7984704
1284.0,6:19:12.92 PM,2.7984704
1284.1,6:19:13.00 PM,2.7984704
1284.2,6:19:13.13 PM,2.7984704
1284.3,6:19:13.20 PM,2.7984704
1284.4,6:19:13.30 PM,2.7984704
1284.5,6:19:13.40 PM,2.7984704
1284.6,6:19:13.50 PM,2.7984704
1284.7,6:19:13.60 PM,2.7984704
1284.8,6:19:13.70 PM,2.7984704
1284.9,6:19:13.80 PM,2.7984704
1285.0,6:19:13.90 PM,2.7984704
1285.1,6:19:14.00 PM,2.7984704
1285.2,6:19:14.10 PM,2.7984704
1285.3,6:19:14.16 PM,2.7984704
1285.4,6:19:14.27 PM,2.7984704
1285.5,6:19:14.37 PM,2.7984704
1285.6,6:19:14.47 PM,2.7984704
1285.7,6:19:14.57 PM,2.7984704
1285.8,6:19:14.68 PM,2.7984704
1285.9,6:19:14.78 PM,2.7984704
1286.0,6:19:14.88 PM,2.7984704
1286.1,6:19:14.99 PM,2.7984704
1286.2,6:19:15.09 PM,2.7984704
1286.3,6:19:15.20 PM,2.7984704
1286.4,6:19:15.30 PM,2.7984704
1286.5,6:19:15.40 PM,2.7984704
1286.6,6:19:15.51 PM,2.7984704
1286.7,6:19:15.61 PM,2.7984704
1286.8,6:19:15.71 PM,2.7984704
1286.9,6:19:15.80 PM,2.7984704
1287.0,6:19:15.92 PM,2.7984704
1287.1,6:19:16.02 PM,2.7984704
1287.2,6:19:16.10 PM,2.6956512
1287.3,6:19:16.23 PM,2.6956512
1287.4,6:19:16.33 PM,2.6956512
1287.5,6:19:16.43 PM,2.6956512
1287.6,6:19:16.50 PM,2.6956512
1287.7,6:19:16.60 PM,2.6956512
1287.8,6:19:16.70 PM,2.6956512
1287.9,6:19:16.80 PM,2.6956512
1288.0,6:19:16.90 PM,2.6956512
1288.1,6:19:17.00 PM,2.6956512
1288.2,6:19:17.06 PM,2.6956512
1288.3,6:19:17.16 PM,2.6956512
1288.4,6:19:17.27 PM,2.6956512
1288.5,6:19:17.37 PM,2.6956512
1288.6,6:19:17.48 PM,2.6956512
1288.7,6:19:17.58 PM,2.6956512
1288.8,6:19:17.68 PM,2.6956512
1288.9,6:19:17.79 PM,2.6956512
1289.0,6:19:17.89 PM,2.6956512
1289.1,6:19:18.00 PM,2.6956512
1289.2,6:19:18.10 PM,2.6956512
1289.3,6:19:18.21 PM,2.6956512
1289.4,6:19:18.31 PM,2.6956512
1289.5,6:19:18.42 PM,2.6956512
1289.6,6:19:18.52 PM,2.6956512
1289.7,6:19:18.63 PM,2.6956512
1289.8,6:19:18.73 PM,2.6956512
1289.9,6:19:18.83 PM,2.6956512
1290.0,6:19:18.90 PM,2.6956512
1290.1,6:19:19.00 PM,2.6956512
1290.2,6:19:19.10 PM,2.6956512
1290.3,6:19:19.20 PM,2.6956512
1290.4,6:19:19.30 PM,2.6956512
1290.5,6:19:19.40 PM,2.5973024
1290.6,6:19:19.50 PM,2.5973024
1290.7,6:19:19.60 PM,2.5973024
1290.8,6:19:19.67 PM,2.5973024
1290.9,6:19:19.77 PM,2.5973024
1291.0,6:19:19.87 PM,2.5973024
1291.1,6:19:19.97 PM,2.5973024
1291.2,6:19:20.08 PM,2.5973024
1291.3,6:19:20.18 PM,2.5973024
1291.4,6:19:20.28 PM,2.5973024
1291.5,6:19:20.39 PM,2.5973024
1291.6,6:19:20.49 PM,2.5973024
1291.7,6:19:20.59 PM,2.5973024
1291.8,6:19:20.69 PM,2.5973024
1291.9,6:19:20.80 PM,2.5973024
1292.0,6:19:20.90 PM,2.5973024
1292.1,6:19:21.00 PM,2.5973024
1292.2,6:19:21.10 PM,2.5973024
1292.3,6:19:21.21 PM,2.5973024
1292.4,6:19:21.31 PM,2.5973024
1292.5,6:19:21.41 PM,2.5973024
1292.6,6:19:21.52 PM,2.5973024
1292.7,6:19:21.62 PM,2.5973024
1292.8,6:19:21.72 PM,2.5973024
1292.9,6:19:21.82 PM,2.5973024
1293.0,6:19:21.92 PM,2.5973024
1293.1,6:19:22.03 PM,2.5973024
1293.2,6:19:22.13 PM,2.5973024
1293.3,6:19:22.20 PM,2.5973024
1293.4,6:19:22.30 PM,2.5973024
1293.5,6:19:22.40 PM,2.5973024
1293.6,6:19:22.50 PM,2.5973024
1293.7,6:19:22.60 PM,2.5973024
1293.8,6:19:22.70 PM,2.5973024
1293.9,6:19:22.80 PM,2.5973024
1294.0,6:19:22.86 PM,2.5973024
1294.1,6:19:22.96 PM,2.4989536
1294.2,6:19:23.06 PM,2.4989536
1294.3,6:19:23.17 PM,2.4989536
1294.4,6:19:23.27 PM,2.4989536
1294.5,6:19:23.37 PM,2.4989536
1294.6,6:19:23.48 PM,2.4989536
1294.7,6:19:23.58 PM,2.4989536
1294.8,6:19:23.68 PM,2.4989536
1294.9,6:19:23.79 PM,2.4989536
1295.0,6:19:23.89 PM,2.4989536
1295.1,6:19:23.99 PM,2.4989536
1295.2,6:19:24.10 PM,2.4989536
1295.3,6:19:24.21 PM,2.4989536
1295.4,6:19:24.31 PM,2.4989536
1295.5,6:19:24.41 PM,2.4989536
1295.6,6:19:24.51 PM,2.4989536
1295.7,6:19:24.62 PM,2.4989536
1295.8,6:19:24.72 PM,2.4989536
1295.9,6:19:24.82 PM,2.4989536
1296.0,6:19:24.93 PM,2.4989536
1296.1,6:19:25.03 PM,2.4989536
1296.2,6:19:25.10 PM,2.4989536
1296.3,6:19:25.20 PM,2.4989536
1296.4,6:19:25.30 PM,2.4989536
1296.5,6:19:25.40 PM,2.4989536
1296.6,6:19:25.50 PM,2.4989536
1296.7,6:19:25.60 PM,2.4989536
1296.8,6:19:25.70 PM,2.4989536
1296.9,6:19:25.76 PM,2.4989536
1297.0,6:19:25.86 PM,2.4989536
1297.1,6:19:25.96 PM,2.4989536
1297.2,6:19:26.07 PM,2.4989536
1297.3,6:19:26.17 PM,2.4989536
1297.4,6:19:26.30 PM,2.4989536
1297.5,6:19:26.38 PM,2.4989536
1297.6,6:19:26.48 PM,2.4989536
1297.7,6:19:26.59 PM,2.4989536
1297.8,6:19:26.69 PM,2.4989536
1297.9,6:19:26.80 PM,2.4989536
1298.0,6:19:26.90 PM,2.4989536
1298.1,6:19:27.00 PM,2.4989536
1298.2,6:19:27.10 PM,2.4989536
1298.3,6:19:27.21 PM,2.4989536
1298.4,6:19:27.31 PM,2.4989536
1298.5,6:19:27.41 PM,2.4989536
1298.6,6:19:27.51 PM,2.4989536
1298.7,6:19:27.62 PM,2.4989536
1298.8,6:19:27.72 PM,2.4989536
1298.9,6:19:27.80 PM,2.4989536
1299.0,6:19:27.90 PM,2.4989536
1299.1,6:19:28.03 PM,2.4989536
1299.2,6:19:28.13 PM,2.4989536
1299.3,6:19:28.23 PM,2.4989536
1299.4,6:19:28.34 PM,2.4989536
1299.5,6:19:28.40 PM,2.4989536
1299.6,6:19:28.50 PM,2.4989536
1299.7,6:19:28.60 PM,2.4989536
1299.8,6:19:28.70 PM,2.4989536
1299.9,6:19:28.80 PM,2.4989536
1300.0,6:19:28.90 PM,2.3961344
1300.1,6:19:29.00 PM,2.3961344
1300.2,6:19:29.06 PM,2.3961344
1300.3,6:19:29.16 PM,2.3961344
1300.4,6:19:29.27 PM,2.3961344
1300.5,6:19:29.37 PM,2.3961344
1300.6,6:19:29.47 PM,2.3961344
1300.7,6:19:29.57 PM,2.3961344
1300.8,6:19:29.68 PM,2.3961344
1300.9,6:19:29.78 PM,2.3961344
1301.0,6:19:29.88 PM,2.3961344
1301.1,6:19:29.99 PM,2.3961344
1301.2,6:19:30.09 PM,2.3961344
1301.3,6:19:30.19 PM,2.3961344
1301.4,6:19:30.30 PM,2.3961344
1301.5,6:19:30.40 PM,2.3961344
1301.6,6:19:30.50 PM,2.3961344
1301.7,6:19:30.61 PM,2.3961344
1301.8,6:19:30.71 PM,2.2977855999999997
1301.9,6:19:30.81 PM,2.2977855999999997
1302.0,6:19:30.90 PM,2.2977855999999997
1302.1,6:19:31.02 PM,2.2977855999999997
1302.2,6:19:31.12 PM,2.2977855999999997
1302.3,6:19:31.23 PM,2.2977855999999997
1302.4,6:19:31.30 PM,2.2977855999999997
1302.5,6:19:31.40 PM,2.2977855999999997
1302.6,6:19:31.50 PM,2.2977855999999997
1302.7,6:19:31.60 PM,2.2977855999999997
1302.8,6:19:31.70 PM,2.2977855999999997
1302.9,6:19:31.80 PM,2.2977855999999997
1303.0,6:19:31.90 PM,2.2977855999999997
1303.1,6:19:32.00 PM,2.2977855999999997
1303.2,6:19:32.10 PM,2.2977855999999997
1303.3,6:19:32.20 PM,2.2977855999999997
1303.4,6:19:32.26 PM,2.2977855999999997
1303.5,6:19:32.37 PM,2.2977855999999997
1303.6,6:19:32.47 PM,2.2977855999999997
1303.7,6:19:32.58 PM,2.2977855999999997
1303.8,6:19:32.68 PM,2.2977855999999997
1303.9,6:19:32.79 PM,2.1994368
1304.0,6:19:32.89 PM,2.1994368
1304.1,6:19:32.99 PM,2.1994368
1304.2,6:19:33.10 PM,2.1994368
1304.3,6:19:33.20 PM,2.1994368
1304.4,6:19:33.30 PM,2.1994368
1304.5,6:19:33.41 PM,2.1994368
1304.6,6:19:33.51 PM,2.1994368
1304.7,6:19:33.61 PM,2.1994368
1304.8,6:19:33.72 PM,2.1994368
1304.9,6:19:33.80 PM,2.1994368
1305.0,6:19:33.92 PM,2.1994368
1305.1,6:19:34.02 PM,2.1994368
1305.2,6:19:34.12 PM,2.1994368
1305.3,6:19:34.23 PM,2.1994368
1305.4,6:19:34.30 PM,2.1994368
1305.5,6:19:34.40 PM,2.1994368
1305.6,6:19:34.50 PM,2.1994368
1305.7,6:19:34.60 PM,2.1994368
1305.8,6:19:34.70 PM,2.1994368
1305.9,6:19:34.80 PM,2.0966176
1306.0,6:19:34.90 PM,2.0966176
1306.1,6:19:35.00 PM,2.0966176
1306.2,6:19:35.10 PM,2.0966176
1306.3,6:19:35.16 PM,2.0966176
1306.4,6:19:35.26 PM,2.0966176
1306.5,6:19:35.36 PM,2.0966176
1306.6,6:19:35.46 PM,2.0966176
1306.7,6:19:35.57 PM,2.0966176
1306.8,6:19:35.67 PM,2.0966176
1306.9,6:19:35.77 PM,2.0966176
1307.0,6:19:35.88 PM,2.0966176
1307.1,6:19:35.99 PM,2.0966176
1307.2,6:19:36.09 PM,2.0966176
1307.3,6:19:36.19 PM,2.0966176
1307.4,6:19:36.29 PM,2.0966176
1307.5,6:19:36.40 PM,2.0966176
1307.6,6:19:36.50 PM,2.0966176
1307.7,6:19:36.60 PM,2.0966176
1307.8,6:19:36.71 PM,2.0966176
1307.9,6:19:36.81 PM,2.0966176
1308.0,6:19:36.91 PM,2.0966176
1308.1,6:19:37.02 PM,1.9982688
1308.2,6:19:37.12 PM,1.9982688
1308.3,6:19:37.22 PM,1.9982688
1308.4,6:19:37.33 PM,1.9982688
1308.5,6:19:37.40 PM,1.9982688
1308.6,6:19:37.53 PM,1.9982688
1308.7,6:19:37.64 PM,1.9982688
1308.8,6:19:37.70 PM,1.9982688
1308.9,6:19:37.80 PM,1.9982688
1309.0,6:19:37.90 PM,1.9982688
1309.1,6:19:38.00 PM,1.9982688
1309.2,6:19:38.10 PM,1.9982688
1309.3,6:19:38.20 PM,1.9982688
1309.4,6:19:38.30 PM,1.9982688
1309.5,6:19:38.36 PM,1.9982688
1309.6,6:19:38.46 PM,1.9982688
1309.7,6:19:38.57 PM,1.9982688
1309.8,6:19:38.67 PM,1.9982688
1309.9,6:19:38.77 PM,1.89992
1310.0,6:19:38.88 PM,1.89992
1310.1,6:19:38.98 PM,1.89992
1310.2,6:19:39.09 PM,1.89992
1310.3,6:19:39.19 PM,1.89992
1310.4,6:19:39.29 PM,1.89992
1310.5,6:19:39.40 PM,1.89992
1310.6,6:19:39.50 PM,1.89992
1310.7,6:19:39.60 PM,1.89992
1310.8,6:19:39.71 PM,1.89992
1310.9,6:19:39.81 PM,1.89992
1311.0,6:19:39.91 PM,1.89992
1311.1,6:19:40.01 PM,1.89992
1311.2,6:19:40.12 PM,1.89992
1311.3,6:19:40.22 PM,1.89992
1311.4,6:19:40.33 PM,1.89992
1311.5,6:19:40.43 PM,1.89992
1311.6,6:19:40.50 PM,1.89992
1311.7,6:19:40.60 PM,1.89992
1311.8,6:19:40.74 PM,1.89992
1311.9,6:19:40.80 PM,1.7971007999999997
1312.0,6:19:40.90 PM,1.7971007999999997
1312.1,6:19:41.00 PM,1.7971007999999997
1312.2,6:19:41.10 PM,1.7971007999999997
1312.3,6:19:41.20 PM,1.7971007999999997
1312.4,6:19:41.30 PM,1.7971007999999997
1312.5,6:19:41.40 PM,1.7971007999999997
1312.6,6:19:41.50 PM,1.7971007999999997
1312.7,6:19:41.60 PM,1.7971007999999997
1312.8,6:19:41.66 PM,1.7971007999999997
1312.9,6:19:41.76 PM,1.7971007999999997
1313.0,6:19:41.86 PM,1.7971007999999997
1313.1,6:19:41.97 PM,1.7971007999999997
1313.2,6:19:42.07 PM,1.7971007999999997
1313.3,6:19:42.17 PM,1.7971007999999997
1313.4,6:19:42.28 PM,1.7971007999999997
1313.5,6:19:42.38 PM,1.7971007999999997
1313.6,6:19:42.48 PM,1.7971007999999997
1313.7,6:19:42.59 PM,1.7971007999999997
1313.8,6:19:42.69 PM,1.7971007999999997
1313.9,6:19:42.79 PM,1.7971007999999997
1314.0,6:19:42.89 PM,1.6987519999999998
1314.1,6:19:43.00 PM,1.6987519999999998
1314.2,6:19:43.10 PM,1.6987519999999998
1314.3,6:19:43.20 PM,1.6987519999999998
1314.4,6:19:43.31 PM,1.6987519999999998
1314.5,6:19:43.41 PM,1.6987519999999998
1314.6,6:19:43.50 PM,1.6987519999999998
1314.7,6:19:43.60 PM,1.6987519999999998
1314.8,6:19:43.70 PM,1.6987519999999998
1314.9,6:19:43.80 PM,1.6987519999999998
1315.0,6:19:43.90 PM,1.6987519999999998
1315.1,6:19:44.03 PM,1.6987519999999998
1315.2,6:19:44.10 PM,1.6987519999999998
1315.3,6:19:44.20 PM,1.6987519999999998
1315.4,6:19:44.30 PM,1.6987519999999998
1315.5,6:19:44.40 PM,1.6987519999999998
1315.6,6:19:44.50 PM,1.6987519999999998
1315.7,6:19:44.60 PM,1.6987519999999998
1315.8,6:19:44.70 PM,1.6987519999999998
1315.9,6:19:44.76 PM,1.6987519999999998
1316.0,6:19:44.86 PM,1.6987519999999998
1316.1,6:19:44.97 PM,1.6987519999999998
1316.2,6:19:45.07 PM,1.6987519999999998
1316.3,6:19:45.18 PM,1.6987519999999998
1316.4,6:19:45.28 PM,1.6987519999999998
1316.5,6:19:45.38 PM,1.6987519999999998
1316.6,6:19:45.49 PM,1.6987519999999998
1316.7,6:19:45.59 PM,1.6987519999999998
1316.8,6:19:45.69 PM,1.6987519999999998
1316.9,6:19:45.79 PM,1.6987519999999998
1317.0,6:19:45.91 PM,1.6987519999999998
1317.1,6:19:46.00 PM,1.6987519999999998
1317.2,6:19:46.11 PM,1.6987519999999998
1317.3,6:19:46.21 PM,1.6987519999999998
1317.4,6:19:46.32 PM,1.6987519999999998
1317.5,6:19:46.42 PM,1.6987519999999998
1317.6,6:19:46.50 PM,1.6987519999999998
1317.7,6:19:46.60 PM,1.6987519999999998
1317.8,6:19:46.70 PM,1.6987519999999998
1317.9,6:19:46.80 PM,1.6987519999999998
1318.0,6:19:46.90 PM,1.6987519999999998
1318.1,6:19:47.00 PM,1.6987519999999998
1318.2,6:19:47.10 PM,1.6987519999999998
1318.3,6:19:47.20 PM,1.5959328
1318.4,6:19:47.30 PM,1.5959328
1318.5,6:19:47.40 PM,1.5959328
1318.6,6:19:47.50 PM,1.5959328
1318.7,6:19:47.60 PM,1.5959328
1318.8,6:19:47.70 PM,1.5959328
1318.9,6:19:47.80 PM,1.5959328
1319.0,6:19:47.86 PM,1.5959328
1319.1,6:19:47.96 PM,1.5959328
1319.2,6:19:48.07 PM,1.5959328
1319.3,6:19:48.17 PM,1.5959328
1319.4,6:19:48.27 PM,1.5959328
1319.5,6:19:48.38 PM,1.5959328
1319.6,6:19:48.48 PM,1.5959328
1319.7,6:19:48.58 PM,1.5959328
1319.8,6:19:48.69 PM,1.5959328
1319.9,6:19:48.79 PM,1.5959328
1320.0,6:19:48.89 PM,1.5959328
1320.1,6:19:49.00 PM,1.5959328
1320.2,6:19:49.10 PM,1.5959328
1320.3,6:19:49.20 PM,1.5959328
1320.4,6:19:49.31 PM,1.5959328
1320.5,6:19:49.41 PM,1.5959328
1320.6,6:19:49.51 PM,1.5959328
1320.7,6:19:49.60 PM,1.5959328
1320.8,6:19:49.71 PM,1.5959328
1320.9,6:19:49.80 PM,1.5959328
1321.0,6:19:49.90 PM,1.5959328
1321.1,6:19:50.02 PM,1.5959328
1321.2,6:19:50.10 PM,1.5959328
1321.3,6:19:50.20 PM,1.5959328
1321.4,6:19:50.30 PM,1.5959328
1321.5,6:19:50.40 PM,1.5959328
1321.6,6:19:50.50 PM,1.5959328
1321.7,6:19:50.60 PM,1.5959328
1321.8,6:19:50.70 PM,1.5959328
1321.9,6:19:50.76 PM,1.5959328
1322.0,6:19:50.87 PM,1.5959328
1322.1,6:19:50.97 PM,1.5959328
1322.2,6:19:51.07 PM,1.5959328
1322.3,6:19:51.18 PM,1.5959328
1322.4,6:19:51.29 PM,1.5959328
1322.5,6:19:51.39 PM,1.5959328
1322.6,6:19:51.49 PM,1.5959328
1322.7,6:19:51.59 PM,1.5959328
1322.8,6:19:51.70 PM,1.5959328
1322.9,6:19:51.80 PM,1.5959328
1323.0,6:19:51.90 PM,1.5959328
1323.1,6:19:52.01 PM,1.5959328
1323.2,6:19:52.11 PM,1.5959328
1323.3,6:19:52.22 PM,1.5959328
1323.4,6:19:52.32 PM,1.5959328
1323.5,6:19:52.42 PM,1.5959328
1323.6,6:19:52.50 PM,1.5959328
1323.7,6:19:52.60 PM,1.5959328
1323.8,6:19:52.74 PM,1.5959328
1323.9,6:19:52.80 PM,1.5959328
1324.0,6:19:52.90 PM,1.5959328
1324.1,6:19:53.00 PM,1.5959328
1324.2,6:19:53.10 PM,1.5959328
1324.3,6:19:53.20 PM,1.5959328
1324.4,6:19:53.30 PM,1.5959328
1324.5,6:19:53.36 PM,1.5959328
1324.6,6:19:53.46 PM,1.5959328
1324.7,6:19:53.56 PM,1.5959328
1324.8,6:19:53.67 PM,1.5959328
1324.9,6:19:53.78 PM,1.5959328
1325.0,6:19:53.88 PM,1.5959328
1325.1,6:19:53.99 PM,1.5959328
1325.2,6:19:54.09 PM,1.5959328
1325.3,6:19:54.20 PM,1.5959328
1325.4,6:19:54.31 PM,1.5959328
1325.5,6:19:54.41 PM,1.5959328
1325.6,6:19:54.51 PM,1.5959328
1325.7,6:19:54.61 PM,1.5959328
1325.8,6:19:54.70 PM,1.5959328
1325.9,6:19:54.80 PM,1.5959328
1326.0,6:19:54.92 PM,1.5959328
1326.1,6:19:55.02 PM,1.5959328
1326.2,6:19:55.13 PM,1.5959328
1326.3,6:19:55.20 PM,1.5959328
1326.4,6:19:55.33 PM,1.5959328
1326.5,6:19:55.44 PM,1.5959328
1326.6,6:19:55.50 PM,1.5959328
1326.7,6:19:55.60 PM,1.5959328
1326.8,6:19:55.70 PM,1.5959328
1326.9,6:19:55.80 PM,1.5959328
1327.0,6:19:55.90 PM,1.5959328
1327.1,6:19:56.00 PM,1.5959328
1327.2,6:19:56.06 PM,1.5959328
1327.3,6:19:56.16 PM,1.5959328
1327.4,6:19:56.26 PM,1.5959328
1327.5,6:19:56.40 PM,1.5959328
1327.6,6:19:56.47 PM,1.5959328
1327.7,6:19:56.57 PM,1.5959328
1327.8,6:19:56.68 PM,1.5959328
1327.9,6:19:56.78 PM,1.5959328
1328.0,6:19:56.88 PM,1.5959328
1328.1,6:19:56.99 PM,1.5959328
1328.2,6:19:57.09 PM,1.5959328
1328.3,6:19:57.20 PM,1.5959328
1328.4,6:19:57.30 PM,1.5959328
1328.5,6:19:57.40 PM,1.5959328
1328.6,6:19:57.51 PM,1.5959328
1328.7,6:19:57.61 PM,1.5959328
1328.8,6:19:57.72 PM,1.5959328
1328.9,6:19:57.82 PM,1.5959328
1329.0,6:19:57.92 PM,1.5959328
1329.1,6:19:58.03 PM,1.5959328
1329.2,6:19:58.10 PM,1.5959328
1329.3,6:19:58.20 PM,1.5959328
1329.4,6:19:58.30 PM,1.5959328
1329.5,6:19:58.40 PM,1.5959328
1329.6,6:19:58.50 PM,1.5959328
1329.7,6:19:58.60 PM,1.5959328
1329.8,6:19:58.66 PM,1.5959328
1329.9,6:19:58.76 PM,1.5959328
1330.0,6:19:58.87 PM,1.5959328
1330.1,6:19:58.97 PM,1.5959328
1330.2,6:19:59.07 PM,1.5959328
1330.3,6:19:59.17 PM,1.5959328
1330.4,6:19:59.28 PM,1.5959328
1330.5,6:19:59.38 PM,1.5959328
1330.6,6:19:59.48 PM,1.5959328
1330.7,6:19:59.58 PM,1.5959328
1330.8,6:19:59.69 PM,1.5959328
1330.9,6:19:59.79 PM,1.5959328
1331.0,6:19:59.90 PM,1.5959328
1331.1,6:20:00.01 PM,1.5959328
1331.2,6:20:00.11 PM,1.5959328
1331.3,6:20:00.22 PM,1.5959328
1331.4,6:20:00.30 PM,1.5959328
1331.5,6:20:00.40 PM,1.5959328
1331.6,6:20:00.53 PM,1.5959328
1331.7,6:20:00.60 PM,1.5959328
1331.8,6:20:00.74 PM,1.5959328
1331.9,6:20:00.80 PM,1.5959328
1332.0,6:20:00.90 PM,1.5959328
1332.1,6:20:01.00 PM,1.5959328
1332.2,6:20:01.10 PM,1.5959328
1332.3,6:20:01.20 PM,1.5959328
1332.4,6:20:01.26 PM,1.5959328
1332.5,6:20:01.40 PM,1.5959328
1332.6,6:20:01.46 PM,1.5959328
1332.7,6:20:01.56 PM,1.5959328
1332.8,6:20:01.67 PM,1.5959328
1332.9,6:20:01.77 PM,1.5959328
1333.0,6:20:01.88 PM,1.5959328
1333.1,6:20:01.98 PM,1.5959328
1333.2,6:20:02.09 PM,1.5959328
1333.3,6:20:02.19 PM,1.5959328
1333.4,6:20:02.29 PM,1.5959328
1333.5,6:20:02.40 PM,1.5959328
1333.6,6:20:02.50 PM,1.5959328
1333.7,6:20:02.60 PM,1.5959328
1333.8,6:20:02.70 PM,1.5959328
1333.9,6:20:02.80 PM,1.5959328
1334.0,6:20:02.90 PM,1.5959328
1334.1,6:20:03.01 PM,1.5959328
1334.2,6:20:03.12 PM,1.5959328
1334.3,6:20:03.20 PM,1.5959328
1334.4,6:20:03.33 PM,1.5959328
1334.5,6:20:03.43 PM,1.5959328
1334.6,6:20:03.50 PM,1.5959328
1334.7,6:20:03.60 PM,1.5959328
1334.8,6:20:03.74 PM,1.5959328
1334.9,6:20:03.80 PM,1.5959328
1335.0,6:20:03.90 PM,1.5959328
1335.1,6:20:04.00 PM,1.5959328
1335.2,6:20:04.10 PM,1.5959328
1335.3,6:20:04.20 PM,1.5959328
1335.4,6:20:04.30 PM,1.5959328
1335.5,6:20:04.40 PM,1.5959328
1335.6,6:20:04.46 PM,1.5959328
1335.7,6:20:04.56 PM,1.5959328
1335.8,6:20:04.67 PM,1.5959328
1335.9,6:20:04.77 PM,1.5959328
1336.0,6:20:04.87 PM,1.5959328
1336.1,6:20:04.98 PM,1.5959328
1336.2,6:20:05.08 PM,1.5959328
1336.3,6:20:05.18 PM,1.5959328
1336.4,6:20:05.28 PM,1.5959328
1336.5,6:20:05.39 PM,1.5959328
1336.6,6:20:05.49 PM,1.5959328
1336.7,6:20:05.59 PM,1.5959328
1336.8,6:20:05.70 PM,1.5959328
1336.9,6:20:05.80 PM,1.5959328
1337.0,6:20:05.90 PM,1.5959328
1337.1,6:20:06.01 PM,1.5959328
1337.2,6:20:06.11 PM,1.5959328
1337.3,6:20:06.21 PM,1.5959328
1337.4,6:20:06.31 PM,1.5959328
1337.5,6:20:06.42 PM,1.5959328
1337.6,6:20:06.52 PM,1.5959328
1337.7,6:20:06.60 PM,1.5959328
1337.8,6:20:06.73 PM,1.5959328
1337.9,6:20:06.80 PM,1.5959328
1338.0,6:20:06.90 PM,1.5959328
1338.1,6:20:07.00 PM,1.5959328
1338.2,6:20:07.10 PM,1.5959328
1338.3,6:20:07.20 PM,1.5959328
1338.4,6:20:07.30 PM,1.5959328
1338.5,6:20:07.40 PM,1.5959328
1338.6,6:20:07.50 PM,1.5959328
1338.7,6:20:07.56 PM,1.5959328
1338.8,6:20:07.66 PM,1.5959328
1338.9,6:20:07.77 PM,1.5959328
1339.0,6:20:07.87 PM,1.5959328
1339.1,6:20:07.97 PM,1.5959328
1339.2,6:20:08.08 PM,1.5959328
1339.3,6:20:08.18 PM,1.5959328
1339.4,6:20:08.28 PM,1.5959328
1339.5,6:20:08.39 PM,1.5959328
1339.6,6:20:08.49 PM,1.5959328
1339.7,6:20:08.60 PM,1.5959328
1339.8,6:20:08.70 PM,1.5959328
1339.9,6:20:08.80 PM,1.5959328
1340.0,6:20:08.91 PM,1.5959328
1340.1,6:20:09.01 PM,1.5959328
1340.2,6:20:09.12 PM,1.5959328
1340.3,6:20:09.20 PM,1.5959328
1340.4,6:20:09.33 PM,1.5959328
1340.5,6:20:09.40 PM,1.5959328
1340.6,6:20:09.50 PM,1.5959328
1340.7,6:20:09.63 PM,1.5959328
1340.8,6:20:09.70 PM,1.5959328
1340.9,6:20:09.80 PM,1.5959328
1341.0,6:20:09.90 PM,1.5959328
1341.1,6:20:10.00 PM,1.5959328
1341.2,6:20:10.10 PM,1.5959328
1341.3,6:20:10.16 PM,1.5959328
1341.4,6:20:10.26 PM,1.5959328
1341.5,6:20:10.37 PM,1.5959328
1341.6,6:20:10.47 PM,1.5959328
1341.7,6:20:10.57 PM,1.5959328
1341.8,6:20:10.68 PM,1.5959328
1341.9,6:20:10.78 PM,1.5959328
1342.0,6:20:10.88 PM,1.5959328
1342.1,6:20:10.98 PM,1.5959328
1342.2,6:20:11.09 PM,1.5959328
1342.3,6:20:11.19 PM,1.5959328
1342.4,6:20:11.29 PM,1.5959328
1342.5,6:20:11.40 PM,1.5959328
1342.6,6:20:11.50 PM,1.5959328
1342.7,6:20:11.60 PM,1.5959328
1342.8,6:20:11.71 PM,1.5959328
1342.9,6:20:11.81 PM,1.5959328
1343.0,6:20:11.91 PM,1.5959328
1343.1,6:20:12.01 PM,1.5959328
1343.2,6:20:12.12 PM,1.5959328
1343.3,6:20:12.22 PM,1.5959328
1343.4,6:20:12.30 PM,1.5959328
1343.5,6:20:12.43 PM,1.5959328
1343.6,6:20:12.50 PM,1.5959328
1343.7,6:20:12.60 PM,1.5959328
1343.8,6:20:12.70 PM,1.5959328
1343.9,6:20:12.80 PM,1.5959328
1344.0,6:20:12.90 PM,1.5959328
1344.1,6:20:13.00 PM,1.5959328
1344.2,6:20:13.10 PM,1.5959328
1344.3,6:20:13.16 PM,1.5959328
1344.4,6:20:13.26 PM,1.5959328
1344.5,6:20:13.37 PM,1.5959328
1344.6,6:20:13.47 PM,1.5959328
1344.7,6:20:13.57 PM,1.5959328
1344.8,6:20:13.67 PM,1.5959328
1344.9,6:20:13.78 PM,1.5959328
1345.0,6:20:13.88 PM,1.5959328
1345.1,6:20:13.98 PM,1.5959328
1345.2,6:20:14.09 PM,1.5959328
1345.3,6:20:14.19 PM,1.5959328
1345.4,6:20:14.29 PM,1.5959328
1345.5,6:20:14.40 PM,1.5959328
1345.6,6:20:14.50 PM,1.5959328
1345.7,6:20:14.61 PM,1.5959328
1345.8,6:20:14.71 PM,1.5959328
1345.9,6:20:14.80 PM,1.5959328
1346.0,6:20:14.90 PM,1.5959328
1346.1,6:20:15.02 PM,1.5959328
1346.2,6:20:15.12 PM,1.5959328
1346.3,6:20:15.23 PM,1.5959328
1346.4,6:20:15.30 PM,1.5959328
1346.5,6:20:15.43 PM,1.5959328
1346.6,6:20:15.50 PM,1.5959328
1346.7,6:20:15.60 PM,1.5959328
1346.8,6:20:15.70 PM,1.5959328
1346.9,6:20:15.80 PM,1.5959328
1347.0,6:20:15.90 PM,1.5959328
1347.1,6:20:16.00 PM,1.5959328
1347.2,6:20:16.10 PM,1.5959328
1347.3,6:20:16.16 PM,1.5959328
1347.4,6:20:16.30 PM,1.5959328
1347.5,6:20:16.40 PM,1.5959328
1347.6,6:20:16.46 PM,1.5959328
1347.7,6:20:16.56 PM,1.5959328
1347.8,6:20:16.66 PM,1.5959328
1347.9,6:20:16.77 PM,1.5959328
1348.0,6:20:16.87 PM,1.5959328
1348.1,6:20:16.97 PM,1.5959328
1348.2,6:20:17.08 PM,1.5959328
1348.3,6:20:17.18 PM,1.5959328
1348.4,6:20:17.28 PM,1.5959328
1348.5,6:20:17.39 PM,1.5959328
1348.6,6:20:17.49 PM,1.5959328
1348.7,6:20:17.59 PM,1.5959328
1348.8,6:20:17.69 PM,1.5959328
1348.9,6:20:17.80 PM,1.5959328
1349.0,6:20:17.90 PM,1.5959328
1349.1,6:20:18.00 PM,1.5959328
1349.2,6:20:18.10 PM,1.5959328
1349.3,6:20:18.21 PM,1.5959328
1349.4,6:20:18.31 PM,1.5959328
1349.5,6:20:18.42 PM,1.5959328
1349.6,6:20:18.52 PM,1.5959328
1349.7,6:20:18.62 PM,1.5959328
1349.8,6:20:18.70 PM,1.5959328
1349.9,6:20:18.80 PM,1.5959328
1350.0,6:20:18.90 PM,1.5959328
1350.1,6:20:19.00 PM,1.5959328
1350.2,6:20:19.10 PM,1.5959328
1350.3,6:20:19.20 PM,1.5959328
1350.4,6:20:19.30 PM,1.5959328
1350.5,6:20:19.40 PM,1.5959328
1350.6,6:20:19.50 PM,1.5959328
1350.7,6:20:19.60 PM,1.5959328
1350.8,6:20:19.66 PM,1.5959328
1350.9,6:20:19.76 PM,1.5959328
1351.0,6:20:19.86 PM,1.5959328
1351.1,6:20:19.97 PM,1.5959328
1351.2,6:20:20.07 PM,1.5959328
1351.3,6:20:20.18 PM,1.5959328
1351.4,6:20:20.28 PM,1.5959328
1351.5,6:20:20.39 PM,1.5959328
1351.6,6:20:20.49 PM,1.5959328
1351.7,6:20:20.59 PM,1.5959328
1351.8,6:20:20.70 PM,1.5959328
1351.9,6:20:20.80 PM,1.5959328
1352.0,6:20:20.90 PM,1.5959328
1352.1,6:20:21.00 PM,1.5959328
1352.2,6:20:21.11 PM,1.5959328
1352.3,6:20:21.21 PM,1.5959328
1352.4,6:20:21.30 PM,1.5959328
1352.5,6:20:21.42 PM,1.5959328
1352.6,6:20:21.53 PM,1.5959328
1352.7,6:20:21.60 PM,1.5959328
1352.8,6:20:21.70 PM,1.5959328
1352.9,6:20:21.80 PM,1.5959328
1353.0,6:20:21.90 PM,1.5959328
1353.1,6:20:22.00 PM,1.5959328
1353.2,6:20:22.10 PM,1.5959328
1353.3,6:20:22.20 PM,1.5959328
1353.4,6:20:22.26 PM,1.5959328
1353.5,6:20:22.37 PM,1.5959328
1353.6,6:20:22.47 PM,1.5959328
1353.7,6:20:22.57 PM,1.5959328
1353.8,6:20:22.68 PM,1.5959328
1353.9,6:20:22.78 PM,1.5959328
1354.0,6:20:22.88 PM,1.5959328
1354.1,6:20:22.98 PM,1.5959328
1354.2,6:20:23.09 PM,1.5959328
1354.3,6:20:23.19 PM,1.5959328
1354.4,6:20:23.29 PM,1.5959328
1354.5,6:20:23.40 PM,1.5959328
1354.6,6:20:23.50 PM,1.5959328
1354.7,6:20:23.60 PM,1.5959328
1354.8,6:20:23.70 PM,1.5959328
1354.9,6:20:23.80 PM,1.5959328
1355.0,6:20:23.91 PM,1.5959328
1355.1,6:20:24.01 PM,1.5959328
1355.2,6:20:24.12 PM,1.5959328
1355.3,6:20:24.22 PM,1.5959328
1355.4,6:20:24.30 PM,1.5959328
1355.5,6:20:24.43 PM,1.5959328
1355.6,6:20:24.50 PM,1.5959328
1355.7,6:20:24.60 PM,1.5959328
1355.8,6:20:24.70 PM,1.5959328
1355.9,6:20:24.80 PM,1.5959328
1356.0,6:20:24.90 PM,1.5959328
1356.1,6:20:25.00 PM,1.5959328
1356.2,6:20:25.10 PM,1.5959328
1356.3,6:20:25.20 PM,1.5959328
1356.4,6:20:25.30 PM,1.5959328
1356.5,6:20:25.36 PM,1.5959328
1356.6,6:20:25.47 PM,1.5959328
1356.7,6:20:25.57 PM,1.5959328
1356.8,6:20:25.67 PM,1.5959328
1356.9,6:20:25.78 PM,1.6987519999999998
1357.0,6:20:25.88 PM,1.6987519999999998
1357.1,6:20:25.98 PM,1.6987519999999998
1357.2,6:20:26.08 PM,1.6987519999999998
1357.3,6:20:26.19 PM,1.6987519999999998
1357.4,6:20:26.29 PM,1.6987519999999998
1357.5,6:20:26.40 PM,1.6987519999999998
1357.6,6:20:26.50 PM,1.6987519999999998
1357.7,6:20:26.60 PM,1.6987519999999998
1357.8,6:20:26.71 PM,1.6987519999999998
1357.9,6:20:26.80 PM,1.6987519999999998
1358.0,6:20:26.92 PM,1.6987519999999998
1358.1,6:20:27.02 PM,1.6987519999999998
1358.2,6:20:27.10 PM,1.6987519999999998
1358.3,6:20:27.20 PM,1.6987519999999998
1358.4,6:20:27.30 PM,1.6987519999999998
1358.5,6:20:27.40 PM,1.6987519999999998
1358.6,6:20:27.50 PM,1.6987519999999998
1358.7,6:20:27.60 PM,1.6987519999999998
1358.8,6:20:27.66 PM,1.6987519999999998
1358.9,6:20:27.76 PM,1.6987519999999998
1359.0,6:20:27.86 PM,1.6987519999999998
1359.1,6:20:27.97 PM,1.6987519999999998
1359.2,6:20:28.07 PM,1.6987519999999998
1359.3,6:20:28.17 PM,1.6987519999999998
1359.4,6:20:28.27 PM,1.6987519999999998
1359.5,6:20:28.38 PM,1.6987519999999998
1359.6,6:20:28.48 PM,1.6987519999999998
1359.7,6:20:28.58 PM,1.6987519999999998
1359.8,6:20:28.69 PM,1.6987519999999998
1359.9,6:20:28.80 PM,1.6987519999999998
1360.0,6:20:28.90 PM,1.6987519999999998
1360.1,6:20:29.00 PM,1.6987519999999998
1360.2,6:20:29.10 PM,1.6987519999999998
1360.3,6:20:29.21 PM,1.6987519999999998
1360.4,6:20:29.30 PM,1.6987519999999998
1360.5,6:20:29.40 PM,1.6987519999999998
1360.6,6:20:29.52 PM,1.6987519999999998
1360.7,6:20:29.60 PM,1.6987519999999998
1360.8,6:20:29.73 PM,1.6987519999999998
1360.9,6:20:29.80 PM,1.6987519999999998
1361.0,6:20:29.90 PM,1.6987519999999998
1361.1,6:20:30.03 PM,1.6987519999999998
1361.2,6:20:30.10 PM,1.6987519999999998
1361.3,6:20:30.20 PM,1.6987519999999998
1361.4,6:20:30.30 PM,1.6987519999999998
1361.5,6:20:30.40 PM,1.6987519999999998
1361.6,6:20:30.50 PM,1.6987519999999998
1361.7,6:20:30.60 PM,1.6987519999999998
1361.8,6:20:30.66 PM,1.6987519999999998
1361.9,6:20:30.77 PM,1.6987519999999998
1362.0,6:20:30.87 PM,1.6987519999999998
1362.1,6:20:30.97 PM,1.6987519999999998
1362.2,6:20:31.08 PM,1.6987519999999998
1362.3,6:20:31.18 PM,1.6987519999999998
1362.4,6:20:31.29 PM,1.6987519999999998
1362.5,6:20:31.39 PM,1.6987519999999998
1362.6,6:20:31.49 PM,1.6987519999999998
1362.7,6:20:31.59 PM,1.6987519999999998
1362.8,6:20:31.70 PM,1.6987519999999998
1362.9,6:20:31.80 PM,1.6987519999999998
1363.0,6:20:31.90 PM,1.6987519999999998
1363.1,6:20:32.01 PM,1.6987519999999998
1363.2,6:20:32.11 PM,1.6987519999999998
1363.3,6:20:32.22 PM,1.6987519999999998
1363.4,6:20:32.32 PM,1.6987519999999998
1363.5,6:20:32.40 PM,1.6987519999999998
1363.6,6:20:32.50 PM,1.6987519999999998
1363.7,6:20:32.60 PM,1.6987519999999998
1363.8,6:20:32.74 PM,1.6987519999999998
1363.9,6:20:32.80 PM,1.6987519999999998
1364.0,6:20:32.90 PM,1.6987519999999998
1364.1,6:20:33.00 PM,1.6987519999999998
1364.2,6:20:33.10 PM,1.6987519999999998
1364.3,6:20:33.20 PM,1.6987519999999998
1364.4,6:20:33.30 PM,1.6987519999999998
1364.5,6:20:33.36 PM,1.6987519999999998
1364.6,6:20:33.46 PM,1.6987519999999998
1364.7,6:20:33.57 PM,1.6987519999999998
1364.8,6:20:33.67 PM,1.6987519999999998
1364.9,6:20:33.77 PM,1.6987519999999998
1365.0,6:20:33.87 PM,1.6987519999999998
1365.1,6:20:33.98 PM,1.6987519999999998
1365.2,6:20:34.08 PM,1.6987519999999998
1365.3,6:20:34.19 PM,1.6987519999999998
1365.4,6:20:34.29 PM,1.6987519999999998
1365.5,6:20:34.40 PM,1.6987519999999998
1365.6,6:20:34.50 PM,1.6987519999999998
1365.7,6:20:34.60 PM,1.6987519999999998
1365.8,6:20:34.71 PM,1.6987519999999998
1365.9,6:20:34.80 PM,1.6987519999999998
1366.0,6:20:34.90 PM,1.6987519999999998
1366.1,6:20:35.02 PM,1.6987519999999998
1366.2,6:20:35.13 PM,1.6987519999999998
1366.3,6:20:35.20 PM,1.6987519999999998
1366.4,6:20:35.30 PM,1.6987519999999998
1366.5,6:20:35.40 PM,1.6987519999999998
1366.6,6:20:35.50 PM,1.6987519999999998
1366.7,6:20:35.60 PM,1.6987519999999998
1366.8,6:20:35.70 PM,1.6987519999999998
1366.9,6:20:35.76 PM,1.6987519999999998
1367.0,6:20:35.86 PM,1.6987519999999998
1367.1,6:20:35.96 PM,1.7971007999999997
1367.2,6:20:36.07 PM,1.7971007999999997
1367.3,6:20:36.17 PM,1.7971007999999997
1367.4,6:20:36.27 PM,1.7971007999999997
1367.5,6:20:36.38 PM,1.7971007999999997
1367.6,6:20:36.48 PM,1.7971007999999997
1367.7,6:20:36.59 PM,1.7971007999999997
1367.8,6:20:36.69 PM,1.7971007999999997
1367.9,6:20:36.79 PM,1.7971007999999997
1368.0,6:20:36.89 PM,1.7971007999999997
1368.1,6:20:37.00 PM,1.7971007999999997
1368.2,6:20:37.10 PM,1.7971007999999997
1368.3,6:20:37.20 PM,1.7971007999999997
1368.4,6:20:37.31 PM,1.7971007999999997
1368.5,6:20:37.41 PM,1.7971007999999997
1368.6,6:20:37.51 PM,1.7971007999999997
1368.7,6:20:37.61 PM,1.7971007999999997
1368.8,6:20:37.72 PM,1.7971007999999997
1368.9,6:20:37.80 PM,1.89992
1369.0,6:20:37.92 PM,1.89992
1369.1,6:20:38.03 PM,1.89992
1369.2,6:20:38.10 PM,1.89992
1369.3,6:20:38.20 PM,1.89992
1369.4,6:20:38.34 PM,1.89992
1369.5,6:20:38.40 PM,1.89992
1369.6,6:20:38.50 PM,1.89992
1369.7,6:20:38.60 PM,1.7971007999999997
1369.8,6:20:38.70 PM,1.7971007999999997
1369.9,6:20:38.80 PM,1.7971007999999997
1370.0,6:20:38.90 PM,1.7971007999999997
1370.1,6:20:39.00 PM,1.7971007999999997
1370.2,6:20:39.06 PM,1.7971007999999997
1370.3,6:20:39.17 PM,1.7971007999999997
1370.4,6:20:39.27 PM,1.7971007999999997
1370.5,6:20:39.38 PM,1.7971007999999997
1370.6,6:20:39.48 PM,1.7971007999999997
1370.7,6:20:39.58 PM,1.7971007999999997
1370.8,6:20:39.69 PM,1.7971007999999997
1370.9,6:20:39.79 PM,1.7971007999999997
1371.0,6:20:39.89 PM,1.7971007999999997
1371.1,6:20:40.00 PM,1.7971007999999997
1371.2,6:20:40.10 PM,1.7971007999999997
1371.3,6:20:40.21 PM,1.7971007999999997
1371.4,6:20:40.31 PM,1.7971007999999997
1371.5,6:20:40.42 PM,1.7971007999999997
1371.6,6:20:40.50 PM,1.7971007999999997
1371.7,6:20:40.62 PM,1.7971007999999997
1371.8,6:20:40.73 PM,1.7971007999999997
1371.9,6:20:40.80 PM,1.7971007999999997
1372.0,6:20:40.90 PM,1.7971007999999997
1372.1,6:20:41.00 PM,1.89992
1372.2,6:20:41.10 PM,1.89992
1372.3,6:20:41.20 PM,1.89992
1372.4,6:20:41.30 PM,1.89992
1372.5,6:20:41.40 PM,1.89992
1372.6,6:20:41.50 PM,1.89992
1372.7,6:20:41.60 PM,1.89992
1372.8,6:20:41.66 PM,1.89992
1372.9,6:20:41.76 PM,1.89992
1373.0,6:20:41.87 PM,1.89992
1373.1,6:20:41.97 PM,1.89992
1373.2,6:20:42.07 PM,1.89992
1373.3,6:20:42.18 PM,1.89992
1373.4,6:20:42.28 PM,1.89992
1373.5,6:20:42.39 PM,1.89992
1373.6,6:20:42.49 PM,1.89992
1373.7,6:20:42.60 PM,1.89992
1373.8,6:20:42.70 PM,1.89992
1373.9,6:20:42.80 PM,1.89992
1374.0,6:20:42.90 PM,1.89992
1374.1,6:20:43.01 PM,1.89992
1374.2,6:20:43.12 PM,1.89992
1374.3,6:20:43.20 PM,1.89992
1374.4,6:20:43.33 PM,1.89992
1374.5,6:20:43.40 PM,1.89992
1374.6,6:20:43.50 PM,1.89992
1374.7,6:20:43.63 PM,1.89992
1374.8,6:20:43.70 PM,1.89992
1374.9,6:20:43.80 PM,1.89992
1375.0,6:20:43.90 PM,1.89992
1375.1,6:20:44.00 PM,1.89992
1375.2,6:20:44.10 PM,1.89992
1375.3,6:20:44.16 PM,1.89992
1375.4,6:20:44.26 PM,1.89992
1375.5,6:20:44.37 PM,1.89992
1375.6,6:20:44.47 PM,1.89992
1375.7,6:20:44.57 PM,1.89992
1375.8,6:20:44.68 PM,1.89992
1375.9,6:20:44.78 PM,1.89992
1376.0,6:20:44.88 PM,1.89992
1376.1,6:20:44.99 PM,1.89992
1376.2,6:20:45.10 PM,1.89992
1376.3,6:20:45.20 PM,1.89992
1376.4,6:20:45.31 PM,1.89992
1376.5,6:20:45.41 PM,1.89992
1376.6,6:20:45.51 PM,1.89992
1376.7,6:20:45.62 PM,1.89992
1376.8,6:20:45.72 PM,1.89992
1376.9,6:20:45.82 PM,1.89992
1377.0,6:20:45.90 PM,1.89992
1377.1,6:20:46.03 PM,1.89992
1377.2,6:20:46.13 PM,1.89992
1377.3,6:20:46.23 PM,1.89992
1377.4,6:20:46.30 PM,1.89992
1377.5,6:20:46.40 PM,1.89992
1377.6,6:20:46.50 PM,1.89992
1377.7,6:20:46.60 PM,1.89992
1377.8,6:20:46.70 PM,1.89992
1377.9,6:20:46.80 PM,1.89992
1378.0,6:20:46.86 PM,1.89992
1378.1,6:20:46.96 PM,1.89992
1378.2,6:20:47.06 PM,1.89992
1378.3,6:20:47.17 PM,1.89992
1378.4,6:20:47.27 PM,1.89992
1378.5,6:20:47.38 PM,1.89992
1378.6,6:20:47.48 PM,1.89992
1378.7,6:20:47.58 PM,1.89992
1378.8,6:20:47.69 PM,1.89992
1378.9,6:20:47.79 PM,1.89992
1379.0,6:20:47.89 PM,1.89992
1379.1,6:20:48.00 PM,1.89992
1379.2,6:20:48.10 PM,1.89992
1379.3,6:20:48.20 PM,1.89992
1379.4,6:20:48.30 PM,1.89992
1379.5,6:20:48.41 PM,1.89992
1379.6,6:20:48.51 PM,1.89992
1379.7,6:20:48.60 PM,1.7971007999999997
1379.8,6:20:48.72 PM,1.7971007999999997
1379.9,6:20:48.83 PM,1.7971007999999997
1380.0,6:20:48.90 PM,1.7971007999999997
1380.1,6:20:49.03 PM,1.7971007999999997
1380.2,6:20:49.14 PM,1.7971007999999997
1380.3,6:20:49.20 PM,1.7971007999999997
1380.4,6:20:49.30 PM,1.7971007999999997
1380.5,6:20:49.40 PM,1.7971007999999997
1380.6,6:20:49.50 PM,1.7971007999999997
1380.7,6:20:49.60 PM,1.7971007999999997
1380.8,6:20:49.70 PM,1.7971007999999997
1380.9,6:20:49.80 PM,1.7971007999999997
1381.0,6:20:49.86 PM,1.7971007999999997
1381.1,6:20:49.96 PM,1.7971007999999997
1381.2,6:20:50.06 PM,1.7971007999999997
1381.3,6:20:50.17 PM,1.7971007999999997
1381.4,6:20:50.28 PM,1.7971007999999997
1381.5,6:20:50.39 PM,1.7971007999999997
1381.6,6:20:50.49 PM,1.7971007999999997
1381.7,6:20:50.60 PM,1.7971007999999997
1381.8,6:20:50.70 PM,1.7971007999999997
1381.9,6:20:50.81 PM,1.7971007999999997
1382.0,6:20:50.91 PM,1.7971007999999997
1382.1,6:20:51.01 PM,1.7971007999999997
1382.2,6:20:51.12 PM,1.7971007999999997
1382.3,6:20:51.23 PM,1.7971007999999997
1382.4,6:20:51.33 PM,1.6987519999999998
1382.5,6:20:51.40 PM,1.6987519999999998
1382.6,6:20:51.50 PM,1.6987519999999998
1382.7,6:20:51.60 PM,1.6987519999999998
1382.8,6:20:51.70 PM,1.6987519999999998
1382.9,6:20:51.80 PM,1.6987519999999998
1383.0,6:20:51.90 PM,1.6987519999999998
1383.1,6:20:52.00 PM,1.6987519999999998
1383.2,6:20:52.06 PM,1.6987519999999998
1383.3,6:20:52.16 PM,1.6987519999999998
1383.4,6:20:52.26 PM,1.6987519999999998
1383.5,6:20:52.37 PM,1.6987519999999998
1383.6,6:20:52.47 PM,1.6987519999999998
1383.7,6:20:52.58 PM,1.6987519999999998
1383.8,6:20:52.68 PM,1.6987519999999998
1383.9,6:20:52.78 PM,1.6987519999999998
1384.0,6:20:52.88 PM,1.6987519999999998
1384.1,6:20:53.00 PM,1.6987519999999998
1384.2,6:20:53.09 PM,1.6987519999999998
1384.3,6:20:53.19 PM,1.6987519999999998
1384.4,6:20:53.30 PM,1.6987519999999998
1384.5,6:20:53.39 PM,1.6987519999999998
1384.6,6:20:53.49 PM,1.6987519999999998
1384.7,6:20:53.60 PM,1.6987519999999998
1384.8,6:20:53.70 PM,1.6987519999999998
1384.9,6:20:53.80 PM,1.6987519999999998
1385.0,6:20:53.91 PM,1.6987519999999998
1385.1,6:20:54.01 PM,1.6987519999999998
1385.2,6:20:54.11 PM,1.6987519999999998
1385.3,6:20:54.21 PM,1.6987519999999998
1385.4,6:20:54.31 PM,1.6987519999999998
1385.5,6:20:54.40 PM,1.6987519999999998
1385.6,6:20:54.50 PM,1.6987519999999998
1385.7,6:20:54.60 PM,1.5959328
1385.8,6:20:54.73 PM,1.5959328
1385.9,6:20:54.80 PM,1.5959328
1386.0,6:20:54.90 PM,1.5959328
1386.1,6:20:55.00 PM,1.5959328
1386.2,6:20:55.10 PM,1.5959328
1386.3,6:20:55.20 PM,1.5959328
1386.4,6:20:55.30 PM,1.5959328
1386.5,6:20:55.36 PM,1.5959328
1386.6,6:20:55.47 PM,1.5959328
1386.7,6:20:55.57 PM,1.5959328
1386.8,6:20:55.67 PM,1.5959328
1386.9,6:20:55.78 PM,1.5959328
1387.0,6:20:55.88 PM,1.5959328
1387.1,6:20:55.98 PM,1.5959328
1387.2,6:20:56.08 PM,1.5959328
1387.3,6:20:56.19 PM,1.5959328
1387.4,6:20:56.30 PM,1.5959328
1387.5,6:20:56.40 PM,1.5959328
1387.6,6:20:56.50 PM,1.5959328
1387.7,6:20:56.61 PM,1.5959328
1387.8,6:20:56.71 PM,1.5959328
1387.9,6:20:56.81 PM,1.5959328
1388.0,6:20:56.91 PM,1.5959328
1388.1,6:20:57.02 PM,1.5959328
1388.2,6:20:57.12 PM,1.5959328
1388.3,6:20:57.20 PM,1.5959328
1388.4,6:20:57.30 PM,1.5959328
1388.5,6:20:57.40 PM,1.5959328
1388.6,6:20:57.50 PM,1.5959328
1388.7,6:20:57.60 PM,1.5959328
1388.8,6:20:57.70 PM,1.5959328
1388.9,6:20:57.80 PM,1.5959328
1389.0,6:20:57.90 PM,1.5959328
1389.1,6:20:58.00 PM,1.5959328
1389.2,6:20:58.10 PM,1.5959328
1389.3,6:20:58.20 PM,1.5959328
1389.4,6:20:58.30 PM,1.497584
1389.5,6:20:58.40 PM,1.497584
1389.6,6:20:58.50 PM,1.497584
1389.7,6:20:58.60 PM,1.497584
1389.8,6:20:58.70 PM,1.497584
1389.9,6:20:58.76 PM,1.497584
1390.0,6:20:58.86 PM,1.497584
1390.1,6:20:58.96 PM,1.497584
1390.2,6:20:59.07 PM,1.497584
1390.3,6:20:59.17 PM,1.497584
1390.4,6:20:59.27 PM,1.497584
1390.5,6:20:59.38 PM,1.497584
1390.6,6:20:59.48 PM,1.497584
1390.7,6:20:59.58 PM,1.497584
1390.8,6:20:59.68 PM,1.497584
1390.9,6:20:59.79 PM,1.497584
1391.0,6:20:59.89 PM,1.497584
1391.1,6:20:59.99 PM,1.497584
1391.2,6:21:00.10 PM,1.497584
1391.3,6:21:00.20 PM,1.497584
1391.4,6:21:00.30 PM,1.497584
1391.5,6:21:00.41 PM,1.497584
1391.6,6:21:00.51 PM,1.497584
1391.7,6:21:00.61 PM,1.497584
1391.8,6:21:00.72 PM,1.497584
1391.9,6:21:00.80 PM,1.497584
1392.0,6:21:00.92 PM,1.497584
1392.1,6:21:01.03 PM,1.497584
1392.2,6:21:01.10 PM,1.497584
1392.3,6:21:01.20 PM,1.497584
1392.4,6:21:01.30 PM,1.497584
1392.5,6:21:01.40 PM,1.3992352
1392.6,6:21:01.50 PM,1.3992352
1392.7,6:21:01.60 PM,1.3992352
1392.8,6:21:01.70 PM,1.3992352
1392.9,6:21:01.80 PM,1.3992352
1393.0,6:21:01.90 PM,1.3992352
1393.1,6:21:01.96 PM,1.3992352
1393.2,6:21:02.06 PM,1.3992352
1393.3,6:21:02.17 PM,1.3992352
1393.4,6:21:02.27 PM,1.3992352
1393.5,6:21:02.38 PM,1.3992352
1393.6,6:21:02.48 PM,1.3992352
1393.7,6:21:02.58 PM,1.3992352
1393.8,6:21:02.69 PM,1.3992352
1393.9,6:21:02.79 PM,1.3992352
1394.0,6:21:02.89 PM,1.3992352
1394.1,6:21:03.00 PM,1.3992352
1394.2,6:21:03.10 PM,1.3992352
1394.3,6:21:03.21 PM,1.3992352
1394.4,6:21:03.31 PM,1.3992352
1394.5,6:21:03.40 PM,1.3992352
1394.6,6:21:03.52 PM,1.3992352
1394.7,6:21:03.62 PM,1.3992352
1394.8,6:21:03.72 PM,1.296416
1394.9,6:21:03.80 PM,1.296416
1395.0,6:21:03.90 PM,1.296416
1395.1,6:21:04.03 PM,1.296416
1395.2,6:21:04.10 PM,1.296416
1395.3,6:21:04.24 PM,1.296416
1395.4,6:21:04.30 PM,1.296416
1395.5,6:21:04.40 PM,1.296416
1395.6,6:21:04.50 PM,1.296416
1395.7,6:21:04.60 PM,1.296416
1395.8,6:21:04.70 PM,1.296416
1395.9,6:21:04.80 PM,1.296416
1396.0,6:21:04.90 PM,1.296416
1396.1,6:21:05.00 PM,1.296416
1396.2,6:21:05.10 PM,1.296416
1396.3,6:21:05.16 PM,1.296416
1396.4,6:21:05.26 PM,1.296416
1396.5,6:21:05.36 PM,1.1980672
1396.6,6:21:05.47 PM,1.1980672
1396.7,6:21:05.57 PM,1.1980672
1396.8,6:21:05.67 PM,1.1980672
1396.9,6:21:05.78 PM,1.1980672
1397.0,6:21:05.88 PM,1.1980672
1397.1,6:21:05.98 PM,1.1980672
1397.2,6:21:06.09 PM,1.1980672
1397.3,6:21:06.19 PM,1.1980672
1397.4,6:21:06.29 PM,1.1980672
1397.5,6:21:06.40 PM,1.1980672
1397.6,6:21:06.50 PM,1.1980672
1397.7,6:21:06.60 PM,1.1980672
1397.8,6:21:06.70 PM,1.1980672
1397.9,6:21:06.81 PM,1.1980672
1398.0,6:21:06.91 PM,1.1980672
1398.1,6:21:07.01 PM,1.1980672
1398.2,6:21:07.12 PM,1.1980672
1398.3,6:21:07.22 PM,1.1980672
1398.4,6:21:07.32 PM,1.1980672
1398.5,6:21:07.42 PM,1.1980672
1398.6,6:21:07.52 PM,1.1980672
1398.7,6:21:07.63 PM,1.0997184
1398.8,6:21:07.70 PM,1.0997184
1398.9,6:21:07.80 PM,1.0997184
1399.0,6:21:07.93 PM,1.0997184
1399.1,6:21:08.00 PM,1.0997184
1399.2,6:21:08.10 PM,1.0997184
1399.3,6:21:08.20 PM,1.0997184
1399.4,6:21:08.30 PM,1.0997184
1399.5,6:21:08.40 PM,1.0997184
1399.6,6:21:08.50 PM,1.0997184
1399.7,6:21:08.60 PM,1.0997184
1399.8,6:21:08.70 PM,1.0997184
1399.9,6:21:08.80 PM,1.0997184
1400.0,6:21:08.90 PM,1.0997184
1400.1,6:21:09.00 PM,1.0997184
1400.2,6:21:09.06 PM,1.0997184
1400.3,6:21:09.17 PM,1.0997184
1400.4,6:21:09.27 PM,1.0997184
1400.5,6:21:09.37 PM,1.0997184
1400.6,6:21:09.47 PM,1.0997184
1400.7,6:21:09.58 PM,1.0997184
1400.8,6:21:09.68 PM,1.0997184
1400.9,6:21:09.78 PM,1.0997184
1401.0,6:21:09.89 PM,1.0997184
1401.1,6:21:09.99 PM,1.0997184
1401.2,6:21:10.09 PM,1.0997184
1401.3,6:21:10.20 PM,1.0997184
1401.4,6:21:10.30 PM,1.0997184
1401.5,6:21:10.41 PM,1.0997184
1401.6,6:21:10.51 PM,1.0997184
1401.7,6:21:10.61 PM,1.0997184
1401.8,6:21:10.71 PM,1.0997184
1401.9,6:21:10.81 PM,1.0997184
1402.0,6:21:10.91 PM,1.0997184
1402.1,6:21:11.02 PM,1.0997184
1402.2,6:21:11.12 PM,1.0997184
1402.3,6:21:11.22 PM,1.0997184
1402.4,6:21:11.32 PM,1.0997184
1402.5,6:21:11.40 PM,1.0997184
1402.6,6:21:11.53 PM,1.0997184
1402.7,6:21:11.63 PM,1.0997184
1402.8,6:21:11.70 PM,1.0997184
1402.9,6:21:11.80 PM,1.0997184
1403.0,6:21:11.90 PM,1.0997184
1403.1,6:21:12.00 PM,1.0997184
1403.2,6:21:12.10 PM,1.0997184
1403.3,6:21:12.20 PM,1.0997184
1403.4,6:21:12.30 PM,1.0997184
1403.5,6:21:12.40 PM,1.0997184
1403.6,6:21:12.50 PM,1.0997184
1403.7,6:21:12.60 PM,1.0997184
1403.8,6:21:12.66 PM,1.0997184
1403.9,6:21:12.76 PM,1.0997184
1404.0,6:21:12.87 PM,1.0997184
1404.1,6:21:12.97 PM,1.0997184
1404.2,6:21:13.07 PM,1.0997184
1404.3,6:21:13.18 PM,1.0997184
1404.4,6:21:13.29 PM,1.0997184
1404.5,6:21:13.39 PM,1.0997184
1404.6,6:21:13.50 PM,1.0997184
1404.7,6:21:13.60 PM,1.0997184
1404.8,6:21:13.71 PM,1.0997184
1404.9,6:21:13.81 PM,1.0997184
1405.0,6:21:13.91 PM,1.0997184
1405.1,6:21:14.02 PM,1.0997184
1405.2,6:21:14.10 PM,1.0997184
1405.3,6:21:14.23 PM,1.0997184
1405.4,6:21:14.30 PM,1.0997184
1405.5,6:21:14.40 PM,1.0997184
1405.6,6:21:14.50 PM,1.0997184
1405.7,6:21:14.60 PM,1.0997184
1405.8,6:21:14.70 PM,1.0997184
1405.9,6:21:14.80 PM,1.0997184
1406.0,6:21:14.90 PM,1.0997184
1406.1,6:21:15.00 PM,1.0997184
1406.2,6:21:15.10 PM,1.0997184
1406.3,6:21:15.16 PM,1.0997184
1406.4,6:21:15.26 PM,1.0997184
1406.5,6:21:15.36 PM,1.0997184
1406.6,6:21:15.47 PM,1.0997184
1406.7,6:21:15.57 PM,1.0997184
1406.8,6:21:15.67 PM,1.0997184
1406.9,6:21:15.78 PM,1.0997184
1407.0,6:21:15.88 PM,1.0997184
1407.1,6:21:15.98 PM,1.0997184
1407.2,6:21:16.08 PM,1.0997184
1407.3,6:21:16.19 PM,1.0997184
1407.4,6:21:16.29 PM,1.0997184
1407.5,6:21:16.40 PM,1.0997184
1407.6,6:21:16.50 PM,1.0997184
1407.7,6:21:16.60 PM,1.0997184
1407.8,6:21:16.70 PM,1.0997184
1407.9,6:21:16.80 PM,1.0997184
1408.0,6:21:16.91 PM,1.0997184
1408.1,6:21:17.01 PM,1.0997184
1408.2,6:21:17.10 PM,1.0997184
1408.3,6:21:17.21 PM,1.0997184
1408.4,6:21:17.30 PM,1.0997184
1408.5,6:21:17.40 PM,1.0997184
1408.6,6:21:17.52 PM,1.0997184
1408.7,6:21:17.63 PM,1.0997184
1408.8,6:21:17.70 PM,1.0997184
1408.9,6:21:17.80 PM,1.0997184
1409.0,6:21:17.90 PM,1.0997184
1409.1,6:21:18.00 PM,1.0997184
1409.2,6:21:18.10 PM,1.0997184
1409.3,6:21:18.20 PM,1.0997184
1409.4,6:21:18.26 PM,1.0997184
1409.5,6:21:18.36 PM,1.0997184
1409.6,6:21:18.47 PM,1.0997184
1409.7,6:21:18.57 PM,1.0997184
1409.8,6:21:18.67 PM,1.0997184
1409.9,6:21:18.78 PM,1.0997184
1410.0,6:21:18.88 PM,1.0997184
1410.1,6:21:18.98 PM,1.0997184
1410.2,6:21:19.09 PM,1.0997184
1410.3,6:21:19.19 PM,1.0997184
1410.4,6:21:19.30 PM,1.0997184
1410.5,6:21:19.40 PM,1.0997184
1410.6,6:21:19.50 PM,1.0997184
1410.7,6:21:19.60 PM,1.0997184
1410.8,6:21:19.71 PM,1.0997184
1410.9,6:21:19.82 PM,1.0997184
1411.0,6:21:19.92 PM,1.0997184
1411.1,6:21:20.00 PM,1.0997184
1411.2,6:21:20.10 PM,1.0997184
1411.3,6:21:20.20 PM,1.0997184
1411.4,6:21:20.34 PM,1.0997184
1411.5,6:21:20.40 PM,1.0997184
1411.6,6:21:20.50 PM,1.0997184
1411.7,6:21:20.60 PM,1.0997184
1411.8,6:21:20.70 PM,1.0997184
1411.9,6:21:20.80 PM,1.0997184
1412.0,6:21:20.90 PM,1.0997184
1412.1,6:21:21.00 PM,1.0997184
1412.2,6:21:21.06 PM,1.0997184
1412.3,6:21:21.16 PM,1.0997184
1412.4,6:21:21.27 PM,1.0997184
1412.5,6:21:21.37 PM,1.0997184
1412.6,6:21:21.48 PM,1.0997184
1412.7,6:21:21.58 PM,1.0997184
1412.8,6:21:21.69 PM,1.0997184
1412.9,6:21:21.79 PM,1.0997184
1413.0,6:21:21.90 PM,1.0997184
1413.1,6:21:22.00 PM,1.0997184
1413.2,6:21:22.10 PM,1.0997184
1413.3,6:21:22.21 PM,1.0997184
1413.4,6:21:22.31 PM,1.0997184
1413.5,6:21:22.41 PM,1.0997184
1413.6,6:21:22.50 PM,1.0997184
1413.7,6:21:22.60 PM,1.0997184
1413.8,6:21:22.72 PM,1.0997184
1413.9,6:21:22.80 PM,1.0997184
1414.0,6:21:22.92 PM,1.0997184
1414.1,6:21:23.02 PM,1.0997184
1414.2,6:21:23.13 PM,1.0997184
1414.3,6:21:23.23 PM,1.0997184
1414.4,6:21:23.30 PM,1.0997184
1414.5,6:21:23.40 PM,1.0997184
1414.6,6:21:23.50 PM,1.0997184
1414.7,6:21:23.60 PM,1.0997184
1414.8,6:21:23.70 PM,1.0997184
1414.9,6:21:23.80 PM,1.0997184
1415.0,6:21:23.90 PM,1.0997184
1415.1,6:21:24.00 PM,1.0997184
1415.2,6:21:24.10 PM,1.0997184
1415.3,6:21:24.16 PM,1.0997184
1415.4,6:21:24.27 PM,1.0997184
1415.5,6:21:24.37 PM,1.0997184
1415.6,6:21:24.47 PM,1.0997184
1415.7,6:21:24.57 PM,1.0997184
1415.8,6:21:24.68 PM,1.0997184
1415.9,6:21:24.78 PM,1.0997184
1416.0,6:21:24.89 PM,1.0997184
1416.1,6:21:24.99 PM,1.0997184
1416.2,6:21:25.10 PM,1.0997184
1416.3,6:21:25.20 PM,1.0997184
1416.4,6:21:25.30 PM,1.0997184
1416.5,6:21:25.41 PM,1.0997184
1416.6,6:21:25.51 PM,1.0997184
1416.7,6:21:25.60 PM,1.0997184
1416.8,6:21:25.70 PM,1.0997184
1416.9,6:21:25.80 PM,1.0997184
1417.0,6:21:25.90 PM,1.0997184
1417.1,6:21:26.02 PM,1.0997184
1417.2,6:21:26.10 PM,1.0997184
1417.3,6:21:26.23 PM,1.0997184
1417.4,6:21:26.33 PM,1.0997184
1417.5,6:21:26.43 PM,1.0997184
1417.6,6:21:26.54 PM,1.0997184
1417.7,6:21:26.60 PM,1.0997184
1417.8,6:21:26.70 PM,1.0997184
1417.9,6:21:26.80 PM,1.0997184
1418.0,6:21:26.90 PM,1.0997184
1418.1,6:21:27.00 PM,1.0997184
1418.2,6:21:27.10 PM,1.0997184
1418.3,6:21:27.20 PM,1.0997184
1418.4,6:21:27.30 PM,1.0997184
1418.5,6:21:27.36 PM,1.0997184
1418.6,6:21:27.46 PM,1.0997184
1418.7,6:21:27.56 PM,1.0997184
1418.8,6:21:27.67 PM,1.0997184
1418.9,6:21:27.77 PM,1.0997184
1419.0,6:21:27.87 PM,1.1980672
1419.1,6:21:27.98 PM,1.1980672
1419.2,6:21:28.08 PM,1.1980672
1419.3,6:21:28.18 PM,1.1980672
1419.4,6:21:28.29 PM,1.1980672
1419.5,6:21:28.39 PM,1.1980672
1419.6,6:21:28.49 PM,1.1980672
1419.7,6:21:28.59 PM,1.1980672
1419.8,6:21:28.70 PM,1.1980672
1419.9,6:21:28.80 PM,1.1980672
1420.0,6:21:28.90 PM,1.1980672
1420.1,6:21:29.00 PM,1.1980672
1420.2,6:21:29.11 PM,1.1980672
1420.3,6:21:29.20 PM,1.1980672
1420.4,6:21:29.32 PM,1.1980672
1420.5,6:21:29.42 PM,1.1980672
1420.6,6:21:29.52 PM,1.1980672
1420.7,6:21:29.60 PM,1.1980672
1420.8,6:21:29.70 PM,1.1980672
1420.9,6:21:29.80 PM,1.1980672
1421.0,6:21:29.93 PM,1.1980672
1421.1,6:21:30.00 PM,1.1980672
1421.2,6:21:30.10 PM,1.1980672
1421.3,6:21:30.20 PM,1.1980672
1421.4,6:21:30.30 PM,1.1980672
1421.5,6:21:30.40 PM,1.1980672
1421.6,6:21:30.50 PM,1.1980672
1421.7,6:21:30.60 PM,1.1980672
1421.8,6:21:30.70 PM,1.1980672
1421.9,6:21:30.76 PM,1.1980672
1422.0,6:21:30.86 PM,1.1980672
1422.1,6:21:30.96 PM,1.1980672
1422.2,6:21:31.07 PM,1.1980672
1422.3,6:21:31.17 PM,1.1980672
1422.4,6:21:31.28 PM,1.1980672
1422.5,6:21:31.38 PM,1.1980672
1422.6,6:21:31.48 PM,1.1980672
1422.7,6:21:31.59 PM,1.1980672
1422.8,6:21:31.69 PM,1.1980672
1422.9,6:21:31.79 PM,1.1980672
1423.0,6:21:31.90 PM,1.1980672
1423.1,6:21:32.00 PM,1.1980672
1423.2,6:21:32.10 PM,1.1980672
1423.3,6:21:32.20 PM,1.1980672
1423.4,6:21:32.31 PM,1.1980672
1423.5,6:21:32.41 PM,1.1980672
1423.6,6:21:32.51 PM,1.1980672
1423.7,6:21:32.60 PM,1.1980672
1423.8,6:21:32.72 PM,1.1980672
1423.9,6:21:32.80 PM,1.1980672
1424.0,6:21:32.90 PM,1.1980672
1424.1,6:21:33.00 PM,1.1980672
1424.2,6:21:33.10 PM,1.1980672
1424.3,6:21:33.20 PM,1.1980672
1424.4,6:21:33.30 PM,1.1980672
1424.5,6:21:33.40 PM,1.1980672
1424.6,6:21:33.50 PM,1.1980672
1424.7,6:21:33.60 PM,1.1980672
1424.8,6:21:33.70 PM,1.1980672
1424.9,6:21:33.76 PM,1.1980672
1425.0,6:21:33.86 PM,1.1980672
1425.1,6:21:33.97 PM,1.1980672
1425.2,6:21:34.07 PM,1.1980672
1425.3,6:21:34.17 PM,1.1980672
1425.4,6:21:34.28 PM,1.1980672
1425.5,6:21:34.38 PM,1.1980672
1425.6,6:21:34.48 PM,1.1980672
1425.7,6:21:34.58 PM,1.1980672
1425.8,6:21:34.69 PM,1.1980672
1425.9,6:21:34.79 PM,1.1980672
1426.0,6:21:34.89 PM,1.1980672
1426.1,6:21:35.00 PM,1.1980672
1426.2,6:21:35.10 PM,1.1980672
1426.3,6:21:35.20 PM,1.1980672
1426.4,6:21:35.30 PM,1.1980672
1426.5,6:21:35.41 PM,1.1980672
1426.6,6:21:35.50 PM,1.1980672
1426.7,6:21:35.62 PM,1.1980672
1426.8,6:21:35.72 PM,1.1980672
1426.9,6:21:35.80 PM,1.1980672
1427.0,6:21:35.93 PM,1.1980672
1427.1,6:21:36.03 PM,1.1980672
1427.2,6:21:36.13 PM,1.1980672
1427.3,6:21:36.20 PM,1.1980672
1427.4,6:21:36.30 PM,1.1980672
1427.5,6:21:36.40 PM,1.1980672
1427.6,6:21:36.50 PM,1.1980672
1427.7,6:21:36.60 PM,1.1980672
1427.8,6:21:36.70 PM,1.1980672
1427.9,6:21:36.80 PM,1.1980672
1428.0,6:21:36.90 PM,1.1980672
1428.1,6:21:36.96 PM,1.1980672
1428.2,6:21:37.07 PM,1.1980672
1428.3,6:21:37.17 PM,1.1980672
1428.4,6:21:37.28 PM,1.1980672
1428.5,6:21:37.39 PM,1.1980672
1428.6,6:21:37.49 PM,1.1980672
1428.7,6:21:37.59 PM,1.1980672
1428.8,6:21:37.70 PM,1.1980672
1428.9,6:21:37.80 PM,1.1980672
1429.0,6:21:37.91 PM,1.1980672
1429.1,6:21:38.01 PM,1.1980672
1429.2,6:21:38.10 PM,1.1980672
1429.3,6:21:38.22 PM,1.1980672
1429.4,6:21:38.32 PM,1.1980672
1429.5,6:21:38.42 PM,1.296416
1429.6,6:21:38.50 PM,1.296416
1429.7,6:21:38.60 PM,1.296416
1429.8,6:21:38.73 PM,1.296416
1429.9,6:21:38.80 PM,1.296416
1430.0,6:21:38.90 PM,1.296416
1430.1,6:21:39.00 PM,1.296416
1430.2,6:21:39.10 PM,1.296416
1430.3,6:21:39.20 PM,1.296416
1430.4,6:21:39.30 PM,1.296416
1430.5,6:21:39.36 PM,1.296416
1430.6,6:21:39.46 PM,1.296416
1430.7,6:21:39.57 PM,1.296416
1430.8,6:21:39.68 PM,1.296416
1430.9,6:21:39.79 PM,1.296416
1431.0,6:21:39.89 PM,1.296416
1431.1,6:21:40.00 PM,1.296416
1431.2,6:21:40.10 PM,1.296416
1431.3,6:21:40.21 PM,1.296416
1431.4,6:21:40.31 PM,1.296416
1431.5,6:21:40.42 PM,1.296416
1431.6,6:21:40.52 PM,1.296416
1431.7,6:21:40.60 PM,1.296416
1431.8,6:21:40.73 PM,1.296416
1431.9,6:21:40.80 PM,1.296416
1432.0,6:21:40.93 PM,1.296416
1432.1,6:21:41.04 PM,1.296416
1432.2,6:21:41.10 PM,1.296416
1432.3,6:21:41.20 PM,1.296416
1432.4,6:21:41.30 PM,1.296416
1432.5,6:21:41.40 PM,1.296416
1432.6,6:21:41.50 PM,1.296416
1432.7,6:21:41.60 PM,1.296416
1432.8,6:21:41.70 PM,1.296416
1432.9,6:21:41.76 PM,1.296416
1433.0,6:21:41.87 PM,1.296416
1433.1,6:21:42.00 PM,1.296416
1433.2,6:21:42.07 PM,1.296416
1433.3,6:21:42.20 PM,1.296416
1433.4,6:21:42.28 PM,1.296416
1433.5,6:21:42.39 PM,1.296416
1433.6,6:21:42.49 PM,1.296416
1433.7,6:21:42.60 PM,1.296416
1433.8,6:21:42.70 PM,1.296416
1433.9,6:21:42.81 PM,1.296416
1434.0,6:21:42.90 PM,1.296416
1434.1,6:21:43.01 PM,1.296416
1434.2,6:21:43.12 PM,1.296416
1434.3,6:21:43.23 PM,1.296416
1434.4,6:21:43.33 PM,1.296416
1434.5,6:21:43.40 PM,1.296416
1434.6,6:21:43.50 PM,1.296416
1434.7,6:21:43.60 PM,1.296416
1434.8,6:21:43.70 PM,1.296416
1434.9,6:21:43.80 PM,1.296416
1435.0,6:21:43.90 PM,1.296416
1435.1,6:21:44.00 PM,1.296416
1435.2,6:21:44.10 PM,1.296416
1435.3,6:21:44.20 PM,1.296416
1435.4,6:21:44.30 PM,1.296416
1435.5,6:21:44.36 PM,1.296416
1435.6,6:21:44.46 PM,1.296416
1435.7,6:21:44.57 PM,1.296416
1435.8,6:21:44.67 PM,1.296416
1435.9,6:21:44.77 PM,1.296416
1436.0,6:21:44.87 PM,1.296416
1436.1,6:21:44.98 PM,1.296416
1436.2,6:21:45.08 PM,1.296416
1436.3,6:21:45.18 PM,1.296416
1436.4,6:21:45.29 PM,1.296416
1436.5,6:21:45.39 PM,1.296416
1436.6,6:21:45.49 PM,1.296416
1436.7,6:21:45.59 PM,1.296416
1436.8,6:21:45.70 PM,1.296416
1436.9,6:21:45.80 PM,1.296416
1437.0,6:21:45.90 PM,1.296416
1437.1,6:21:46.01 PM,1.296416
1437.2,6:21:46.11 PM,1.296416
1437.3,6:21:46.22 PM,1.296416
1437.4,6:21:46.32 PM,1.296416
1437.5,6:21:46.42 PM,1.296416
1437.6,6:21:46.50 PM,1.296416
1437.7,6:21:46.60 PM,1.296416
1437.8,6:21:46.70 PM,1.296416
1437.9,6:21:46.83 PM,1.296416
1438.0,6:21:46.90 PM,1.296416
1438.1,6:21:47.00 PM,1.296416
1438.2,6:21:47.10 PM,1.296416
1438.3,6:21:47.20 PM,1.296416
1438.4,6:21:47.30 PM,1.296416
1438.5,6:21:47.40 PM,1.296416
1438.6,6:21:47.50 PM,1.296416
1438.7,6:21:47.60 PM,1.296416
1438.8,6:21:47.66 PM,1.296416
1438.9,6:21:47.76 PM,1.296416
1439.0,6:21:47.86 PM,1.296416
1439.1,6:21:47.97 PM,1.296416
1439.2,6:21:48.07 PM,1.296416
1439.3,6:21:48.18 PM,1.296416
1439.4,6:21:48.28 PM,1.296416
1439.5,6:21:48.38 PM,1.296416
1439.6,6:21:48.49 PM,1.296416
1439.7,6:21:48.59 PM,1.296416
1439.8,6:21:48.69 PM,1.296416
1439.9,6:21:48.80 PM,1.296416
1440.0,6:21:48.90 PM,1.296416
1440.1,6:21:49.00 PM,1.296416
1440.2,6:21:49.11 PM,1.296416
1440.3,6:21:49.21 PM,1.296416
1440.4,6:21:49.30 PM,1.296416
1440.5,6:21:49.42 PM,1.296416
1440.6,6:21:49.50 PM,1.296416
1440.7,6:21:49.63 PM,1.296416
1440.8,6:21:49.73 PM,1.296416
1440.9,6:21:49.80 PM,1.296416
1441.0,6:21:49.90 PM,1.296416
1441.1,6:21:50.00 PM,1.296416
1441.2,6:21:50.10 PM,1.296416
1441.3,6:21:50.20 PM,1.296416
1441.4,6:21:50.30 PM,1.296416
1441.5,6:21:50.40 PM,1.296416
1441.6,6:21:50.50 PM,1.296416
1441.7,6:21:50.60 PM,1.296416
1441.8,6:21:50.70 PM,1.296416
1441.9,6:21:50.76 PM,1.296416
1442.0,6:21:50.86 PM,1.296416
1442.1,6:21:51.00 PM,1.296416
1442.2,6:21:51.07 PM,1.296416
1442.3,6:21:51.17 PM,1.296416
1442.4,6:21:51.27 PM,1.296416
1442.5,6:21:51.38 PM,1.296416
1442.6,6:21:51.48 PM,1.296416
1442.7,6:21:51.58 PM,1.296416
1442.8,6:21:51.69 PM,1.296416
1442.9,6:21:51.79 PM,1.296416
1443.0,6:21:51.89 PM,1.296416
1443.1,6:21:51.99 PM,1.296416
1443.2,6:21:52.10 PM,1.296416
1443.3,6:21:52.20 PM,1.296416
1443.4,6:21:52.31 PM,1.296416
1443.5,6:21:52.41 PM,1.296416
1443.6,6:21:52.50 PM,1.296416
1443.7,6:21:52.60 PM,1.296416
1443.8,6:21:52.73 PM,1.296416
1443.9,6:21:52.80 PM,1.296416
1444.0,6:21:52.93 PM,1.296416
1444.1,6:21:53.00 PM,1.296416
1444.2,6:21:53.10 PM,1.296416
1444.3,6:21:53.20 PM,1.296416
1444.4,6:21:53.30 PM,1.296416
1444.5,6:21:53.40 PM,1.296416
1444.6,6:21:53.50 PM,1.296416
1444.7,6:21:53.60 PM,1.296416
1444.8,6:21:53.70 PM,1.296416
1444.9,6:21:53.80 PM,1.296416
1445.0,6:21:53.90 PM,1.296416
1445.1,6:21:53.96 PM,1.296416
1445.2,6:21:54.06 PM,1.296416
1445.3,6:21:54.17 PM,1.296416
1445.4,6:21:54.27 PM,1.296416
1445.5,6:21:54.37 PM,1.296416
1445.6,6:21:54.48 PM,1.296416
1445.7,6:21:54.58 PM,1.296416
1445.8,6:21:54.68 PM,1.296416
1445.9,6:21:54.79 PM,1.296416
1446.0,6:21:54.89 PM,1.296416
1446.1,6:21:55.00 PM,1.296416
1446.2,6:21:55.10 PM,1.296416
1446.3,6:21:55.21 PM,1.296416
1446.4,6:21:55.31 PM,1.296416
1446.5,6:21:55.41 PM,1.296416
1446.6,6:21:55.50 PM,1.296416
1446.7,6:21:55.62 PM,1.296416
1446.8,6:21:55.72 PM,1.296416
1446.9,6:21:55.80 PM,1.296416
1447.0,6:21:55.90 PM,1.296416
1447.1,6:21:56.00 PM,1.296416
1447.2,6:21:56.14 PM,1.296416
1447.3,6:21:56.20 PM,1.296416
1447.4,6:21:56.30 PM,1.296416
1447.5,6:21:56.40 PM,1.296416
1447.6,6:21:56.50 PM,1.296416
1447.7,6:21:56.60 PM,1.296416
1447.8,6:21:56.66 PM,1.296416
1447.9,6:21:56.76 PM,1.296416
1448.0,6:21:56.86 PM,1.296416
1448.1,6:21:56.97 PM,1.296416
1448.2,6:21:57.07 PM,1.296416
1448.3,6:21:57.18 PM,1.296416
1448.4,6:21:57.29 PM,1.296416
1448.5,6:21:57.39 PM,1.296416
1448.6,6:21:57.49 PM,1.296416
1448.7,6:21:57.59 PM,1.296416
1448.8,6:21:57.70 PM,1.296416
1448.9,6:21:57.80 PM,1.296416
1449.0,6:21:57.90 PM,1.296416
1449.1,6:21:58.01 PM,1.296416
1449.2,6:21:58.10 PM,1.296416
1449.3,6:21:58.22 PM,1.296416
1449.4,6:21:58.32 PM,1.296416
1449.5,6:21:58.42 PM,1.296416
1449.6,6:21:58.50 PM,1.296416
1449.7,6:21:58.63 PM,1.296416
1449.8,6:21:58.70 PM,1.296416
1449.9,6:21:58.80 PM,1.296416
1450.0,6:21:58.90 PM,1.296416
1450.1,6:21:59.00 PM,1.296416
1450.2,6:21:59.10 PM,1.296416
1450.3,6:21:59.20 PM,1.296416
1450.4,6:21:59.30 PM,1.296416
1450.5,6:21:59.40 PM,1.296416
1450.6,6:21:59.50 PM,1.296416
1450.7,6:21:59.60 PM,1.296416
1450.8,6:21:59.70 PM,1.296416
1450.9,6:21:59.76 PM,1.296416
1451.0,6:21:59.86 PM,1.296416
1451.1,6:21:59.97 PM,1.296416
1451.2,6:22:00.07 PM,1.296416
1451.3,6:22:00.17 PM,1.296416
1451.4,6:22:00.27 PM,1.296416
1451.5,6:22:00.38 PM,1.296416
1451.6,6:22:00.48 PM,1.296416
1451.7,6:22:00.59 PM,1.296416
1451.8,6:22:00.70 PM,1.296416
1451.9,6:22:00.80 PM,1.296416
1452.0,6:22:00.90 PM,1.296416
1452.1,6:22:01.00 PM,1.296416
1452.2,6:22:01.11 PM,1.296416
1452.3,6:22:01.20 PM,1.296416
1452.4,6:22:01.30 PM,1.296416
1452.5,6:22:01.40 PM,1.296416
1452.6,6:22:01.50 PM,1.296416
1452.7,6:22:01.63 PM,1.296416
1452.8,6:22:01.70 PM,1.296416
1452.9,6:22:01.80 PM,1.296416
1453.0,6:22:01.90 PM,1.296416
1453.1,6:22:02.00 PM,1.296416
1453.2,6:22:02.10 PM,1.296416
1453.3,6:22:02.20 PM,1.296416
1453.4,6:22:02.30 PM,1.296416
1453.5,6:22:02.36 PM,1.296416
1453.6,6:22:02.46 PM,1.296416
1453.7,6:22:02.56 PM,1.296416
1453.8,6:22:02.67 PM,1.296416
1453.9,6:22:02.77 PM,1.296416
1454.0,6:22:02.88 PM,1.296416
1454.1,6:22:02.98 PM,1.296416
1454.2,6:22:03.08 PM,1.296416
1454.3,6:22:03.18 PM,1.296416
1454.4,6:22:03.29 PM,1.296416
1454.5,6:22:03.39 PM,1.296416
1454.6,6:22:03.50 PM,1.296416
1454.7,6:22:03.60 PM,1.296416
1454.8,6:22:03.70 PM,1.296416
1454.9,6:22:03.80 PM,1.296416
1455.0,6:22:03.91 PM,1.296416
1455.1,6:22:04.01 PM,1.296416
1455.2,6:22:04.11 PM,1.296416
1455.3,6:22:04.20 PM,1.296416
1455.4,6:22:04.32 PM,1.296416
1455.5,6:22:04.42 PM,1.296416
1455.6,6:22:04.50 PM,1.296416
1455.7,6:22:04.63 PM,1.296416
1455.8,6:22:04.70 PM,1.296416
1455.9,6:22:04.80 PM,1.296416
1456.0,6:22:04.90 PM,1.296416
1456.1,6:22:05.00 PM,1.296416
1456.2,6:22:05.10 PM,1.296416
1456.3,6:22:05.20 PM,1.296416
1456.4,6:22:05.26 PM,1.296416
1456.5,6:22:05.37 PM,1.296416
1456.6,6:22:05.47 PM,1.296416
1456.7,6:22:05.57 PM,1.1980672
1456.8,6:22:05.68 PM,1.1980672
1456.9,6:22:05.78 PM,1.1980672
1457.0,6:22:05.88 PM,1.1980672
1457.1,6:22:05.99 PM,1.1980672
1457.2,6:22:06.10 PM,1.296416
1457.3,6:22:06.20 PM,1.296416
1457.4,6:22:06.31 PM,1.296416
1457.5,6:22:06.40 PM,1.296416
1457.6,6:22:06.51 PM,1.296416
1457.7,6:22:06.60 PM,1.1980672
1457.8,6:22:06.72 PM,1.1980672
1457.9,6:22:06.80 PM,1.1980672
1458.0,6:22:06.90 PM,1.1980672
1458.1,6:22:07.02 PM,1.1980672
1458.2,6:22:07.13 PM,1.1980672
1458.3,6:22:07.23 PM,1.1980672
1458.4,6:22:07.30 PM,1.296416
1458.5,6:22:07.40 PM,1.296416
1458.6,6:22:07.50 PM,1.296416
1458.7,6:22:07.60 PM,1.296416
1458.8,6:22:07.70 PM,1.296416
1458.9,6:22:07.80 PM,1.296416
1459.0,6:22:07.90 PM,1.296416
1459.1,6:22:08.00 PM,1.296416
1459.2,6:22:08.10 PM,1.296416
1459.3,6:22:08.16 PM,1.296416
1459.4,6:22:08.26 PM,1.1980672
1459.5,6:22:08.36 PM,1.1980672
1459.6,6:22:08.46 PM,1.1980672
1459.7,6:22:08.57 PM,1.1980672
1459.8,6:22:08.67 PM,1.1980672
1459.9,6:22:08.77 PM,1.1980672
1460.0,6:22:08.87 PM,1.1980672
1460.1,6:22:08.98 PM,1.1980672
1460.2,6:22:09.08 PM,1.1980672
1460.3,6:22:09.18 PM,1.1980672
1460.4,6:22:09.29 PM,1.1980672
1460.5,6:22:09.40 PM,1.1980672
1460.6,6:22:09.50 PM,1.1980672
1460.7,6:22:09.61 PM,1.1980672
1460.8,6:22:09.71 PM,1.1980672
1460.9,6:22:09.82 PM,1.1980672
1461.0,6:22:09.90 PM,1.1980672
1461.1,6:22:10.03 PM,1.1980672
1461.2,6:22:10.10 PM,1.1980672
1461.3,6:22:10.20 PM,1.1980672
1461.4,6:22:10.30 PM,1.1980672
1461.5,6:22:10.40 PM,1.1980672
1461.6,6:22:10.50 PM,1.1980672
1461.7,6:22:10.60 PM,1.1980672
1461.8,6:22:10.70 PM,1.1980672
1461.9,6:22:10.80 PM,1.1980672
1462.0,6:22:10.90 PM,1.1980672
1462.1,6:22:11.00 PM,1.1980672
1462.2,6:22:11.10 PM,1.1980672
1462.3,6:22:11.20 PM,1.1980672
1462.4,6:22:11.27 PM,1.1980672
1462.5,6:22:11.37 PM,1.1980672
1462.6,6:22:11.47 PM,1.1980672
1462.7,6:22:11.57 PM,1.1980672
1462.8,6:22:11.68 PM,1.1980672
1462.9,6:22:11.78 PM,1.1980672
1463.0,6:22:11.88 PM,1.1980672
1463.1,6:22:11.98 PM,1.1980672
1463.2,6:22:12.09 PM,1.1980672
1463.3,6:22:12.19 PM,1.1980672
1463.4,6:22:12.30 PM,1.1980672
1463.5,6:22:12.40 PM,1.1980672
1463.6,6:22:12.51 PM,1.1980672
1463.7,6:22:12.61 PM,1.1980672
1463.8,6:22:12.71 PM,1.1980672
1463.9,6:22:12.80 PM,1.1980672
1464.0,6:22:12.90 PM,1.1980672
1464.1,6:22:13.02 PM,1.1980672
1464.2,6:22:13.10 PM,1.1980672
1464.3,6:22:13.20 PM,1.1980672
1464.4,6:22:13.33 PM,1.1980672
1464.5,6:22:13.40 PM,1.1980672
1464.6,6:22:13.50 PM,1.1980672
1464.7,6:22:13.60 PM,1.1980672
1464.8,6:22:13.70 PM,1.1980672
1464.9,6:22:13.80 PM,1.1980672
1465.0,6:22:13.90 PM,1.1980672
1465.1,6:22:14.00 PM,1.1980672
1465.2,6:22:14.10 PM,1.1980672
1465.3,6:22:14.20 PM,1.1980672
1465.4,6:22:14.30 PM,1.1980672
1465.5,6:22:14.36 PM,1.1980672
1465.6,6:22:14.46 PM,1.1980672
1465.7,6:22:14.57 PM,1.1980672
1465.8,6:22:14.67 PM,1.1980672
1465.9,6:22:14.78 PM,1.1980672
1466.0,6:22:14.88 PM,1.1980672
1466.1,6:22:14.98 PM,1.1980672
1466.2,6:22:15.09 PM,1.1980672
1466.3,6:22:15.19 PM,1.1980672
1466.4,6:22:15.29 PM,1.1980672
1466.5,6:22:15.39 PM,1.1980672
1466.6,6:22:15.49 PM,1.1980672
1466.7,6:22:15.59 PM,1.1980672
1466.8,6:22:15.70 PM,1.1980672
1466.9,6:22:15.80 PM,1.0997184
1467.0,6:22:15.90 PM,1.0997184
1467.1,6:22:16.01 PM,1.0997184
1467.2,6:22:16.11 PM,1.0997184
1467.3,6:22:16.21 PM,1.0997184
1467.4,6:22:16.30 PM,1.0997184
1467.5,6:22:16.40 PM,1.0997184
1467.6,6:22:16.50 PM,1.0997184
1467.7,6:22:16.60 PM,1.0997184
1467.8,6:22:16.73 PM,1.0997184
1467.9,6:22:16.80 PM,1.0997184
1468.0,6:22:16.90 PM,1.0997184
1468.1,6:22:17.00 PM,1.0997184
1468.2,6:22:17.10 PM,1.0997184
1468.3,6:22:17.20 PM,1.0997184
1468.4,6:22:17.30 PM,1.0997184
1468.5,6:22:17.40 PM,1.0997184
1468.6,6:22:17.50 PM,1.0997184
1468.7,6:22:17.56 PM,1.0997184
1468.8,6:22:17.66 PM,1.0997184
1468.9,6:22:17.77 PM,1.0997184
1469.0,6:22:17.87 PM,1.0997184
1469.1,6:22:17.97 PM,1.0997184
1469.2,6:22:18.07 PM,1.0997184
1469.3,6:22:18.18 PM,1.0997184
1469.4,6:22:18.28 PM,1.0997184
1469.5,6:22:18.39 PM,1.0997184
1469.6,6:22:18.49 PM,1.0997184
1469.7,6:22:18.59 PM,1.0997184
1469.8,6:22:18.69 PM,1.0997184
1469.9,6:22:18.80 PM,1.0997184
1470.0,6:22:18.90 PM,1.0997184
1470.1,6:22:19.00 PM,1.0997184
1470.2,6:22:19.11 PM,1.0997184
1470.3,6:22:19.20 PM,1.0997184
1470.4,6:22:19.31 PM,1.0997184
1470.5,6:22:19.42 PM,1.0997184
1470.6,6:22:19.50 PM,1.0997184
1470.7,6:22:19.60 PM,1.0997184
1470.8,6:22:19.72 PM,1.0997184
1470.9,6:22:19.80 PM,1.0997184
1471.0,6:22:19.93 PM,1.0997184
1471.1,6:22:20.00 PM,1.0997184
1471.2,6:22:20.10 PM,0.9968992
1471.3,6:22:20.20 PM,0.9968992
1471.4,6:22:20.30 PM,0.9968992
1471.5,6:22:20.40 PM,0.9968992
1471.6,6:22:20.50 PM,0.9968992
1471.7,6:22:20.60 PM,0.9968992
1471.8,6:22:20.66 PM,0.9968992
1471.9,6:22:20.77 PM,0.9968992
1472.0,6:22:20.87 PM,0.9968992
1472.1,6:22:20.97 PM,0.9968992
1472.2,6:22:21.07 PM,0.9968992
1472.3,6:22:21.18 PM,0.9968992
1472.4,6:22:21.28 PM,0.9968992
1472.5,6:22:21.39 PM,0.9968992
1472.6,6:22:21.49 PM,0.9968992
1472.7,6:22:21.59 PM,0.9968992
1472.8,6:22:21.70 PM,0.9968992
1472.9,6:22:21.80 PM,0.9968992
1473.0,6:22:21.90 PM,0.9968992
1473.1,6:22:22.01 PM,0.9968992
1473.2,6:22:22.11 PM,0.9968992
1473.3,6:22:22.22 PM,0.9968992
1473.4,6:22:22.32 PM,0.9968992
1473.5,6:22:22.40 PM,0.9968992
1473.6,6:22:22.50 PM,0.9968992
1473.7,6:22:22.60 PM,0.9968992
1473.8,6:22:22.70 PM,0.9968992
1473.9,6:22:22.80 PM,0.9968992
1474.0,6:22:22.90 PM,0.9968992
1474.1,6:22:23.00 PM,0.9968992
1474.2,6:22:23.10 PM,0.9968992
1474.3,6:22:23.20 PM,0.9968992
1474.4,6:22:23.30 PM,0.9968992
1474.5,6:22:23.40 PM,0.9968992
1474.6,6:22:23.50 PM,0.9968992
1474.7,6:22:23.60 PM,0.9968992
1474.8,6:22:23.70 PM,0.9968992
1474.9,6:22:23.76 PM,0.9968992
1475.0,6:22:23.87 PM,0.9968992
1475.1,6:22:23.97 PM,0.9968992
1475.2,6:22:24.07 PM,0.9968992
1475.3,6:22:24.17 PM,0.9968992
1475.4,6:22:24.28 PM,0.8985503999999999
1475.5,6:22:24.38 PM,0.8985503999999999
1475.6,6:22:24.48 PM,0.8985503999999999
1475.7,6:22:24.59 PM,0.8985503999999999
1475.8,6:22:24.69 PM,0.8985503999999999
1475.9,6:22:24.80 PM,0.8985503999999999
1476.0,6:22:24.90 PM,0.8985503999999999
1476.1,6:22:25.00 PM,0.8985503999999999
1476.2,6:22:25.11 PM,0.8985503999999999
1476.3,6:22:25.21 PM,0.8985503999999999
1476.4,6:22:25.31 PM,0.8985503999999999
1476.5,6:22:25.42 PM,0.8985503999999999
1476.6,6:22:25.50 PM,0.8985503999999999
1476.7,6:22:25.60 PM,0.8985503999999999
1476.8,6:22:25.72 PM,0.8985503999999999
1476.9,6:22:25.80 PM,0.8985503999999999
1477.0,6:22:25.90 PM,0.8985503999999999
1477.1,6:22:26.00 PM,0.8985503999999999
1477.2,6:22:26.10 PM,0.8985503999999999
1477.3,6:22:26.20 PM,0.8985503999999999
1477.4,6:22:26.30 PM,0.8985503999999999
1477.5,6:22:26.40 PM,0.8985503999999999
1477.6,6:22:26.50 PM,0.8985503999999999
1477.7,6:22:26.60 PM,0.8985503999999999
1477.8,6:22:26.66 PM,0.8985503999999999
1477.9,6:22:26.77 PM,0.8985503999999999
1478.0,6:22:26.87 PM,0.8985503999999999
1478.1,6:22:26.97 PM,0.8985503999999999
1478.2,6:22:27.07 PM,0.8985503999999999
1478.3,6:22:27.19 PM,0.8985503999999999
1478.4,6:22:27.29 PM,0.8985503999999999
1478.5,6:22:27.39 PM,0.8985503999999999
1478.6,6:22:27.49 PM,0.8985503999999999
1478.7,6:22:27.60 PM,0.8985503999999999
1478.8,6:22:27.70 PM,0.8985503999999999
1478.9,6:22:27.80 PM,0.9968992
1479.0,6:22:27.91 PM,0.9968992
1479.1,6:22:28.01 PM,0.9968992
1479.2,6:22:28.10 PM,0.9968992
1479.3,6:22:28.20 PM,0.9968992
1479.4,6:22:28.32 PM,0.9968992
1479.5,6:22:28.42 PM,0.9968992
1479.6,6:22:28.53 PM,0.9968992
1479.7,6:22:28.64 PM,0.9968992
1479.8,6:22:28.70 PM,0.9968992
1479.9,6:22:28.80 PM,0.9968992
1480.0,6:22:28.90 PM,0.9968992
1480.1,6:22:29.00 PM,0.9968992
1480.2,6:22:29.10 PM,0.9968992
1480.3,6:22:29.16 PM,0.9968992
1480.4,6:22:29.26 PM,0.9968992
1480.5,6:22:29.37 PM,0.9968992
1480.6,6:22:29.47 PM,0.9968992
1480.7,6:22:29.57 PM,0.9968992
1480.8,6:22:29.67 PM,0.9968992
1480.9,6:22:29.77 PM,0.9968992
1481.0,6:22:29.88 PM,0.9968992
1481.1,6:22:29.98 PM,0.9968992
1481.2,6:22:30.08 PM,0.9968992
1481.3,6:22:30.19 PM,0.9968992
1481.4,6:22:30.29 PM,0.9968992
1481.5,6:22:30.40 PM,0.9968992
1481.6,6:22:30.50 PM,0.9968992
1481.7,6:22:30.60 PM,0.9968992
1481.8,6:22:30.70 PM,0.9968992
1481.9,6:22:30.81 PM,0.9968992
1482.0,6:22:30.90 PM,0.9968992
1482.1,6:22:31.02 PM,0.9968992
1482.2,6:22:31.12 PM,0.9968992
1482.3,6:22:31.23 PM,0.9968992
1482.4,6:22:31.30 PM,0.9968992
1482.5,6:22:31.43 PM,0.9968992
1482.6,6:22:31.53 PM,0.9968992
1482.7,6:22:31.60 PM,0.9968992
1482.8,6:22:31.70 PM,0.9968992
1482.9,6:22:31.80 PM,0.9968992
1483.0,6:22:31.90 PM,0.9968992
1483.1,6:22:32.00 PM,0.9968992
1483.2,6:22:32.10 PM,0.9968992
1483.3,6:22:32.20 PM,0.9968992
1483.4,6:22:32.30 PM,0.9968992
1483.5,6:22:32.36 PM,0.9968992
1483.6,6:22:32.47 PM,0.9968992
1483.7,6:22:32.57 PM,0.9968992
1483.8,6:22:32.67 PM,0.9968992
1483.9,6:22:32.77 PM,0.9968992
1484.0,6:22:32.88 PM,0.9968992
1484.1,6:22:32.98 PM,0.9968992
1484.2,6:22:33.08 PM,0.9968992
1484.3,6:22:33.18 PM,0.9968992
1484.4,6:22:33.29 PM,0.9968992
1484.5,6:22:33.39 PM,0.8985503999999999
1484.6,6:22:33.50 PM,0.8985503999999999
1484.7,6:22:33.60 PM,0.8985503999999999
1484.8,6:22:33.70 PM,0.8985503999999999
1484.9,6:22:33.80 PM,0.8985503999999999
1485.0,6:22:33.90 PM,0.8985503999999999
1485.1,6:22:34.01 PM,0.8985503999999999
1485.2,6:22:34.11 PM,0.8985503999999999
1485.3,6:22:34.22 PM,0.8985503999999999
1485.4,6:22:34.30 PM,0.8985503999999999
1485.5,6:22:34.42 PM,0.8985503999999999
1485.6,6:22:34.50 PM,0.8985503999999999
1485.7,6:22:34.60 PM,0.8985503999999999
1485.8,6:22:34.73 PM,0.8985503999999999
1485.9,6:22:34.80 PM,0.0
